Jt,m3_plus_q4
0.05,0.9959251073237886
0.1,0.9871518098490637
0.15000000000000002,0.9817294883358417
0.2,0.9849940188320125
0.25,0.9936030597576126
0.30000000000000004,0.9993071449402993
0.35000000000000003,0.9970754053700042
0.4,0.9886988202809548
0.45,0.9815282417484822
0.5,0.9823821528413699
0.55,0.9902329506043194
0.6000000000000001,0.9972458680567242
0.65,0.9969701959650997
0.7000000000000001,0.9894839858886996
0.75,0.981081477512922
0.8,0.9794600860477419
0.8500000000000001,0.9859767041354257
0.9,0.9938700215382928
0.9500000000000001,0.9955629262864435
1.0,0.9893768594022404
1.05,0.9803094122227368
1.1,0.9763413426395812
1.1500000000000001,0.9810258551404696
1.2000000000000002,0.9892746449796357
1.25,0.9928408882492161
1.3,0.9882763738838672
1.35,0.9791115501566686
1.4000000000000001,0.9730971011213618
1.4500000000000002,0.9755859740985168
1.5,0.9835998230924329
1.55,0.9888245162909378
1.6,0.9861132961735958
1.6500000000000001,0.9773831689353119
1.7000000000000002,0.9697526992898724
1.75,0.9698568228013363
1.8,0.977029863714833
1.85,0.9835706137778346
1.9000000000000001,0.98284869133213
1.9500000000000002,0.9750291842688907
2.0,0.9662929380532809
2.0500000000000003,0.964012723704551
2.1,0.9697851513869321
2.15,0.9771781408337333
2.2,0.9784719472123481
2.25,0.9719727199829788
2.3000000000000003,0.9626737879844832
2.35,0.9581878117319944
2.4000000000000004,0.9621065388893719
2.45,0.9697931514012699
2.5,0.9730014456352974
2.5500000000000003,0.9681581882510785
2.6,0.9588364543869998
2.6500000000000004,0.9524693314138306
2.7,0.9542348480833627
2.75,0.9616089452861525
2.8000000000000003,0.9664890343514753
2.85,0.9635509644691411
2.9000000000000004,0.9547197400514855
2.95,0.9468995596877512
3.0,0.946389881823946
3.0500000000000003,0.9528587323447859
3.1,0.9590269287957117
3.1500000000000004,0.9581368890411153
3.2,0.9502681431241543
3.25,0.941484321282037
3.3000000000000003,0.9387536004571582
3.35,0.943800556204684
3.4000000000000004,0.9507537065317463
3.45,0.9519243916365752
3.5,0.9454354186071862
3.5500000000000003,0.9362044400535752
3.6,0.9314607297994666
3.6500000000000004,0.9346968791422926
3.7,0.9418555432148318
3.75,0.9449502308290987
3.8000000000000003,0.9401854244156095
3.85,0.9310263888169737
3.9000000000000004,0.924597636350576
3.95,0.9257930450122257
4.0,0.9325600024941324
4.05,0.9372874900337766
4.1000000000000005,0.9344931109497879
4.15,0.925909738171248
4.2,0.918207823475467
4.25,0.9172991514130983
4.3,0.9231220249028527
4.3500000000000005,0.9290526359948189
4.4,0.9283481023868948
4.45,0.9208110708664385
4.5,0.9123008305725584
4.55,0.9093786254252008
4.6000000000000005,0.9138042979805848
4.65,0.9204079581564965
4.7,0.9217616740978976
4.75,0.9156859016051094
4.800000000000001,0.9068611699205894
4.8500000000000005,0.9021445647918093
4.9,0.904855951287835
4.95,0.9115567793396779
5.0,0.9147757968490583
5.050000000000001,0.9104910559177287
5.1000000000000005,0.9018550904592042
5.15,0.8956625968184806
5.2,0.8964938934307333
5.25,0.9027309919081034
5.300000000000001,0.9074712535904191
5.3500000000000005,0.9051895840841081
5.4,0.8972347714598752
5.45,0.8899575050108197
5.5,0.8888900483842584
5.550000000000001,0.8941728407108603
5.6000000000000005,0.8999713843287699
5.65,0.8997588261290852
5.7,0.8929411871848087
5.75,0.8850206511013644
5.800000000000001,0.8821657548863043
5.8500000000000005,0.8861145496044629
5.9,0.8924389737650716
5.95,0.8942003599528314
6.0,0.8889076750243011
6.050000000000001,0.8808161680268544
6.1000000000000005,0.8763924869356245
6.15,0.878759820045882
6.2,0.8850657486863447
6.25,0.8885490920980776
6.300000000000001,0.8850659131349654
6.3500000000000005,0.877285440695402
6.4,0.8715966284699925
6.45,0.8722703724944565
6.5,0.8780561066403908
6.550000000000001,0.8828783385324064
6.6000000000000005,0.8813547635919244
6.65,0.8743507908970408
6.7,0.8677657221714395
6.75,0.8667589811500716
6.800000000000001,0.871608263312503
6.8500000000000005,0.8772985656470317
6.9,0.8777308259917735
6.95,0.8719199680546599
7.0,0.8648543283446722
7.050000000000001,0.8622885743158188
7.1000000000000005,0.8658964984377643
7.15,0.8719491656633686
7.2,0.874178275669816
7.25,0.8698928012824017
7.300000000000001,0.8627888824765606
7.3500000000000005,0.858875625185707
7.4,0.861057547822052
7.45,0.8669845493302537
7.5,0.8707151765586857
7.550000000000001,0.8681703581158292
7.6000000000000005,0.8614721060105239
7.65,0.8564956326166843
7.7,0.8571827716939656
7.75,0.862557278939604
7.800000000000001,0.8673941177197209
7.8500000000000005,0.8666656366032819
7.9,0.8607881302687955
7.95,0.8550889480460608
8.0,0.854316097221821
8.05,0.8588015230263198
8.1,0.8642964444186747
8.15,0.8653137501686767
8.200000000000001,0.8606093641611663
8.25,0.8545661541178592
8.3,0.8524564592263846
8.35,0.8558197283354707
8.4,0.8615209907991201
8.450000000000001,0.8640791912823985
8.5,0.8608053992888559
8.55,0.8548131421287725
8.6,0.8515629023683396
8.65,0.8536743149602506
8.700000000000001,0.8591695248427319
8.75,0.8629582251723159
8.8,0.8612532381373417
8.85,0.8556965914782797
8.9,0.8515606774256399
8.950000000000001,0.8523848289532743
9.0,0.8573317462380886
9.05,0.8619755731318588
9.1,0.8618472658165414
9.15,0.8570705812981969
9.200000000000001,0.8523472965323591
9.25,0.8519297827604673
9.3,0.8560725548796603
9.35,0.861175886840946
9.4,0.8625070040148687
9.450000000000001,0.8587846336489404
9.5,0.8537982395209557
9.55,0.8522516967757252
9.600000000000001,0.8554235642632428
9.65,0.8606116745483197
9.700000000000001,0.8631809285018437
9.75,0.8606928073345146
9.8,0.8557725405987116
9.850000000000001,0.8532637126453674
9.9,0.8553797350357119
9.950000000000001,0.86033004517663
10.0,0.8638453992079487
10.05,0.8626627959837205
10.100000000000001,0.8581187048317779
10.15,0.8548564517902546
10.200000000000001,0.8559008685998691
10.25,0.8603607855223427
10.3,0.8644987824689465
10.350000000000001,0.8645835767215845
10.4,0.8606813085270825
10.450000000000001,0.8569043147397633
10.5,0.8569168135106354
10.55,0.8607078982297468
10.600000000000001,0.8651518546484553
10.65,0.8663701524963678
10.700000000000001,0.8633082980826263
10.75,0.8592709613817664
10.8,0.8583347652839802
10.850000000000001,0.8613459088908829
10.9,0.8658163571455813
10.950000000000001,0.8679643381241613
11.0,0.8658585335701182
11.05,0.861814156222288
11.100000000000001,0.8600470051897582
11.15,0.8622211856938852
11.200000000000001,0.8664939940214582
11.25,0.869331248532939
11.3,0.8682086774046165
11.350000000000001,0.8643904244775089
11.4,0.8619377482660121
11.450000000000001,0.86325745359822
11.5,0.8671681305085244
11.55,0.8704520043944585
11.600000000000001,0.8702582638198514
11.65,0.8668599736219808
11.700000000000001,0.863888342837562
11.75,0.8643638769594362
11.8,0.8677999108688444
11.850000000000001,0.8713140239079953
11.9,0.871931820307287
11.950000000000001,0.8690920598519563
12.0,0.8657807526757594
12.05,0.8654437096440543
12.100000000000001,0.8683295228488318
12.15,0.8719009540793703
12.200000000000001,0.8731772949839435
12.25,0.8709704859054165
12.3,0.867499883661897
12.350000000000001,0.8664016457978713
12.4,0.8686821060209305
12.450000000000001,0.8721846031483017
12.5,0.8739607478139734
12.55,0.8723983841215454
12.600000000000001,0.8689356743183458
12.65,0.8671486167102708
12.700000000000001,0.8687766637377768
12.75,0.8721209662005956
12.8,0.8742581853097837
12.850000000000001,0.8733011015649791
12.9,0.8699857818891764
12.950000000000001,0.8676037228665785
13.0,0.8685356306495496
13.05,0.8716515206039619
13.100000000000001,0.8740463505964784
13.15,0.873626065235432
13.200000000000001,0.8705591515703142
13.25,0.8676939906347623
13.3,0.8678926988339154
13.350000000000001,0.8707095832451792
13.4,0.8732949069453926
13.450000000000001,0.873339060014258
13.5,0.8705799584882836
13.55,0.8673533418625076
13.600000000000001,0.8667971633693909
13.65,0.8692300736344128
13.700000000000001,0.8719624349231505
13.75,0.8724173361700778
13.8,0.8699907111468517
13.850000000000001,0.8665222570869011
13.9,0.8652142446096125
13.950000000000001,0.8671600032742983
14.0,0.8699978226368748
14.05,0.8708411230259977
14.100000000000001,0.8687530551909243
14.15,0.8651490187691867
14.200000000000001,0.8631222030789127
14.25,0.8644667893048493
14.3,0.8673471081399307
14.350000000000001,0.8685860393131289
14.4,0.8668452270842589
14.450000000000001,0.8631923690975355
14.5,0.8605080876843955
14.55,0.8611421924214734
14.600000000000001,0.8639641046682164
14.65,0.8656190989834404
14.700000000000001,0.8642561468527531
14.75,0.860624370131984
14.8,0.8573642214783982
14.850000000000001,0.8572011145665307
14.9,0.8598218265409397
14.950000000000001,0.8619002407464519
15.0,0.8609775031427165
15.05,0.8574317091807673
15.100000000000001,0.8536868905222201
15.15,0.8526761856302876
15.200000000000001,0.8549213502043979
15.25,0.8573896750174564
15.3,0.856996351677971
15.350000000000001,0.8536139650515783
15.4,0.8494774164210054
15.450000000000001,0.8476103957043308
15.5,0.8492954845565945
15.55,0.852059370769157
15.600000000000001,0.852291153708094
15.65,0.8491784358281084
15.700000000000001,0.844744427567728
15.75,0.8420504532569811
15.8,0.8430062750638895
15.850000000000001,0.845905437715232
15.9,0.846833474082238
15.950000000000001,0.8441326709238786
16.0,0.839505325479837
16.05,0.8360428768126956
16.1,0.8361373606978124
16.150000000000002,0.8389576307263285
16.2,0.840595832791199
16.25,0.838477236480202
16.3,0.8337850829144368
16.35,0.8296333389838036
16.400000000000002,0.8287838015050736
16.45,0.8312829704422146
16.5,0.8335640325596961
16.55,0.8322018165724226
16.6,0.8276116269832925
16.650000000000002,0.8228681334594511
16.7,0.8210425657130043
16.75,0.8229823064002137
16.8,0.8257505048472259
16.85,0.8252871028206967
16.900000000000002,0.8210087503926392
16.95,0.8157955697967693
17.0,0.813006171903262
17.05,0.8141809005609845
17.1,0.8172045618330239
17.150000000000002,0.8177131320339256
17.2,0.813989062147995
17.25,0.8084651143693302
17.3,0.8047603255486662
17.35,0.8050159416418792
17.400000000000002,0.8080162239698326
17.45,0.8094724057212793
17.5,0.8065502023643728
17.55,0.8009232261672182
17.6,0.7963845018894918
17.650000000000002,0.795624603671186
17.7,0.7983122677684344
17.75,0.8005841768210615
17.8,0.7986769485293158
17.85,0.7932066395958746
17.900000000000002,0.7879531461367026
17.95,0.7861355635035594
18.0,0.7882455960630613
18.05,0.7911055294759238
18.1,0.7903500056791644
18.150000000000002,0.7853355588397251
18.2,0.7795350554741391
18.25,0.776665108909935
18.3,0.7779810563369256
18.35,0.7811356615765366
18.400000000000002,0.7815598390026952
18.45,0.7773100557200591
18.5,0.7711896314463617
18.55,0.7673168910828022
18.6,0.7676816502673931
18.650000000000002,0.7708118546836197
18.7,0.7723218368096597
18.75,0.7691124167760196
18.8,0.7629605711585843
18.85,0.7581829147779268
18.900000000000002,0.7574983896198604
18.95,0.7602982239135965
19.0,0.7626882505143289
19.05,0.7607163350871272
19.1,0.7548693841347501
19.150000000000002,0.7493431409359925
19.200000000000003,0.747565186155445
19.25,0.7497705081667287
19.3,0.7527531316123467
19.35,0.7521013457760284
19.400000000000002,0.7469120399660717
19.450000000000003,0.7408621738539924
19.5,0.7379979455061325
19.55,0.7394010745900643
19.6,0.7426486166730987
19.650000000000002,0.7432687560207282
19.700000000000003,0.7390615590878963
19.75,0.7327834230744524
19.8,0.7288954314601792
19.85,0.7293476498752574
19.900000000000002,0.7325336125992911
19.950000000000003,0.7342544196176752
20.0,0.731277521796697
20.05,0.7251230172169517
20.1,0.7203391453713114
20.150000000000002,0.7197473820445524
20.200000000000003,0.7225781991095079
20.25,0.7251344571346333
20.3,0.7235209550273366
20.35,0.717866736533886
20.400000000000002,0.7123905150986138
20.450000000000003,0.7107155286946062
20.5,0.7129480557642892
20.55,0.7160221678030975
20.6,0.7157708711274244
20.650000000000002,0.7109727985227036
20.700000000000003,0.7050856066832071
20.75,0.7023463565925944
20.8,0.7037926023741167
20.85,0.7070571183414034
20.900000000000002,0.7080377911801972
20.950000000000003,0.704381537667741
21.0,0.6984294923946563
21.05,0.6947134194630743
21.1,0.6952386335304068
21.150000000000002,0.6983897092624841
21.200000000000003,0.7003703014432148
21.25,0.6980305278563066
21.3,0.692393454065632
21.35,0.6878673617706319
21.400000000000002,0.6873888785882342
21.450000000000003,0.690165568011846
21.5,0.6928528107750843
21.55,0.6918715085945825
21.6,0.6869178406497722
21.650000000000002,0.6818312791145136
21.700000000000003,0.6803231322875299
21.75,0.6825135585966635
21.8,0.6855954022932846
21.85,0.68588450604215
21.900000000000002,0.6819216845414678
21.950000000000003,0.6765955867543939
22.0,0.6740990910376556
22.05,0.6755393315374298
22.1,0.6787189959429836
22.150000000000002,0.6800852047781646
22.200000000000003,0.6773177540414197
22.25,0.67211543695959
22.3,0.6687509194171556
22.35,0.66932399317706
22.400000000000002,0.672340129372709
22.450000000000003,0.6745236807075402
22.5,0.673029560756187
22.55,0.6683134550569442
22.6,0.6642853818487969
22.650000000000002,0.6639256419576121
22.700000000000003,0.6665591795766835
22.75,0.6692752700068862
22.8,0.6690058482494511
22.85,0.6650889677177984
22.900000000000002,0.6606772643888108
22.950000000000003,0.6593809184870646
23.0,0.6614540643638502
23.05,0.6644266428337028
23.1,0.6652286805954499
23.150000000000002,0.662332579854379
23.200000000000003,0.6578669347542841
23.25,0.6557044899422737
23.3,0.6570791672453271
23.35,0.6600612694958838
23.400000000000002,0.6617131987431596
23.450000000000003,0.659942856760096
23.5,0.6557627259876868
23.55,0.6528860907262768
23.6,0.6534673808119341
23.650000000000002,0.6562480724948647
23.700000000000003,0.6584996716469751
23.75,0.6578408555724131
23.8,0.6542493927374855
23.85,0.6508865692768491
23.900000000000002,0.6506324725091709
23.950000000000003,0.6530353953581741
24.0,0.6556406998954226
24.05,0.6559787439900232
24.1,0.653201729442023
24.150000000000002,0.649635537803621
24.200000000000003,0.6485696098403086
24.25,0.6504502162816326
24.3,0.653187565732139
24.35,0.6543405452077301
24.400000000000002,0.6525004310992889
24.450000000000003,0.6490331845881449
24.5,0.6472534380521904
24.55,0.648500696985109
24.6,0.6511794350346352
24.650000000000002,0.6529354575824436
24.700000000000003,0.6520462476797482
24.75,0.6489575726751211
24.8,0.6466348381492246
24.85,0.6471793769599866
24.900000000000002,0.6496376111540684
24.950000000000003,0.6517863340385018
25.0,0.6517688520243722
25.05,0.6492767948468651
25.1,0.6466386510491912
25.150000000000002,0.6464647928854044
25.200000000000003,0.6485649716830411
25.25,0.6509170494613077
25.3,0.6516284499616241
25.35,0.6498634728369855
25.400000000000002,0.6471647546163404
25.450000000000003,0.646320679353974
25.5,0.6479489213783869
25.55,0.6503423151036434
25.6,0.6516103773030995
25.650000000000002,0.6506080497683548
25.700000000000003,0.6480938798784313
25.75,0.6466935181055227
25.8,0.6477653298813678
25.85,0.6500621819254271
25.900000000000002,0.6517149397337458
25.950000000000003,0.6514275464374302
26.0,0.6492978492631492
26.05,0.6475103566839112
26.1,0.6479812106653914
26.150000000000002,0.650061578539221
26.200000000000003,0.6519458906696313
26.25,0.6522678281735302
26.3,0.6506522012029058
26.35,0.6486790617623345
26.400000000000002,0.6485550643521836
26.450000000000003,0.6503135012305319
26.5,0.6523009008057968
26.55,0.6530994091087112
26.6,0.6520481309172165
26.650000000000002,0.650092432253972
26.700000000000003,0.6494352686140415
26.75,0.650783534395558
26.8,0.6527662695815754
26.85,0.6539086764758524
26.900000000000002,0.6534007380694279
26.950000000000003,0.6516361805804065
27.0,0.6505580291632383
27.05,0.6514334746120201
27.1,0.6533164382983256
27.150000000000002,0.6546875389962863
27.200000000000003,0.6546516827235707
27.25,0.6531992693794486
27.3,0.6518467920913608
27.35,0.6522227654183121
27.400000000000002,0.6539172355631004
27.450000000000003,0.6554245927392861
27.5,0.6557660588078675
27.55,0.6546840789040863
27.6,0.6532145512416003
27.650000000000002,0.6531077329573234
27.700000000000003,0.6545307873519806
27.75,0.6561000239864747
27.8,0.6567249666486189
27.85,0.6560137765346405
27.900000000000002,0.6545693786370399
27.950000000000003,0.6540397060682749
28.0,0.6551199238107043
28.05,0.6566850086503163
28.1,0.6575163553722935
28.150000000000002,0.6571350836827085
28.200000000000003,0.6558222091910918
28.25,0.6549636235239134
28.3,0.6556506016667916
28.35,0.6571448641214936
28.400000000000002,0.6581269230986673
28.450000000000003,0.6580160434861133
28.5,0.6568949403860861
28.55,0.6558185399667604
28.6,0.6560919503203463
28.650000000000002,0.6574441710009868
28.700000000000003,0.6585372249513568
28.75,0.6586398592572724
28.8,0.657726643180593
28.85,0.6565406587649553
28.900000000000002,0.6564145882846848
28.950000000000003,0.6575517940191965
29.0,0.6587209235229302
29.05,0.658996917305167
29.1,0.6582762074252846
29.150000000000002,0.6570684646983074
29.200000000000003,0.6565884967173147
29.25,0.6574441671564661
29.3,0.6586477576511194
29.35,0.6590774463960991
29.400000000000002,0.6585208369153247
29.450000000000003,0.6573486169850287
29.5,0.6565818132383612
29.55,0.6571060931135729
29.6,0.6582887467426218
29.650000000000002,0.6588668624861962
29.700000000000003,0.658451054925707
29.75,0.6573408476909391
29.8,0.6563614470611442
29.85,0.6565292781093384
29.900000000000002,0.6576216862034656
29.950000000000003,0.6583448800549035
30.0,0.6580638690984008
30.05,0.6570203408617143
30.1,0.6558956094088443
30.150000000000002,0.6557095691300423
30.200000000000003,0.6566351804733466
30.25,0.6574882680042011
30.3,0.6573561977876817
30.35,0.656376836938546
30.400000000000002,0.6551575113015704
30.450000000000003,0.6546441893403654
30.5,0.655330139688636
30.55,0.6562760659491063
30.6,0.6563204843236207
30.650000000000002,0.6554107241875051
30.700000000000003,0.6541289269710991
30.75,0.6533301145614923
30.8,0.6537185604478074
30.85,0.6546954598363384
30.900000000000002,0.6549437020511794
30.950000000000003,0.6541273049296414
31.0,0.6528022630184094
31.05,0.6517641719352322
31.1,0.6518202477155559
31.150000000000002,0.6527464764961092
31.200000000000003,0.6532099069845392
31.25,0.6525309861457601
31.3,0.651180222608652
31.35,0.6499446779419437
31.400000000000002,0.6496586946530534
31.450000000000003,0.6504441374154444
31.5,0.6511054404004109
31.55,0.6506211886082817
31.6,0.6492729411562727
31.650000000000002,0.647873755057363
31.700000000000003,0.6472574734670488
31.75,0.6478175266188447
31.8,0.6486251299071186
31.85,0.6483912805405774
31.900000000000002,0.6470933303902268
31.950000000000003,0.6455591346649395
32.0,0.6446381624610842
32.050000000000004,0.6449061395381884
32.1,0.6457775872643241
32.15,0.6458309493893769
32.2,0.6446520323957308
32.25,0.6430143933855802
32.300000000000004,0.6418201510184018
32.35,0.6417546462637722
32.4,0.642587996383086
32.45,0.6429313841903836
32.5,0.6419536420121761
32.550000000000004,0.6402571309664966
32.6,0.6388218772100683
32.65,0.638407601489267
32.7,0.639097521193037
32.75,0.6396917660869135
32.800000000000004,0.6389955942767725
32.85,0.6373053904109173
32.9,0.6356624677825912
32.95,0.6349055213914055
33.0,0.6353594372446385
33.050000000000004,0.6361251239730077
33.1,0.6357703692276888
33.15,0.6341733819145527
33.2,0.632362597598554
33.25,0.6312831429238663
33.300000000000004,0.6314330380907968
33.35,0.632261738922635
33.4,0.6322706414651112
33.45,0.630868032016876
33.5,0.6289437292533531
33.550000000000004,0.6275697995057088
33.6,0.6273769984456741
33.65,0.6281489443978009
33.7,0.6284960186749464
33.75,0.6273878354601491
33.800000000000004,0.6254256169849284
33.85,0.6237910330080023
33.9,0.6232439570645968
33.95,0.6238471944773906
34.0,0.6244594017009361
34.050000000000004,0.6237248862974503
34.1,0.6218228070597615
34.15,0.6199701403242174
34.2,0.619077550946402
34.25,0.6194233738236361
34.300000000000004,0.6201909748727615
34.35,0.6198699589115885
34.4,0.618141517902935
34.45,0.616128492889795
34.5,0.6149121705149615
34.550000000000004,0.6149431532319912
34.6,0.615738433243742
34.65,0.6158194294466417
34.7,0.6143784478240093
34.75,0.6122841220514256
34.800000000000004,0.6107746886388828
34.85,0.6104644427102521
34.9,0.611163120624516
34.95,0.6115820625028517
35.0,0.6105225979011714
35.050000000000004,0.6084489873850186
35.1,0.6066867532670108
35.15,0.6060335285130825
35.2,0.6065329824899443
35.25,0.6071835298389511
35.300000000000004,0.6065602158896618
35.35,0.6046261720196308
35.4,0.6026661878201581
35.45,0.601684451537007
35.5,0.6019142335145975
35.550000000000004,0.6026670680410641
35.6,0.6024818016920557
35.65,0.6008086108719358
35.7,0.5987266314899448
35.75,0.5974409925222353
35.800000000000004,0.5973640272196561
35.85,0.5980897837473926
35.9,0.5982892102399164
35.95,0.5969806365106561
36.0,0.5948755398417545
36.050000000000004,0.5933197547027456
36.1,0.5929260065343344
36.15,0.5935154500252908
36.2,0.5940006085520193
36.25,0.5931226782343196
36.300000000000004,0.5911116504117948
36.35,0.5893326235643693
36.4,0.5886295310712661
36.45,0.5890057657949915
36.5,0.589651531899667
36.550000000000004,0.5892182135378757
36.6,0.587423563102286
36.65,0.5854874088549622
36.7,0.5844920380132015
36.75,0.5846125494988565
36.800000000000004,0.5852914129020059
36.85,0.5852610415680828
36.9,0.5837909016186131
36.95,0.5817865140328207
37.0,0.5805229376850272
37.050000000000004,0.5803729765650603
37.1,0.5809763755936131
37.15,0.5812605576590254
37.2,0.5801886170405346
37.25,0.5782245992596728
37.300000000000004,0.5767270897561768
37.35,0.5763088461537448
37.4,0.5767603167824944
37.45,0.5772431459339725
37.5,0.5765937047746148
37.550000000000004,0.5747869157156569
37.6,0.5731063735352507
37.65,0.5724294056133603
37.7,0.572686880710972
37.75,0.573248954672032
37.800000000000004,0.5729924666389439
37.85,0.571449940686683
37.9,0.5696589452930265
37.95,0.5687360554158106
38.0,0.5687846081618491
38.050000000000004,0.5693248010576069
38.1,0.5693859543286032
38.15,0.5681850953623667
38.2,0.5663770110452135
38.25,0.5652267791248301
38.300000000000004,0.5650663884769327
38.35,0.5655152572333852
38.400000000000006,0.5657916147405903
38.45,0.5649650057244533
38.5,0.5632448024207324
38.550000000000004,0.5618985565703256
38.6,0.5615327967021658
38.650000000000006,0.5618546131057942
38.7,0.5622403122386501
38.75,0.5617705351731063
38.800000000000004,0.5602385261134558
38.85,0.5587471243826875
38.900000000000006,0.5581775741298325
38.95,0.5583621133980446
39.0,0.5587694297036654
39.050000000000004,0.5585962221560635
39.1,0.5573292821134753
39.150000000000006,0.5557647750389747
39.2,0.5549929300460046
39.25,0.5550416966709447
39.300000000000004,0.5554141076961999
39.35,0.555452078308905
39.400000000000006,0.5544886180681441
39.45,0.552937871292437
39.5,0.5519727054832501
39.550000000000004,0.5518858568464157
39.6,0.5521993641757014
39.650000000000006,0.5523608469772484
39.7,0.5516950849589659
39.75,0.5502459605965965
39.800000000000004,0.5491125585394858
39.85,0.5488818370415242
39.900000000000006,0.5491355581180467
39.95,0.5493513731743213
40.0,0.548939470477278
40.050000000000004,0.5476636848910681
40.1,0.5464077254293873
40.150000000000006,0.5460177036484273
40.2,0.5462184841017877
40.25,0.546450125844495
40.300000000000004,0.5462266354825062
40.35,0.5451653745620506
40.400000000000006,0.5438500010182037
40.45,0.5432861638687553
40.5,0.5434337432973944
40.550000000000004,0.5436736208504839
40.6,0.5435729907546996
40.650000000000006,0.5427308689252301
40.7,0.5414259061914891
40.75,0.5406851073522387
40.800000000000004,0.540763569260276
40.85,0.5410242280600087
40.900000000000006,0.5410002029226542
40.95,0.5403503334013857
41.0,0.5391174175919601
41.050000000000004,0.5382152905651908
41.1,0.538193564356209
41.150000000000006,0.538490673493249
41.2,0.5385271217592154
41.25,0.5380260083322255
41.300000000000004,0.5369053774018991
41.35,0.5358767522751594
41.400000000000006,0.5357170734215371
41.45,0.5360528953755206
41.5,0.5361626422815511
41.550000000000004,0.5357698781769344
41.6,0.5347743390571424
41.650000000000006,0.5336659763670872
41.7,0.5333360237834851
41.75,0.5336894177076533
41.800000000000004,0.5339019634849771
41.85,0.533597774337915
41.900000000000006,0.5327167636739951
41.95,0.5315753315425426
42.0,0.5310585185394419
42.050000000000004,0.5313846415738238
42.1,0.5317275480549091
42.150000000000006,0.531521821973054
42.2,0.5307345546042324
42.25,0.5295951330574427
42.300000000000004,0.5288946961992844
42.35,0.529133684472117
42.400000000000006,0.5296144460516741
42.45,0.5295438683126699
42.5,0.5288368877814913
42.550000000000004,0.5277173238200044
42.6,0.5268528883280519
42.650000000000006,0.5269434734389705
42.7,0.5275381466175437
42.75,0.5276522953186567
42.800000000000004,0.5270347630575688
42.85,0.5259388799041826
42.900000000000006,0.5249377291408849
42.95,0.5248302535507895
43.0,0.5254823352927543
43.050000000000004,0.5258234896240662
43.1,0.5253340715441845
43.150000000000006,0.524263022414486
43.2,0.523150780513922
43.25,0.5228149335439031
43.300000000000004,0.5234441278864292
43.35,0.5240276310003729
43.400000000000006,0.5237297007824911
43.45,0.5226971816162447
43.5,0.521492929009691
43.550000000000004,0.520918285298343
43.6,0.5214353902001185
43.650000000000006,0.5222369778603395
43.7,0.5222029887931035
43.75,0.5212480403098481
43.800000000000004,0.5199668869793618
43.85,0.5191577457576074
43.900000000000006,0.5194801878569437
43.95,0.5204340328412655
44.0,0.520723750683816
44.050000000000004,0.5199153042175993
44.1,0.518578011122546
44.150000000000006,0.517546588923945
44.2,0.5176096845571845
44.25,0.5186171312580838
44.300000000000004,0.5192565368613946
44.35,0.518686568029666
44.400000000000006,0.5173323909985482
44.45,0.5160949927440807
44.5,0.5158564648931939
44.550000000000004,0.5168019881888483
44.6,0.5177693305255444
44.650000000000006,0.5175354686263636
44.7,0.516232427519976
44.75,0.5148115868141624
44.800000000000004,0.5142500975202843
44.85,0.515019138632708
44.900000000000006,0.5162420966344563
44.95,0.5164242898917955
45.0,0.5152713720322021
45.050000000000004,0.5137038551239628
45.1,0.5128148944100424
45.150000000000006,0.5133084764903517
45.2,0.5146727211064112
45.25,0.5153106833439755
45.300000000000004,0.5144290063167853
45.35,0.512776367835486
45.400000000000006,0.5115696618133335
45.45,0.5117128067075354
45.5,0.5130788192136211
45.550000000000004,0.5141567601939854
45.6,0.5136705119631513
45.650000000000006,0.5120269465344508
45.7,0.5105283010811988
45.75,0.5102722695949228
45.800000000000004,0.5114952424139009
45.85,0.5129380182220563
45.900000000000006,0.5129496314417712
45.95,0.511442027980868
46.0,0.5096998163786516
46.050000000000004,0.509020764948908
46.1,0.5099683686146383
46.150000000000006,0.5116496563504641
46.2,0.5122158066206847
46.25,0.5109931847489382
46.300000000000004,0.5090867358054184
46.35,0.5079844409368299
46.400000000000006,0.5085490105130668
46.45,0.5103087088091987
46.5,0.5114236244270572
46.550000000000004,0.5106366865757144
46.6,0.5086819259701374
46.650000000000006,0.5071813900967196
46.7,0.5072858231041657
46.75,0.5089517228619607
46.800000000000004,0.5105421090532094
46.85,0.5103171440968434
46.900000000000006,0.508464832724647
46.95,0.5066213085345848
47.0,0.5062204937975506
47.050000000000004,0.5076289350849346
47.1,0.509561443429456
47.150000000000006,0.5099749658095832
47.2,0.5083988519016895
47.25,0.506304165775107
47.300000000000004,0.5053850447568143
47.35,0.5063966847448068
47.400000000000006,0.508495509222423
47.45,0.509556066773819
47.5,0.5084315273456108
47.550000000000004,0.50621773337919
47.6,0.504800681030526
47.650000000000006,0.5053099477289552
47.7,0.5073798591103433
47.75,0.5090214759784362
47.800000000000004,0.5084985585518569
47.85,0.5063347493370586
47.900000000000006,0.504477151804571
47.95,0.5044164131641332
48.0,0.5062659348688192
48.050000000000004,0.5083544731922719
48.1,0.5085314199942437
48.150000000000006,0.5066111372301467
48.2,0.5044117209489045
48.25,0.5037526883348248
48.300000000000004,0.5052131574209253
48.35,0.5075636049785628
48.400000000000006,0.5084671802821381
48.45,0.5069867679377044
48.5,0.5045874590607885
48.550000000000004,0.503342358558672
48.6,0.5042807549465184
48.650000000000006,0.5066810756527877
48.7,0.5082583149612397
48.75,0.5073896842820291
48.800000000000004,0.504971361183344
48.85,0.5031950893205802
48.900000000000006,0.5035208701235545
48.95,0.5057571720770312
49.0,0.5078802166764856
49.050000000000004,0.5077436846798797
49.1,0.5055133993677662
49.150000000000006,0.503305923939866
49.2,0.5029737736647861
49.25,0.5048522196609686
49.300000000000004,0.5073347192587889
49.35,0.5079780448371926
49.400000000000006,0.506147766080655
49.45,0.5036543546351558
49.5,0.5026651988680606
49.550000000000004,0.5040278981720652
49.6,0.5066490066399515
49.650000000000006,0.5080373626130354
49.7,0.5067971593505066
49.75,0.504203390322482
49.800000000000004,0.5026052085347679
49.85,0.503339554144138
49.900000000000006,0.5058703980541673
49.95,0.50788933500534
50.0,0.507380114441849
50.050000000000004,0.5048994045947695
50.1,0.5027878133446928
50.150000000000006,0.5028305566877797
50.2,0.5050583628708867
50.25,0.507528763994902
50.300000000000004,0.5078203870745289
50.35,0.505673770270197
50.400000000000006,0.5031907930077428
50.45,0.5025289850598906
50.5,0.504275536788193
50.550000000000004,0.5069770349709348
50.6,0.5080566084046406
50.650000000000006,0.5064470512195511
50.7,0.5037756655386416
50.75,0.5024462801255456
50.800000000000004,0.5035794461988347
50.85,0.5062773821009577
50.900000000000006,0.508050163146898
50.95,0.5071358701526221
51.0,0.5044882585965845
51.050000000000004,0.5025771514964525
51.1,0.5030161777743405
51.150000000000006,0.5054871379201199
51.2,0.507789588456319
51.25,0.5076617073989304
51.300000000000004,0.5052606303591307
51.35,0.5029000779277694
51.400000000000006,0.5026165297232467
51.45,0.5046686656873558
51.5,0.5072906145398792
51.550000000000004,0.5079601228019401
51.6,0.5060150205410213
51.650000000000006,0.5033780819867967
51.7,0.5023944838321802
51.75,0.5038807261541824
51.800000000000004,0.5065919797538045
51.85,0.5079885315806765
51.900000000000006,0.5066700614962236
51.95,0.5039599131077441
52.0,0.5023473641252014
52.050000000000004,0.5031716717691019
52.1,0.5057480540512245
52.150000000000006,0.507730858444065
52.2,0.5071487657721515
52.25,0.5045821298455633
52.300000000000004,0.5024569206079534
52.35,0.5025752170121129
52.400000000000006,0.5048198850754259
52.45,0.507198079203543
52.5,0.5073870795230012
52.550000000000004,0.50517266686943
52.6,0.5026907770358149
52.650000000000006,0.5021088047364062
52.7,0.5038664424559355
52.75,0.5064246019980236
52.800000000000004,0.5073413437559751
52.85,0.5056562212251838
52.900000000000006,0.5030040793913564
52.95,0.5017740003406548
53.0,0.5029375751655644
53.050000000000004,0.5054613559510358
53.1,0.5069930413830843
53.150000000000006,0.5059612356787901
53.2,0.5033415941503844
53.25,0.5015580648595276
53.300000000000004,0.50206960081486
53.35,0.5043671118893082
53.400000000000006,0.5063497432379691
53.45,0.5060275782488977
53.5,0.5036407498659449
53.550000000000004,0.5014359304843433
53.6,0.5012836902491701
53.650000000000006,0.5031998206069279
53.7,0.5054420298448203
53.75,0.5058134936907389
53.800000000000004,0.5038360546165919
53.85,0.5013721498918632
53.900000000000006,0.5005865255672153
53.95,0.502009576762991
54.0,0.5043170911694238
54.050000000000004,0.5053002830587007
54.1,0.5038649209456005
54.150000000000006,0.5013228532126355
54.2,0.4999722994631147
54.25,0.5008342559416283
54.300000000000004,0.5030304377723823
54.35,0.5044935460877245
54.400000000000006,0.5036743077910387
54.45,0.5012381264277282
54.5,0.49942508944770636
54.550000000000004,0.4996980884636706
54.6,0.5016375116057922
54.650000000000006,0.5034205957545479
54.7,0.5032270014211399
54.75,0.5010653385076377
54.800000000000004,0.49892094992688907
54.85,0.49861266441149643
54.900000000000006,0.5001868782225002
54.95,0.5021245829742185
55.0,0.5025060891019234
55.050000000000004,0.5007536913148637
55.1,0.49842957548628675
55.150000000000006,0.49757934850846747
55.2,0.4987161424622143
55.25,0.500656672684553
55.300000000000004,0.5015163992814515
55.35,0.5002597041319128
55.400000000000006,0.49791589000951875
55.45,0.49659196744725587
55.5,0.49725090993515764
55.550000000000004,0.4990680590206808
55.6,0.5002823592366603
55.650000000000006,0.4995527042807426
55.7,0.49734218533795377
55.75,0.49563891992218645
55.800000000000004,0.4958062701206359
55.85,0.4974035645210288
55.900000000000006,0.49884264432264264
55.95,0.4986189887703525
56.0,0.49667131398442066
56.050000000000004,0.49470442029038
56.1,0.4943896750020279
56.150000000000006,0.49569803775658855
56.2,0.49724286430707454
56.25,0.4974633857440596
56.300000000000004,0.4958709368776402
56.35,0.4937691973288416
56.400000000000006,0.4930039141107093
56.45,0.4939758984765051
56.5,0.49552807010569544
56.550000000000004,0.4961075175695294
56.6,0.4949181433423012
56.650000000000006,0.49281137441985773
56.7,0.49164917240441525
56.75,0.49225325525678093
56.800000000000004,0.4937368842488298
56.85,0.4945849748574622
56.900000000000006,0.49380322788320613
56.95,0.49180825572687187
57.0,0.490323775052927
57.050000000000004,0.4905413445843006
57.1,0.4918985320793068
57.150000000000006,0.4929345429829707
57.2,0.49253132162661517
57.25,0.49073929303611996
57.300000000000004,0.48902393461395144
57.35,0.4888498300472963
57.400000000000006,0.49003313244141367
57.45,0.4911932515824336
57.5,0.491121040597562
57.550000000000004,0.4895897883485258
57.6,0.4877433385023401
57.650000000000006,0.4871888026806468
57.7,0.48815460055988824
57.75,0.48939110470615715
57.800000000000004,0.4896001930674968
57.85,0.48835424124292404
57.900000000000006,0.4864735128224127
57.95,0.48556900752964244
58.0,0.4862747689946416
58.050000000000004,0.4875488309951629
58.1,0.4879995707458737
58.150000000000006,0.4870380206582973
58.2,0.48520549539337826
58.25,0.4840006295018694
58.300000000000004,0.48440709630934886
58.35,0.4856790215427459
58.400000000000006,0.4863465660368229
58.45,0.4856563934678956
58.5,0.48393260130221105
58.550000000000004,0.4824915967389182
58.6,0.482568666240552
58.650000000000006,0.4837899309716252
58.7,0.48466051931279
58.75,0.4842307825575551
58.800000000000004,0.48265331748861784
58.85,0.48104654171592176
58.900000000000006,0.48077993979657285
58.95,0.48189039621723684
59.0,0.482951202127147
59.050000000000004,0.4827831458448321
59.1,0.48137300006864403
59.150000000000006,0.47966719629707394
59.2,0.47906262654811194
59.25,0.47999406612263135
59.300000000000004,0.48122082629659746
59.35,0.4813301674780477
59.400000000000006,0.48010328775259636
59.45,0.4783542226091921
59.5,0.47743675891646425
59.550000000000004,0.47812150404982234
59.6,0.4794687914744175
59.650000000000006,0.4798791961127407
59.7,0.47885893289575665
59.75,0.4771096464543348
59.800000000000004,0.4759183062067808
59.85,0.4762995665383096
59.900000000000006,0.4776974818785107
59.95,0.4784274058767215
60.0,0.4776527898630754
60.050000000000004,0.4759385737254332
60.1,0.47451833420778383
60.150000000000006,0.4745584615648299
60.2,0.4759171273143787
60.25,0.4769646149682916
60.300000000000004,0.4764905721879412
60.35,0.4748489964709071
60.400000000000006,0.4732439219309035
60.45,0.4729276942952083
60.5,0.4741481425655504
60.550000000000004,0.47547894401777013
60.6,0.4753673205416923
60.650000000000006,0.47384921903082444
60.7,0.47210013592066863
60.75,0.4714324239250748
60.800000000000004,0.47242027935877295
60.85,0.47396350833148915
60.900000000000006,0.47426712436672624
60.95,0.47294347379934387
61.0,0.471091763179033
61.050000000000004,0.4700914538894021
61.1,0.47076902205914517
61.150000000000006,0.4724219923962091
61.2,0.47316660315387005
61.25,0.47212722574513144
61.300000000000004,0.4702235167735751
61.35,0.4689172694446405
61.400000000000006,0.46923054765705147
61.45,0.47087136574446287
61.5,0.4720413455051673
61.550000000000004,0.4713840831385265
61.6,0.4694980758256378
61.650000000000006,0.4679175618289456
61.7,0.46783694644422
61.75,0.4693409862799714
61.800000000000004,0.47087343119651714
61.85,0.47068591366067175
61.900000000000006,0.4689123425401471
61.95,0.46709697613846274
62.0,0.4666131288029013
62.050000000000004,0.46786852560817505
62.1,0.46965774690913625
62.150000000000006,0.4699967660591719
62.2,0.46845326922692093
62.25,0.46645772058554713
62.300000000000004,0.4655760290316475
62.35,0.4664941254844286
62.400000000000006,0.468405200611116
62.45,0.46927986565192276
62.5,0.4680951107032927
62.550000000000004,0.46599823508463367
62.6,0.4647356915562939
62.650000000000006,0.4652546332253027
62.7,0.46714196865886637
62.75,0.46850580508026296
62.800000000000004,0.46779973729543073
62.85,0.4657101007544529
62.900000000000006,0.4640970306389761
62.95,0.46417952936408513
63.0,0.4659051764048272
63.050000000000004,0.46765955278639204
63.1,0.4675207180339945
63.150000000000006,0.4655743643292967
63.2,0.4636608435454904
63.25,0.46328935111866976
63.300000000000004,0.4647364714559823
63.35,0.4667442453280662
63.400000000000006,0.46721056663750005
63.45,0.4655590302544593
63.5,0.46342311910951905
63.550000000000004,0.4625963531158118
63.6,0.46367545701203494
63.650000000000006,0.4657807643506223
63.7,0.46682934420028466
63.75,0.46561936316849906
63.800000000000004,0.46337261124817375
63.85,0.46210627145138916
63.900000000000006,0.4627547661964896
63.95,0.4648034196869206
64.0,0.46635222164793116
64.05,0.4657018240759702
64.10000000000001,0.46348764231176637
64.15,0.46181973537043425
64.2,0.4619977686933708
64.25,0.46385319539881853
64.3,0.4657738635518142
64.35000000000001,0.4657512040109699
64.4,0.46373374561925307
64.45,0.4617322237907323
64.5,0.461418819018046
64.55,0.46297060100492593
64.60000000000001,0.46510849033929214
64.65,0.4657193006378653
64.7,0.46406376286723705
64.75,0.46183231701817307
64.8,0.4610250116641379
64.85000000000001,0.4621900477275022
64.9,0.46438581445522803
64.95,0.4655728041972887
65.0,0.4644213261425846
65.05,0.46209897309327386
65.10000000000001,0.46081797799017893
65.15,0.4615369201088616
65.2,0.4636442425621703
65.25,0.4652982042091145
65.3,0.4647474938419182
65.35000000000001,0.46249925582725526
65.4,0.46079449339497947
65.45,0.4610274315012597
65.5,0.46292340291320616
65.55,0.46490243686702803
65.60000000000001,0.464989110304721
65.65,0.46298806568521267
65.7,0.4609454237995073
65.75,0.46067035408712326
65.8,0.4622580166782081
65.85000000000001,0.46440930387655655
65.9,0.46510670718185687
65.95,0.46351089218355057
66.0,0.46125348407344396
66.05,0.460469179306502
66.10000000000001,0.4616744463391685
66.15,0.4638529245437209
66.2,0.46507977842072534
66.25,0.46400958170814355
66.3,0.4616910180815165
66.35000000000001,0.46042337054259286
66.4,0.4611901962015716
66.45,0.46327022906087006
66.5,0.46490803858792773
66.55,0.4644299742542598
66.60000000000001,0.4622192490722946
66.65,0.460528020306141
66.7,0.4608156065969763
66.75,0.4626945587249914
66.8,0.4646085070162717
66.85000000000001,0.46472946294905537
66.9,0.4627900829418994
66.95,0.4607721130891178
67.0,0.4605563517799634
67.05,0.46215184234650664
67.10000000000001,0.4642094892638164
67.15,0.46488240821656424
67.2,0.4633506868177604
67.25,0.46113635657671387
67.3,0.4604153245353297
67.35000000000001,0.46165981022020025
67.4,0.46374334035575726
67.45,0.4648819515249809
67.5,0.4638500216202807
67.55,0.4615918916506261
67.60000000000001,0.46039301560004803
67.65,0.46122965932884413
67.7,0.46324006068349133
67.75,0.4647378795293508
67.8,0.4642456900450706
67.85000000000001,0.46210099776022184
67.9,0.4604863115626214
67.95,0.46086886667080057
68.0,0.4627232921030408
68.05,0.4644713733430476
68.10000000000001,0.46450921107352383
68.15,0.4626202353677419
68.2,0.4606864048823139
68.25,0.46058368696320634
68.3,0.4622093516560176
68.35000000000001,0.46410833518001604
68.4,0.46462825938680696
68.45,0.4631055515453338
68.5,0.4609769565519577
68.55,0.4603802594654439
68.60000000000001,0.4617089022493871
68.65,0.46367326143790566
68.7,0.464605345837046
68.75,0.46351807138751916
68.8,0.4613336302863548
68.85000000000001,0.4602639741087934
68.9,0.4612300729794301
68.95,0.4631852804488088
69.0,0.46445350968553506
69.05,0.4638289360205143
69.10000000000001,0.4617256395042192
69.15,0.46023750907169003
69.2,0.46078155190109304
69.25,0.46265714738148117
69.3,0.46419046500373173
69.35000000000001,0.46402178222760226
69.4,0.4621191847160385
69.45,0.46029848529262
69.5,0.46037441984455274
69.55,0.4620969853434835
69.60000000000001,0.46383302264323006
69.65,0.4640921989074791
69.7,0.46248189827491604
69.75,0.46043782811089345
69.8,0.4600221162130638
69.85000000000001,0.4615117234961441
69.9,0.46339340276851987
69.95,0.4640444610187423
70.0,0.46278696225489946
70.05,0.460639649698483
70.10000000000001,0.45973866588673845
70.15,0.460910772822804
70.2,0.4628783547426589
70.25,0.463886692886557
70.3,0.4630156113810123
70.35000000000001,0.460882869798708
70.4,0.4595359012850433
70.45,0.4603085829360451
70.5,0.46229105737212783
70.55,0.4636260763068603
70.60000000000001,0.4631572597419143
70.65,0.4611440985971073
70.7,0.45942071330783185
70.75,0.45972523438845325
70.8,0.4616349028841341
70.85000000000001,0.46326565939536546
70.9,0.46320729547851136
70.95,0.46140078929766154
71.0,0.4593932855343229
71.05,0.45918492228167473
71.10000000000001,0.4609177501542539
71.15,0.4628037690052876
71.2,0.46316338432789195
71.25,0.4616335401838664
71.3,0.45944684454906864
71.35000000000001,0.4587128475181953
71.4,0.4601551969324924
71.45,0.4622361687619987
71.5,0.46302164630148035
71.55,0.46182673677252495
71.60000000000001,0.4595688508164038
71.65,0.45833147084282977
71.7,0.4593718179593921
71.75,0.4615602251475417
71.8,0.4627741497090863
71.85000000000001,0.46196735097278785
71.9,0.4597429968566522
71.95,0.45805719142613116
72.0,0.45859997097855776
72.05,0.4607797338035193
72.10000000000001,0.46240876834641803
72.15,0.4620424272674347
72.2,0.4599510978477291
72.25,0.4578982637722368
72.3,0.4578764737284185
72.35000000000001,0.45990889241576044
72.4,0.46191169006778876
72.45,0.4620363410476286
72.5,0.4601740632368082
72.55,0.4578542551425812
72.60000000000001,0.4572380139677302
72.65,0.45897419163279135
72.7,0.46127199715030487
72.75,0.46192911698783873
72.8,0.4603915782378294
72.85000000000001,0.45791676793156494
72.9,0.45671642960692543
72.95,0.4580135994230703
73.0,0.460487053734868
73.05,0.46169685206244676
73.10000000000001,0.46058073309244946
73.15,0.4580707393202081
73.2,0.4563349124919565
73.25,0.4570731430832093
73.3,0.45956715108986074
73.35000000000001,0.46131464809428546
73.4,0.46071439738278847
73.45,0.45829554368806
73.5,0.4561057791974224
73.55,0.45620165234089827
73.60000000000001,0.4585380398976592
73.65,0.46076162396570847
73.7,0.46076043914025155
73.75,0.45856538215142983
73.8,0.4560298720349238
73.85000000000001,0.45544484802416363
73.9,0.4574405304161149
73.95,0.46002683695523156
74.0,0.46068279097009823
74.05,0.45884893800629084
74.10000000000001,0.45609713526995604
74.15,0.4548400253484709
74.2,0.45632708844793146
74.25,0.4591145531732674
74.3,0.4604448510271605
74.35000000000001,0.45910881805049253
74.4,0.45628765713744135
74.45,0.45441226933604545
74.5,0.45525609567121783
74.55,0.45804738649808047
74.60000000000001,0.46001492351789436
74.65,0.459301675850018
74.7,0.4565725596071206
74.75,0.45417257014696266
74.8,0.45428498512465576
74.85000000000001,0.4568663265124704
74.9,0.4593726279111965
74.95,0.45937994362684503
75.0,0.45691449751932833
75.05,0.4541176053814656
75.10000000000001,0.45346365302965475
75.15,0.4556274351537634
75.2,0.4585147272254071
75.25,0.4592957091757059
75.3,0.4572680366842738
75.35000000000001,0.45423056031502285
75.4,0.4528293254025339
75.45,0.4543957978226314
75.5,0.45745881545250133
75.55,0.4590065563960551
75.60000000000001,0.4575806055863996
75.65,0.45448230126056477
75.7,0.45240350560763115
75.75,0.45323795344504353
75.8,0.4562437578848665
75.85000000000001,0.45848239791360107
75.9,0.4577948513454217
75.95,0.4548324910555518
76.0,0.45219096661794145
76.05,0.45221431859742967
76.10000000000001,0.45492654609529404
76.15,0.4577117775866083
76.2,0.45785295466786036
76.25,0.4552307041251835
76.3,0.4521802406343186
76.35000000000001,0.4513729706932743
76.4,0.4535760883320301
76.45,0.4567060306572417
76.5,0.4577028132425552
76.55,0.4556180531314493
76.60000000000001,0.4523448799983779
76.65,0.45074562103460125
76.7,0.4522651697394333
76.75,0.4555000992840974
76.80000000000001,0.4573052159295378
76.85000000000001,0.455930056659608
76.9,0.45264494663981536
76.95,0.4503459009370462
77.0,0.45106218160295863
77.05000000000001,0.4541495758282241
77.10000000000001,0.45664052521141674
77.15,0.45610130007594246
77.2,0.4530286182669374
77.25,0.4501694831244817
77.30000000000001,0.45002412124066815
77.35000000000001,0.4527244495046956
77.4,0.45571322640031153
77.45,0.45607186886324047
77.5,0.4534342714620736
77.55000000000001,0.45019528420538485
77.60000000000001,0.4491918424707902
77.65,0.45130080363945074
77.7,0.4545530710477769
77.75,0.4557947628201783
77.80000000000001,0.453793680021839
77.85000000000001,0.4503871058302045
77.9,0.4485877945660287
77.95,0.44995212702501214
78.0,0.453212321005805
78.05000000000001,0.455242856715385
78.10000000000001,0.45403686984696223
78.15,0.4506954740210517
78.2,0.448215818168053
78.25,0.44874183689795444
78.30000000000001,0.4517595406311093
78.35000000000001,0.45441375531996375
78.4,0.45409866552414885
78.45,0.45105992110555826
78.5,0.44806221632583115
78.55000000000001,0.44771809166169807
78.60000000000001,0.45027120275167026
78.65,0.4533312201497451
78.7,0.45392621665142885
78.75,0.45141227909228177
78.80000000000001,0.44809737884711903
78.85000000000001,0.4469111996180537
78.9,0.4488228251588777
78.95,0.45204262434876413
79.0,0.45348612461110777
79.05000000000001,0.45168152013659935
79.10000000000001,0.44827762293691054
79.15,0.44633320818623334
79.2,0.44748130220195453
79.25,0.45061286484552276
79.30000000000001,0.4527695228930096
79.35000000000001,0.451800231399934
79.4,0.448547413047204
79.45,0.44597885381919006
79.5,0.44629956722489583
79.55000000000001,0.4491160184683504
79.60000000000001,0.45179375339985994
79.65,0.4517120913664176
79.7,0.44884248617678385
79.75,0.44582707897993196
79.80000000000001,0.4453139191642512
79.85000000000001,0.4476265056166478
79.9,0.45060005307905665
79.95,0.4513790322598759
80.0,0.4490944281294772
80.05000000000001,0.44584270277014254
80.10000000000001,0.44454358201198957
80.15,0.4462114757505665
80.2,0.44924766141224115
80.25,0.45078646212175644
80.30000000000001,0.4492368477500347
80.35000000000001,0.44597835273091296
80.4,0.44399162212223947
80.45,0.44492558132975857
80.5,0.44780565109448267
80.55000000000001,0.44994516660675893
80.60000000000001,0.4492126030246147
80.65,0.4461771667141372
80.7,0.4436463543832981
80.75,0.4438084703216736
80.80000000000001,0.44634428455877406
80.85000000000001,0.4488892643627946
80.9,0.44898084153250584
80.95,0.44637684049276355
81.0,0.4434827545975675
81.05000000000001,0.4428845232903626
81.10000000000001,0.4449276505022249
81.15,0.4476705976470412
81.2,0.44852226702280407
81.25,0.4465152441444507
81.30000000000001,0.44346394420925833
81.35000000000001,0.44216388561444603
81.4,0.4436087651752574
81.45,0.44635085959952764
81.5,0.4478412424755921
81.55000000000001,0.44653716468335064
81.60000000000001,0.4435432566263061
81.65,0.441643839496987
81.7,0.4424274500465407
81.75,0.4449932849402781
81.80000000000001,0.4469640617865617
81.85000000000001,0.44640103613446835
81.9,0.44366750976120384
81.95,0.4413099593154689
82.0,0.4414104529894392
82.05000000000001,0.44365568968449953
82.10000000000001,0.44593372522155506
82.15,0.4460841294946156
82.2,0.4437818039850805
82.25,0.4411370760993213
82.30000000000001,0.4405727737782397
82.35000000000001,0.44238606059091584
82.4,0.44480249159570956
82.45,0.4455848189012145
82.5,0.44383553009521526
82.55000000000001,0.44109056703161065
82.60000000000001,0.4399191381396762
82.65,0.4412209876652361
82.7,0.4436240324227687
82.75,0.44492121395948847
82.80000000000001,0.4437885748216464
82.85000000000001,0.4411286555175283
82.9,0.43944497731738486
82.95,0.44018634652159394
83.0,0.44244699177992675
83.05000000000001,0.4441264263638633
83.10000000000001,0.44361628512557716
83.15,0.4412061555985833
83.2,0.43913688801975276
83.25,0.4392990954995121
83.30000000000001,0.44131117079826065
83.35000000000001,0.44324168012843146
83.4,0.4433118339591821
83.45,0.4412794984777479
83.5,0.43897308927940126
83.55000000000001,0.4385690194421662
83.60000000000001,0.44024662468921083
83.65,0.44230905285428923
83.7,0.4428852384423109
83.75,0.44131218724941423
83.80000000000001,0.4389246243516052
83.85000000000001,0.43799967365937165
83.9,0.4392750329864747
83.95,0.44136564760162156
84.0,0.4423592126524184
84.05000000000001,0.4412793631109474
84.10000000000001,0.43895786800488534
84.15,0.43758843293509714
84.2,0.4384121189040896
84.25,0.44044043261861227
84.30000000000001,0.4417629631815676
84.35000000000001,0.4411701774067335
84.4,0.4390383537557702
84.45,0.4373261458064165
84.5,0.4376698325269793
84.55000000000001,0.4395540513350788
84.60000000000001,0.4411256334257271
84.65,0.4409871898781235
84.7,0.43913525895110606
84.75,0.43719719518743466
84.80000000000001,0.43705743149573983
84.85000000000001,0.43872094496039044
84.9,0.4404711598173798
84.95,0.4407428753248565
85.0,0.4392253891221344
85.05000000000001,0.43718065482363594
85.10000000000001,0.43658127017597276
85.15,0.43795249620069504
85.2,0.43981578870860455
85.25,0.4404542107938807
85.30000000000001,0.4392954371307495
85.35000000000001,0.43725274989012114
85.4,0.4362437561000757
85.45,0.43725979743076143
85.5,0.43916859127981395
85.55000000000001,0.44013692210422967
85.60000000000001,0.43934172056284865
85.65,0.4373901813937249
85.7,0.43604230807613537
85.75,0.4366550454530801
85.80000000000001,0.4385343371667999
85.85000000000001,0.4398010771069032
85.9,0.4393673720043118
85.95,0.43757335000362346
86.0,0.4359691265842728
86.05000000000001,0.43615125522633724
86.10000000000001,0.4379174030787722
86.15,0.4394492698895779
86.2,0.4393777897009928
86.25,0.4377883677508497
86.30000000000001,0.4360121861353489
86.35000000000001,0.4357606798434692
86.4,0.43732522716199945
86.45,0.43907778358803323
86.5,0.43937575783360333
86.55000000000001,0.4380270621232738
86.60000000000001,0.4361572539061714
86.65,0.4354927771387586
86.7,0.4367701763803719
86.75,0.4386801503399297
86.80000000000001,0.4393578058529717
86.85000000000001,0.4382848387133075
86.9,0.43639019674868684
86.95,0.43535263695533133
87.0,0.43626937878520033
87.05000000000001,0.4382517979015661
87.10000000000001,0.43931302255641097
87.15,0.4385570249610768
87.2,0.43669860958277273
87.25,0.4353404772401481
87.30000000000001,0.4358428045930903
87.35000000000001,0.43779423308017407
87.4,0.4392247693975083
87.45,0.43883489940555087
87.5,0.4370719917418132
87.55000000000001,0.4354522711284547
87.60000000000001,0.43551040993503737
87.65,0.43731750224532145
87.7,0.43907480581050273
87.75,0.43910281818229585
87.80000000000001,0.4375002338794984
87.85000000000001,0.4356810189377567
87.9,0.43528933517828594
87.95,0.4368403246081923
88.0,0.4388485798781374
88.05000000000001,0.4393375969144682
88.10000000000001,0.43797084117601787
88.15,0.4360178712077329
88.2,0.4351919515243467
88.25,0.4363880482547654
88.30000000000001,0.43854011747298727
88.35000000000001,0.4395106463591406
88.4,0.4384658667949124
88.45,0.4364523735464106
88.5,0.4352250781795386
88.55000000000001,0.4359891810262957
88.60000000000001,0.4381551437021908
88.65,0.4395924969664533
88.7,0.4389597763274794
88.75,0.4369715018666724
88.80000000000001,0.4353901518234112
88.85000000000001,0.4356715345911575
88.9,0.437711670075765
88.95,0.43955857929026326
89.0,0.43941931431374937
89.05000000000001,0.43755771312883757
89.10000000000001,0.4356837504704744
89.15,0.43545893917264034
89.2,0.4372380371928765
89.25,0.43939472771581967
89.30000000000001,0.4398059137805317
89.35000000000001,0.4381867395853076
89.4,0.43609780768639755
89.45,0.4353691030191277
89.5,0.4367690675938558
89.55000000000001,0.4391009682319144
89.60000000000001,0.4400804234503854
89.65,0.438826132267083
89.7,0.4366191044886781
89.75,0.4354126713561328
89.80000000000001,0.43634137797875033
89.85000000000001,0.43869266754464875
89.9,0.440209176304197
89.95,0.43943551180211554
90.0,0.4372280664773962
90.05000000000001,0.43559309786918515
90.10000000000001,0.43598894306570324
90.15,0.43819885462781577
90.2,0.44016995490966565
90.25,0.43996909374032056
90.30000000000001,0.4378973424059318
90.35000000000001,0.4359067475832948
90.4,0.4357397187402315
90.45,0.4376582385125326
90.5,0.43995638507610085
90.55000000000001,0.44038040813034013
90.60000000000001,0.4385909413224233
90.65,0.43634275158757885
90.7,0.43561364671386765
90.75,0.4371139444090886
90.80000000000001,0.4395796987139287
90.85000000000001,0.4406284257061388
90.9,0.43926475427708145
90.95,0.4368824519652442
91.0,0.4356218705554913
91.05000000000001,0.43660816035307487
91.10000000000001,0.439067490945366
91.15,0.44068378378465994
91.2,0.4398690366753988
91.25,0.4374986639791955
91.30000000000001,0.4357666774815001
91.35000000000001,0.4361777089120691
91.4,0.43845983653608095
91.45,0.4405336640857966
91.5,0.44035291213153716
91.55000000000001,0.4381553004296225
91.60000000000001,0.43604163354172626
91.65,0.435851118095269
91.7,0.4378037225662148
91.75,0.4401841593660916
91.80000000000001,0.4406703174575351
91.85000000000001,0.4388080417326168
91.9,0.4364315735544852
91.95,0.43564723455874166
92.0,0.43714705019069433
92.05000000000001,0.43965957406174194
92.10000000000001,0.4407862598171436
92.15,0.4394066220567679
92.2,0.4369124330104808
92.25,0.43557499536987193
92.30000000000001,0.4365333929992524
92.35000000000001,0.43899884655797505
92.4,0.440682008615713
92.45,0.43989892353962184
92.5,0.4374512399233811
92.55000000000001,0.4356337851880728
92.60000000000001,0.43599831381263476
92.65,0.4382499495356305
92.7,0.4403579967098089
92.75,0.4402365114704886
92.80000000000001,0.4380068059599522
92.85000000000001,0.4358138775535892
92.9,0.43556748386246297
92.95,0.437463540297325
93.0,0.43983371614752464
93.05000000000001,0.44038068680036924
93.10000000000001,0.4385316721196384
93.15,0.43609672200280464
93.2,0.4352563219939284
93.25,0.43668718193040607
93.30000000000001,0.4391446119673891
93.35000000000001,0.4403077924522463
93.4,0.4389756202595642
93.45,0.43645517998345496
93.5,0.4350705489640331
93.55000000000001,0.4359611334621813
93.60000000000001,0.43833670108404876
93.65,0.4400125311566064
93.7,0.43929059296919504
93.75,0.43685411055811746
93.80000000000001,0.43500700757491473
93.85000000000001,0.4353161341017182
93.9,0.4374601657018021
93.95,0.4395084512381052
94.0,0.4394363176277689
94.05000000000001,0.4372518427731608
94.10000000000001,0.43505430227631026
94.15,0.4347729937550931
94.2,0.4365633321802005
94.25,0.4388254263169546
94.30000000000001,0.43938551808888715
94.35000000000001,0.4376029547022667
94.4,0.4351931629031191
94.45,0.4343433581943917
94.5,0.43568819290683447
94.55000000000001,0.4380047069490654
94.60000000000001,0.439127498155259
94.65,0.4378624019814463
94.7,0.4353968066541849
94.75,0.4340308654828722
94.80000000000001,0.43486805225617964
94.85000000000001,0.43709273289617023
94.9,0.43866916265467926
94.95,0.4379905140207024
95.0,0.4356318188285454
95.05000000000001,0.43383205790936846
95.10000000000001,0.43412719176922515
95.15,0.43613516201702673
95.2,0.4380331429596743
95.25,0.43795790954216435
95.30000000000001,0.435860073436605
95.35000000000001,0.4337367751310471
95.4,0.4334818975487051
95.45,0.43517239231098975
95.5,0.43725344751406753
95.55000000000001,0.43774917844251227
95.60000000000001,0.4360419253366681
95.65,0.4337281907820887
95.7,0.4329419443369236
95.75,0.4342372855309658
95.80000000000001,0.43636973312856325
95.85000000000001,0.43736434497382287
95.9,0.4361404095954002
95.95,0.43378300254983
96.0,0.4325117295407641
96.05000000000001,0.4333550560364827
96.10000000000001,0.4354216537669824
96.15,0.4368176472581818
96.2,0.4361256781832455
96.25,0.4338723932855597
96.30000000000001,0.4321906239682061
96.35000000000001,0.4325446416064241
96.4,0.4344446400345576
96.45,0.4361338990026419
96.5,0.43597861096673446
96.55000000000001,0.43396417246252483
96.60000000000001,0.43197260615117805
96.65,0.4318205384101431
96.7,0.4334679147560273
96.75,0.4353434123457812
96.80000000000001,0.4356926017148196
96.85000000000001,0.43402604189563404
96.9,0.4318456877285349
96.95,0.43119413920829763
97.0,0.43251476192725263
97.05000000000001,0.4344768981536991
97.10000000000001,0.4352729543165888
97.15,0.4340293961503078
97.2,0.43179184148639244
97.25,0.43067400170973674
97.30000000000001,0.4316043382228099
97.35000000000001,0.43356173092245553
97.4,0.43473401296721265
97.45,0.43395270194015556
97.5,0.4317880089239484
97.55000000000001,0.43026503445164266
97.60000000000001,0.43075390585177237
97.65,0.4326204495516322
97.7,0.43409487414675885
97.75,0.4337834730888465
97.80000000000001,0.43180832847678186
97.85000000000001,0.4299671136009321
97.9,0.42998038648184983
97.95,0.4316715510443726
98.0,0.433375020670699
98.05000000000001,0.43351820869946744
98.10000000000001,0.4318271713434057
98.15,0.4297739350871019
98.2,0.4293005397557912
98.25,0.430731839498851
98.30000000000001,0.43259125726549785
98.35000000000001,0.4331602957880928
98.4,0.43182214536090935
98.45,0.4296728375018919
98.5,0.42872968798844535
98.55000000000001,0.42981911528329164
98.60000000000001,0.4317568538718993
98.65,0.432716588858296
98.7,0.4317761212546981
98.75,0.429645923174891
98.80000000000001,0.42827951360455624
98.85000000000001,0.42895397816293535
98.9,0.4308829810518692
98.95,0.4321939029153733
99.0,0.4316776098203899
99.05000000000001,0.4296722338376279
99.10000000000001,0.4279558253731981
99.15,0.42815993755383663
99.2,0.42998167705279766
99.25,0.43159675348903553
99.30000000000001,0.43151939196909794
99.35000000000001,0.42973025955033184
99.4,0.4277571797301672
99.45,0.42746169567961884
99.5,0.4290690498141193
99.55000000000001,0.43092725412357225
99.60000000000001,0.43129598377540124
99.65,0.42979988599548385
99.7,0.42767486057001514
99.75,0.4268821478282819
99.80000000000001,0.42816737481112016
99.85000000000001,0.4301872718795573
99.9,0.4310010512043758
99.95,0.42986309152886054
100.0,0.42769413528398054
100.05000000000001,0.42643908541363756
100.10000000000001,0.4273051816446166
100.15,0.4293820650401383
100.2,0.4306260300702465
100.25,0.42990321902838036
100.30000000000001,0.42779618144813253
100.35000000000001,0.4261426319782489
100.4,0.4265151442155318
100.45,0.42852404118579346
100.5,0.4301608373862943
100.55000000000001,0.4299032858929949
100.60000000000001,0.4279598451664815
100.65,0.42599408278111783
100.7,0.42583033647640806
100.75,0.427635198277436
100.80000000000001,0.42959678037213583
100.85000000000001,0.4298443176483805
100.9,0.4281625381121561
100.95,0.42598621970194783
101.0,0.4252799248830711
101.05000000000001,0.42674724882371684
101.10000000000001,0.42893088215674474
101.15,0.42970485959656524
101.2,0.42838003903133703
101.25,0.42610460694924707
101.30000000000001,0.4248854649375364
101.35000000000001,0.42589919072852134
101.4,0.42817021796879673
101.45,0.4294625044762054
101.5,0.4285855583361604
101.55000000000001,0.4263290831451362
101.60000000000001,0.4246586334240859
101.65,0.42513289858563036
101.7,0.4273347440583299
101.75,0.42909753909777093
101.80000000000001,0.42874892400834835
101.85000000000001,0.4266347557830924
101.9,0.4246006168391422
101.95,0.42448788409672356
102.0,0.4264575325551861
102.05000000000001,0.42859793565090687
102.10000000000001,0.4288369302042432
102.15,0.42699221350381933
102.2,0.4247027682367078
102.25,0.42399652354206124
102.30000000000001,0.42558211920106787
102.35000000000001,0.4279642615005261
102.4,0.42881562194213874
102.45,0.427367221896151
102.5,0.4249477972459258
102.55000000000001,0.42368074042583237
102.60000000000001,0.4247575365548093
102.65,0.4272129309563257
102.7,0.42865460988374215
102.75,0.42772064145028327
102.80000000000001,0.4253107934939088
102.85000000000001,0.4235505115740051
102.9,0.42403224525318595
102.95,0.4263766324577214
103.0,0.42833266078745347
103.05000000000001,0.4280094949696692
103.10000000000001,0.42575974683768075
103.15,0.4236039137646234
103.2,0.42344838245521527
103.25,0.4255015714990328
103.30000000000001,0.4278431445807877
103.35000000000001,0.4281898869191352
103.4,0.42625574180263714
103.45,0.4238280195852574
103.5,0.42303746980177254
103.55000000000001,0.4246420801660919
103.60000000000001,0.427197728700007
103.65,0.4282218598104709
103.7,0.4267534534255692
103.75,0.4241999261097027
103.80000000000001,0.422818100255267
103.85000000000001,0.42385384803609916
103.9,0.42642708299130516
103.95,0.42807546856876116
104.0,0.42720276429863924
104.05000000000001,0.42468751640597624
104.10000000000001,0.42279542965461675
104.15,0.42318730058326204
104.2,0.4255781570619654
104.25,0.42773669022234034
104.30000000000001,0.4275521386602205
104.35000000000001,0.42525003725383564
104.4,0.42296182288925344
104.45,0.4226824192224503
104.5,0.4247085314521353
104.55000000000001,0.42721155664734634
104.60000000000001,0.4277538372328224
104.65,0.42583901153397685
104.7,0.42329790977786974
104.75,0.42236568063175617
104.80000000000001,0.4238791082969134
104.85000000000001,0.426527217712409
104.9,0.4277703083224187
104.95,0.42640020704372034
105.0,0.42377356880692346
105.05000000000001,0.42224906052170946
105.10000000000001,0.42314675228983534
105.15,0.42572940755666855
105.2,0.42758044031948766
105.25,0.4268772427891914
105.30000000000001,0.424348811500342
105.35000000000001,0.42233049709070003
105.4,0.4225583215520533
105.45,0.42487673358291206
105.5,0.4271840938613594
105.55000000000001,0.427216930738761
105.60000000000001,0.4249749710778411
105.65,0.42259503179521085
105.7,0.4221469337678947
105.75,0.42403302392049896
105.80000000000001,0.4266035851552271
105.85000000000001,0.4273757667035883
105.9,0.4255968247121788
105.95,0.42301604303944107
106.0,0.4219305488403067
106.05000000000001,0.4232593952771491
106.10000000000001,0.4258814981145182
106.15,0.4273263568401427
106.2,0.4261561910166368
106.25,0.42355641047806397
106.30000000000001,0.4219123215290933
106.35000000000001,0.4226076120828192
106.4,0.4250751306900998
106.45,0.427062265078897
106.5,0.426597136034707
106.55000000000001,0.4241698822916869
106.60000000000001,0.42208190298695264
106.65,0.4221157571016727
106.7,0.424248733324999
106.75,0.4265999434311523
106.80000000000001,0.42687230763498085
106.85000000000001,0.42480318021271257
106.9,0.4224169863877966
106.95,0.42180645196527644
107.0,0.4234652070503786
107.05000000000001,0.4259770298193493
107.10000000000001,0.4269493213588937
107.15,0.42539935683513835
107.2,0.4228847720900359
107.25,0.42168716100493864
107.30000000000001,0.42277893710268094
107.35000000000001,0.4252471774631922
107.4,0.42681578860551134
107.45,0.425902596801627
107.5,0.4234434683310503
107.55000000000001,0.42175172763592783
107.60000000000001,0.42223095653110726
107.65,0.424472446017638
107.7,0.426481671221341
107.75,0.42626411793253677
107.80000000000001,0.4240442562871918
107.85000000000001,0.42198230869385644
107.9,0.42184685680504913
107.95,0.4237148726742849
108.0,0.425978165910497
108.05000000000001,0.4264482678332388
108.10000000000001,0.42463421163163184
108.15,0.4223511951478965
108.2,0.42163708688540874
108.25,0.42302896302766063
108.30000000000001,0.4253531239601164
108.35000000000001,0.4264375516724492
108.4,0.4251604522006576
108.45,0.42282245031720955
108.5,0.421598780921429
108.55000000000001,0.4224564580023453
108.60000000000001,0.42466386408371753
108.65,0.4262353319789569
108.7,0.42557533270635234
108.75,0.4233536682288495
108.80000000000001,0.42171815206743124
108.85000000000001,0.42202398720500695
108.9,0.4239688876333132
108.95,0.42586534369510876
109.0,0.4258419891774211
109.05000000000001,0.4238983176808882
109.10000000000001,0.42197273745084146
109.15,0.42174338974664266
109.2,0.4233202467513275
109.25,0.4253678672974483
109.30000000000001,0.42593915111427016
109.35000000000001,0.4244090309146047
109.4,0.42233321368232
109.45,0.4216138634470498
109.5,0.42275805463538296
109.55000000000001,0.42479321210883964
109.60000000000001,0.4258640548775299
109.65,0.42484184675097614
109.7,0.42276493440856205
109.75,0.42162486713909525
109.80000000000001,0.42230794533787364
109.85000000000001,0.4241938538537571
109.9,0.42563256847573444
109.95,0.4251609484458097
110.0,0.42322961547754084
110.05000000000001,0.4217588529102866
110.10000000000001,0.42198143182120895
110.15,0.423616926695537
110.2,0.42527621695544393
110.25,0.4253430303858605
110.30000000000001,0.4236876177090978
110.35000000000001,0.42199331632062
110.4,0.42177838003259777
110.45,0.4230986477429068
110.5,0.42483653702710866
110.55000000000001,0.4253802540483786
110.60000000000001,0.42410104071634636
110.65,0.42230213972969194
110.7,0.42169043836194997
110.75,0.42266166587513665
110.80000000000001,0.4243578946858114
110.85000000000001,0.4252809002764404
110.9,0.4244374297944405
110.95,0.4226565945877138
111.0,0.4217043000637031
111.05000000000001,0.422315470700256
111.10000000000001,0.4238803543962327
111.15,0.4250672726638215
111.2,0.4246734742465702
111.25,0.42302653536312856
111.30000000000001,0.4218040458985129
111.35000000000001,0.42205917344341043
111.4,0.42343421117611907
111.45,0.42477105591022796
111.5,0.4247978144426949
111.55000000000001,0.42338220651733466
111.60000000000001,0.4219723454615923
111.65,0.4218854504729096
111.7,0.4230373322542551
111.75,0.4244270237744359
111.80000000000001,0.42481209116754326
111.85000000000001,0.4236967407471165
111.9,0.42219080063292563
111.95,0.421784350395534
112.0,0.4226956366521567
112.05000000000001,0.4240665205322852
112.10000000000001,0.4247296828855773
112.15,0.42394899221002796
112.2,0.42244002991268703
112.25,0.42174597449157236
112.30000000000001,0.4224061512353682
112.35000000000001,0.42371230024560763
112.4,0.4245721225506236
112.45,0.42412600315042115
112.5,0.42270011641393357
112.55000000000001,0.4217615997229615
112.60000000000001,0.42216142713500227
112.65,0.42337598175942015
112.7,0.4243638387982725
112.75,0.4242242903799055
112.80000000000001,0.4229517775371312
112.85000000000001,0.4218234237911645
112.9,0.4219538752199666
112.95,0.4230586289932866
113.0,0.42412644265283006
113.05000000000001,0.4242493151253659
113.10000000000001,0.42317817763907706
113.15,0.4219235747347996
113.2,0.42177880966271114
113.25,0.42275404453860904
113.30000000000001,0.423874060303031
113.35000000000001,0.4242129376189047
113.4,0.42336688084488655
113.45,0.4220531928228216
113.5,0.4216355565782484
113.55000000000001,0.42245359616638783
113.60000000000001,0.4236110282503014
113.65,0.4241292575819074
113.7,0.42351120503553213
113.75,0.4222022153209743
113.80000000000001,0.42152668593004666
113.85000000000001,0.4221510355802908
113.9,0.4233326148619267
113.95,0.42400983861940195
114.0,0.4236102838865835
114.05000000000001,0.42236006521997843
114.10000000000001,0.4214560282265693
114.15,0.4218459064870776
114.2,0.4230285146477774
114.25,0.42385968805300933
114.30000000000001,0.42366747447295544
114.35000000000001,0.42251694999861317
114.4,0.42142644415095193
114.45,0.4215446950157059
114.5,0.4226880079338644
114.55000000000001,0.4236753122140882
114.60000000000001,0.42368728668470435
114.65,0.4226651222261952
114.7,0.4214382331113533
114.75,0.42125964839728547
114.80000000000001,0.42230519353872664
114.85000000000001,0.4234456266219466
114.9,0.4236716070654845
114.95,0.42279937397909645
115.0,0.421488653528852
115.05000000000001,0.4210059173322917
115.10000000000001,0.4218827385031035
115.15,0.4231556195958556
115.2,0.42361643010078
115.25,0.42291626584083014
115.30000000000001,0.42157247238099604
115.35000000000001,0.42079812147256773
115.4,0.42143311332745587
115.45,0.42279176279549735
115.5,0.4235103724112391
115.55000000000001,0.42301206726039176
115.60000000000001,0.4216829963700915
115.65,0.42064745287950056
115.7,0.42097710229209634
115.75,0.4223475712483765
115.80000000000001,0.4233358193009472
115.85000000000001,0.42307996870612125
115.9,0.4218128394603595
115.95,0.420560045560285
116.0,0.42054021638721123
116.05000000000001,0.42182765045929305
116.10000000000001,0.4230727346251748
116.15,0.423107608213134
116.2,0.4219538145250216
116.25,0.4205367338623442
116.30000000000001,0.4201482067754235
116.35000000000001,0.421249043065398
116.4,0.4227042429558705
116.45,0.42307610765673104
116.5,0.42209575456370824
116.55000000000001,0.42057375724853663
116.60000000000001,0.41982299064262363
116.65,0.42063953290138867
116.7,0.4222224230829837
116.75,0.42296149422474794
116.80000000000001,0.42222463431568663
116.85000000000001,0.4206636603822822
116.9,0.41957994806764193
116.95,0.4200334878045827
117.0,0.4216325923963912
117.05000000000001,0.4227386407321116
117.10000000000001,0.42232086958517817
117.15,0.42079568304596443
117.2,0.41942690510344605
117.25,0.419466505171721
117.30000000000001,0.4209547753839226
117.35000000000001,0.42238695065142556
117.4,0.4223588902148144
117.45,0.4209552997088747
117.5,0.41936446392003257
117.55000000000001,0.41897033287650787
117.60000000000001,0.4202218947697202
117.65,0.42189629444409815
117.7,0.42230885292751963
117.75,0.42112311687752074
117.80000000000001,0.419386929931731
117.85000000000001,0.4185692249905284
117.9,0.4194752073489751
117.95,0.4212714646918391
118.0,0.42214069789020764
118.05000000000001,0.4212738576602378
118.10000000000001,0.41948305081830367
118.15,0.41827822139065596
118.2,0.41875828349128164
118.25,0.4205337646654949
118.30000000000001,0.4218298811422722
118.35000000000001,0.4213764281776196
118.4,0.419636102391603
118.45,0.41810310849385857
118.5,0.4181111263771973
118.55000000000001,0.41971916853655916
118.60000000000001,0.42136337575007815
118.65,0.42139590162192064
118.7,0.4198233923693483
118.75,0.4180413142761827
118.80000000000001,0.4175657588050376
118.85000000000001,0.4188735085446356
118.9,0.4207442355735132
118.95,0.4212976665629719
119.0,0.4200157873669881
119.05000000000001,0.4180828806495007
119.10000000000001,0.4171439186504308
119.15,0.4180459948355533
119.2,0.4199932972517764
119.25,0.42105316096385487
119.30000000000001,0.4201781687752658
119.35000000000001,0.4182109373234738
119.4,0.4168567064578653
119.45,0.417282750727921
119.5,0.41914738182383515
119.55000000000001,0.42064587721362046
119.60000000000001,0.42027161892759723
119.65,0.41840163087718346
119.7,0.41670544000292875
119.75,0.4166218266342524
119.80000000000001,0.41825438207866833
119.85000000000001,0.4200759855594731
119.9,0.4202576106390509
119.95,0.4186240140544902
120.0,0.4166827901338905
120.05000000000001,0.41609046353939305
120.10000000000001,0.4173665234199442
120.15,0.41936214699077246
120.2,0.42010369530898756
120.25,0.4188407335603712
120.30000000000001,0.4167735176455369
120.35000000000001,0.41570452470603153
120.4,0.4165335324889668
120.45,0.4185398239223776
120.5,0.4197894645554895
120.55000000000001,0.41901029440618853
120.60000000000001,0.4169546593662827
120.65,0.4154693484241176
120.7,0.41579728041359243
120.75,0.41765640686429395
120.80000000000001,0.41931120140555656
120.85000000000001,0.4190911996603813
120.9,0.4171955870320694
120.95,0.4153810273076728
121.0,0.415188780960757
121.05000000000001,0.4167644054390952
121.10000000000001,0.4186838124971924
121.15,0.41904752728326106
121.2,0.4174587325619747
121.25,0.41542732959666806
121.30000000000001,0.4147275282130491
121.35000000000001,0.41591445669042737
121.4,0.4179393165161909
121.45,0.41885480381889234
121.5,0.4177017563146821
121.55000000000001,0.41558800810947283
121.60000000000001,0.4144224221374836
121.65,0.41514979097230964
121.7,0.41712214198281855
121.75,0.4185046646166177
121.80000000000001,0.4178814978340064
121.85000000000001,0.4158348485051075
121.9,0.4142732164742529
121.95,0.41450312792331234
122.0,0.4162824247246811
122.05000000000001,0.41800692592789024
122.10000000000001,0.4179593430735618
122.15,0.4161322246345148
122.2,0.4142715960855817
122.25,0.4139960479666142
122.30000000000001,0.4154690456657057
122.35000000000001,0.41738832451000435
122.4,0.41790695282877
122.45,0.4164389618160756
122.5,0.41440152209657777
122.55000000000001,0.4136400841815028
122.60000000000001,0.41472409431438095
122.65,0.41668811377375964
122.7,0.41771091551556894
122.75,0.4167119142679137
122.80000000000001,0.4146391237759356
122.85000000000001,0.4134383972033962
122.9,0.41407980792863025
122.95,0.4159516321099823
123.0,0.41737498725340466
123.05000000000001,0.416910983151748
123.10000000000001,0.41495288951056986
123.15,0.41338702594065313
123.2,0.41355809334409943
123.25,0.41522354236633535
123.30000000000001,0.4169191596194319
123.35000000000001,0.4170046152521525
123.4,0.415305004406723
123.45,0.4134752339093206
123.5,0.4131718791823674
123.55000000000001,0.4145424454976339
123.60000000000001,0.41637567722543
123.65,0.41697442028306436
123.7,0.41565433906207583
123.75,0.41368514785193256
123.80000000000001,0.41292709350532025
123.85000000000001,0.4139379830108371
123.9,0.41578302992482574
123.95,0.41681760463664447
124.0,0.41596093983190424
124.05000000000001,0.4139914245908087
124.10000000000001,0.4128241393487383
124.15,0.41343060140080307
124.2,0.4151795493522701
124.25,0.4165464421503617
124.30000000000001,0.4161911783703987
124.35000000000001,0.41436185562662176
124.4,0.41285825535397414
124.45,0.4130332433934514
124.5,0.4145983030738131
124.55000000000001,0.4161848290136743
124.60000000000001,0.4163222816895999
124.65,0.4147595420740403
124.7,0.41301885857528015
124.75,0.41275370409414835
124.80000000000001,0.4140644529688676
124.85000000000001,0.41576284001655117
124.9,0.4163449716116035
124.95,0.41514665164485276
125.0,0.4132885778498274
125.05000000000001,0.4125964027821234
125.10000000000001,0.41359532435459934
125.15,0.4153108202793083
125.2,0.4162634033211712
125.25,0.41548906633869964
125.30000000000001,0.41364295305832566
125.35000000000001,0.41256281003690376
125.4,0.41320248869628723
125.45,0.4148546695383334
125.5,0.4160923610771066
125.55000000000001,0.41576074354389736
125.60000000000001,0.41405158434648626
125.65,0.4126505050265249
125.7,0.41289455960727933
125.75,0.41441352311342594
125.80000000000001,0.4158525016836699
125.85000000000001,0.41594655056127605
125.9,0.41448094187353146
125.95,0.41285152368882305
126.0,0.41267933728013706
126.05000000000001,0.41400015729819994
126.10000000000001,0.4155650602655469
126.15,0.416042718097217
126.2,0.41489833535563647
126.25,0.41315103148092486
126.30000000000001,0.4125643815051595
126.35000000000001,0.41362348423549267
126.4,0.415247613408056
126.45,0.4160547620583292
126.5,0.4152759956789627
126.55000000000001,0.41352726930645134
126.60000000000001,0.41255584078488117
126.65,0.413291825105303
126.7,0.4149121263286708
126.75,0.41599351666341366
126.80000000000001,0.41559406670513865
126.85000000000001,0.41395321396522067
126.9,0.4126561228780437
126.95,0.4130154954745001
127.0,0.41456569803586807
127.05000000000001,0.4158705505403762
127.10000000000001,0.4158415978376512
127.15,0.4143996842914832
127.2,0.4128614812676244
127.25,0.41280761800684473
127.30000000000001,0.414213456944481
127.35000000000001,0.41569447540150556
127.4,0.4160152556004888
127.45,0.41483901016113567
127.5,0.41316063047761087
127.55000000000001,0.4126828189326535
127.60000000000001,0.4138623185768515
127.65,0.4154693810924562
127.7,0.41611622571577445
127.75,0.4152481173716822
127.80000000000001,0.4135350859297303
127.85000000000001,0.41265428628526846
127.9,0.41352406189845464
127.95,0.41519589893442704
128.0,0.4161464112222444
128.05,0.41561005783324034
128.1,0.41396122866248963
128.15,0.41273027598929
128.20000000000002,0.41321647797722755
128.25,0.41487445701756187
128.3,0.4161053301534441
128.35,0.4159135516384924
128.4,0.4144134165261145
128.45000000000002,0.4129113322085198
128.5,0.41296205745704945
128.55,0.4145094974712158
128.6,0.4159889385545657
128.65,0.41615081433236756
128.70000000000002,0.4148670744307168
128.75,0.41318918180344555
128.8,0.4127845533679143
128.85,0.4141130678595567
128.9,0.41579096822201744
128.95000000000002,0.41631458552372813
129.0,0.4153007349084746
129.05,0.4135476030435971
129.1,0.4127044809424509
129.15,0.41370639291589584
129.20000000000002,0.4155064737071335
129.25,0.41639563644078215
129.3,0.41569642747321855
129.35,0.41396483298013387
129.4,0.41273494934938915
129.45000000000002,0.4133186928451708
129.5,0.4151364520723189
129.55,0.4163819608078111
129.6,0.41603846602490147
129.65,0.41441655727803
129.70000000000002,0.41287904587242663
129.75,0.41298341062146604
129.8,0.41469194186524616
129.85,0.4162603238290877
129.9,0.41631133627102335
129.95000000000002,0.41487840831797373
130.0,0.4131293924978565
130.05,0.4127328450448143
130.1,0.4141960848248636
130.15,0.4160200091818647
130.20000000000002,0.4164978152811798
130.25,0.4153271933266161
130.3,0.4134697152481395
130.35,0.41259267559927476
130.4,0.41368321648873857
130.45000000000002,0.41565775428879365
130.5,0.4165784936999854
130.55,0.41574065618808914
130.6,0.41387761693277975
130.65,0.41257784259552194
130.70000000000002,0.4131949487641184
130.75,0.4151823144121146
130.8,0.41653345732302866
130.85,0.4160962351073669
130.9,0.41432745514215086
130.95000000000002,0.4126907275799511
131.0,0.41277413278049657
131.05,0.4146170505703181
131.1,0.4163461241715098
131.15,0.41636978291201854
131.20000000000002,0.41479237316890355
131.25,0.41292177647358436
131.3,0.41245823411518223
131.35,0.41399941996467604
131.4,0.4160083818730443
131.45000000000002,0.4165353731764047
131.5,0.4152450272293668
131.55,0.4132519367795117
131.6,0.4122737929570361
131.65,0.41337711766121205
131.70000000000002,0.4155255395647395
131.75,0.41656702660560396
131.8,0.415657210284308
131.85,0.4136558164962377
131.9,0.41223322935636236
131.95000000000002,0.4128016093168336
132.0,0.41491943991265856
132.05,0.41644251708706953
132.1,0.4159991520742741
132.15,0.4141044519075764
132.20000000000002,0.41233445201763774
132.25,0.41232058152019246
132.3,0.4142284473245156
132.35,0.41614857832281776
132.4,0.4162395568830822
132.45000000000002,0.41456696430853524
132.5,0.41256285267328013
132.55,0.4119711452414237
132.6,0.4135038449605334
132.65,0.4156861350846969
132.70000000000002,0.4163472844634431
132.75,0.415011026954355
132.8,0.412894632451441
132.85,0.41177534044685987
132.9,0.41280320002212345
132.95000000000002,0.4150738965747923
133.0,0.4162950007253135
133.05,0.41540271479605934
133.1,0.4133002120105335
133.15,0.41173871621251146
133.20000000000002,0.4121821660516107
133.25,0.41434889881634285
133.3,0.41606431100836455
133.35,0.4157067198206091
133.4,0.4137467504888001
133.45000000000002,0.4118518006184024
133.5,0.4116866641780983
133.55,0.41356332478481117
133.6,0.41565113961257477
133.65,0.41588789919692426
133.70000000000002,0.4141994089579164
133.75,0.412093478987536
133.8,0.4113472370769949
133.85,0.4127779627238404
133.9,0.4150697244995014
133.95000000000002,0.4159146498256478
134.0,0.4146217072500611
134.05,0.4124349289249459
134.1,0.4111766495412126
134.15,0.41205366557868334
134.20000000000002,0.4143537239843386
134.25,0.4157638254099742
134.3,0.4149758604141025
134.35,0.41284290303565246
134.4,0.4111707926036786
134.45000000000002,0.41144279891434304
134.5,0.41355358368899425
134.55,0.4154261222334907
134.6,0.41522411134788134
134.65,0.41328171441446676
134.70000000000002,0.41131201108491133
134.75,0.41098266223395624
134.8,0.41273032093176487
134.85,0.41491036807671644
134.9,0.4153317163958722
134.95000000000002,0.41371404050598426
135.0,0.4115734351180211
135.05,0.41069222504634106
135.1,0.4119469470554324
135.15,0.41424515987341815
135.20000000000002,0.41527150990166084
135.25,0.41410131832134967
135.3,0.4119229030644842
135.35,0.4105724747148095
135.4,0.4112595006295267
135.45000000000002,0.41347684974755033
135.5,0.4150291538228012
135.55,0.4144047815923992
135.6,0.41232556709667656
135.65,0.41060961859465844
135.70000000000002,0.4107098048298223
135.75,0.4126638425923831
135.8,0.41460759922820994
135.85,0.4145879527593972
135.9,0.41274506359565366
135.95000000000002,0.4107796885879665
136.0,0.4103215129377938
136.05,0.41186826093576107
136.1,0.414029188915892
136.15,0.41462072809145384
136.20000000000002,0.41314389503895044
136.25,0.41105296802722724
136.3,0.41009996292337647
136.35,0.4111468829268246
136.4,0.4133342855874894
136.45000000000002,0.4144843547509524
136.5,0.41348409138241377
136.55,0.41139709476333175
136.6,0.41003521869167664
136.65,0.4105435309801126
136.70000000000002,0.41257621500210595
136.75,0.41417594015057885
136.8,0.41372910925724804
136.85,0.41177849886700685
136.9,0.4101068444601079
136.95000000000002,0.4100846435050406
137.0,0.4118134065299136
137.05,0.41371093395542463
137.1,0.4138473192629082
137.15,0.41216268822971286
137.20000000000002,0.4102887025601255
137.25,0.4097787469825529
137.3,0.4111005298595084
137.35,0.41312238303326887
137.4,0.4138165819764629
137.45000000000002,0.4125144518016112
137.5,0.41055242351195625
137.55,0.409619343450646
137.6,0.4104808098043213
137.65,0.41245659896014675
137.70000000000002,0.4136286836861338
137.75,0.41279907014335254
137.8,0.41086900069929116
137.85,0.40958978289839565
137.9,0.40998136219840237
137.95000000000002,0.4117659506140864
138.0,0.4132921043413453
138.05,0.4129850923961535
138.1,0.41120888971630953
138.15,0.4096683171227583
138.20000000000002,0.4096124283371147
138.25,0.4111004482438502
138.3,0.412831858590708
138.35,0.4130483894627447
138.4,0.4115416703239901
138.45000000000002,0.409831813489828
138.5,0.4093701536914107
138.55,0.41050025477717594
138.6,0.41228592155433397
138.65,0.41297639919569723
138.70000000000002,0.4118364766978805
138.75,0.4100573979911684
138.8,0.4092415221003559
138.85,0.4099910221790863
138.9,0.4116987931328282
138.95000000000002,0.41277108567367626
139.0,0.4120639568170854
139.05,0.4103222796298253
139.1,0.409209579670977
139.15,0.4095830493371314
139.20000000000002,0.4111137216899789
139.25,0.41244931103988947
139.3,0.41219968590434314
139.35,0.4106027927470282
139.4,0.40925729006407546
139.45000000000002,0.40927402461378726
139.5,0.4105656400054516
139.55,0.41204002097348164
139.6,0.4122281078731602
139.65,0.41087396335092763
139.70000000000002,0.4093691322430995
139.75,0.4090540176927631
139.8,0.4100767164361064
139.85,0.41157865004314353
139.9,0.41214559162695674
139.95000000000002,0.4111105522688612
140.0,0.40953057396137316
140.05,0.408910820490398
140.1,0.4096555958745863
140.15,0.41110011911530303
140.20000000000002,0.4119612709006071
140.25,0.4112897176818424
140.3,0.40972642960408945
140.35,0.4088338721308528
140.4,0.4093001925754774
140.45000000000002,0.4106323708729974
140.5,0.41169496891733665
140.55,0.411394543112005
140.6,0.40993949378742034
140.65,0.40881574433047674
140.70000000000002,0.4090027605683462
140.75,0.4101923128609048
140.8,0.41137247340993216
140.85,0.4114170969303268
140.9,0.4101505840516423
140.95000000000002,0.4088512116054233
141.0,0.4087553294754024
141.05,0.4097852839283107
141.1,0.4110193871161842
141.15,0.41135967340009777
141.20000000000002,0.41034035244714906
141.25,0.40893488250859444
141.3,0.4085536611105234
141.35,0.40940798554887325
141.4,0.41065538008439356
141.45000000000002,0.4112334206713492
141.5,0.41049229630063777
141.55,0.40905885477161147
141.6,0.40839858898204273
141.65,0.409053666998038
141.70000000000002,0.410290654035518
141.75,0.41105448319749116
141.8,0.4105957293910372
141.85,0.40921169449136074
141.9,0.4082946651241142
141.95000000000002,0.4087176599984154
142.0,0.4099257472754106
142.05,0.4108387363440399
142.1,0.4106473548140542
142.15,0.40937931492115714
142.20000000000002,0.40824705303665665
142.25,0.40840136107567604
142.3,0.4095546824310843
142.35,0.4105968150658028
142.4,0.41065055078088253
142.45000000000002,0.4095473782468383
142.5,0.40825818780832207
142.55,0.40811342777803333
142.6,0.4091703096421766
142.65,0.41033117479121606
142.70000000000002,0.410612354848314
142.75,0.40970409296701343
142.8,0.4083256570704391
142.85,0.4078680185923027
142.9,0.40876996295721324
142.95000000000002,0.41003630752250336
143.0,0.410539073674799
143.05,0.40984205004197566
143.1,0.40844208927059694
143.15,0.40768097167089645
143.20000000000002,0.40835949189924403
143.25,0.40970216334035775
143.3,0.41043209348512943
143.35,0.409958115780397
143.4,0.4085968732803087
143.45000000000002,0.4075654870407938
143.5,0.40795435135085045
143.55,0.40931969262208967
143.6,0.41028555456732213
143.65,0.41005121698780106
143.70000000000002,0.4087787080043919
143.75,0.4075289064088995
143.8,0.40757748888833384
143.85,0.4088866604109608
143.9,0.4100870019866229
143.95000000000002,0.41011878572007404
144.0,0.40897763914682417
144.05,0.40757158102710667
144.1,0.40725487092044144
144.15,0.40841177415597923
144.20000000000002,0.4098211063822663
144.25,0.4101533095713245
144.3,0.4091855088630569
144.35,0.40768785918575245
144.4,0.4070102405645091
144.45000000000002,0.4079157363620423
144.5,0.40947543442761963
144.55,0.41014057905173645
144.6,0.40939449332361716
144.65,0.4078683304603252
144.70000000000002,0.40686082559570924
144.75,0.4074288692666648
144.8,0.4090464624883179
144.85,0.41006074022544226
144.9,0.40959432208330365
144.95000000000002,0.40810201103665644
145.0,0.40681518559341506
145.05,0.40698608812967063
145.1,0.40854386556858346
145.15,0.40989229705762403
145.20000000000002,0.4097694891286898
145.25,0.4083773054140917
145.3,0.40687344076945686
145.35,0.40662082442045155
145.4,0.4079916285907928
145.45000000000002,0.4096181149095542
145.5,0.4098979803611024
145.55,0.40868124853325594
145.6,0.4070291720056738
145.65,0.4063597246778264
145.70000000000002,0.40742553171616247
145.75,0.4092316696373677
145.8,0.40995263681893473
145.85,0.40899743100012254
145.9,0.4072717156109765
145.95000000000002,0.4062195039375852
146.0,0.40688770617350783
146.05,0.40874157260358845
146.1,0.4099053677211534
146.15,0.4093037686381857
146.20000000000002,0.40758760187461823
146.25,0.4062064116448729
146.3,0.4064198485907785
146.35,0.40817285690952093
146.4,0.4097333538711042
146.45000000000002,0.4095715768802563
146.5,0.40796046088420607
146.55,0.4063177651768054
146.6,0.4060570058692969
146.65,0.4075644744183618
146.70000000000002,0.409425549271651
146.75,0.40976709917924725
146.8,0.4083695875435265
146.85,0.40654432718689776
146.9,0.4058234883130575
146.95000000000002,0.40696360246054686
147.0,0.4089875153733696
147.05,0.4098558022081502
147.1,0.40878816003769497
147.15,0.4068721960134064
147.20000000000002,0.4057315880955173
147.25,0.40641830920221866
147.3,0.4084430096461346
147.35,0.40980869615995574
147.4,0.4091825042508094
147.45000000000002,0.40728334444266245
147.5,0.4057827367109408
147.55,0.4059705516438356
147.6,0.40783166569996343
147.65,0.4096090718086701
147.70000000000002,0.40951360055292696
147.75,0.40775476919100695
147.8,0.40596994677254516
147.85,0.40565122831119604
147.9,0.4072032457726018
147.95000000000002,0.40925770034420256
148.0,0.40974127846200825
148.05,0.4082570557977937
148.1,0.40628013624389786
148.15,0.40547818336298624
148.20000000000002,0.4066099482874783
148.25,0.408774850075173
148.3,0.4098305147898719
148.35,0.40875367201648793
148.4,0.40669527938815203
148.45000000000002,0.4054569879845225
148.5,0.40609877734659705
148.55,0.4081983306989678
148.6,0.4097583411479879
148.65,0.40920224357147306
148.70000000000002,0.407192099887811
148.75,0.4055834321692567
148.8,0.4057058411908162
148.85,0.40757790532905835
148.9,0.4095194332417225
148.95000000000002,0.4095584240354756
149.0,0.4077408974803073
149.05,0.4058462674738711
149.1,0.40545369224845595
149.15,0.4069674562554509
149.20000000000002,0.409128665059807
149.25,0.40978197760086515
149.3,0.40830472277139745
149.35,0.4062289557931762
149.4,0.40535174040340227
149.45000000000002,0.40641691229855753
149.5,0.4086196953203418
149.55,0.4098437369981615
149.6,0.4088402117629126
149.65,0.40670988004469333
149.70000000000002,0.4053987809658173
149.75,0.40596592498344825
149.8,0.4080397599581084
149.85,0.40973156002010513
149.9,0.4093008847213891
149.95000000000002,0.40726137086782715
150.0,0.405586139149111
150.05,0.4056406135247841
150.1,0.4074419280293798
150.15,0.40945349857652225
150.20000000000002,0.40964277788279657
150.25,0.4078486420901951
150.3,0.4059000039025158
150.35,0.4054536262245377
150.4,0.4068767955283517
150.45000000000002,0.40903708771032615
150.5,0.4098312771954216
150.55,0.4084299939023636
150.6,0.4063221415249863
150.65,0.40540669015256875
150.70000000000002,0.406385695130219
150.75,0.4085247343255918
150.8,0.4098473648609101
150.85,0.4089592955825744
150.9,0.40682908577728727
150.95000000000002,0.40549413510876753
151.0,0.40599693439641577
151.05,0.40796630058061545
151.1,0.4096914353392868
151.15,0.40939090654438237
151.20000000000002,0.4073907487179224
151.25,0.4057057981600866
151.3,0.40572553071597384
151.35,0.40741078682597914
151.4,0.40938341622072216
151.45000000000002,0.4096861654848138
151.5,0.4079698385672158
151.55,0.406028233621111
151.6,0.4055757676370081
151.65,0.40689924978869035
151.70000000000002,0.40895895150616657
151.75,0.40981979331002066
151.8,0.4085233046663456
151.85,0.4064440537466544
151.9,0.40554506967044374
151.95000000000002,0.40646064004081905
152.0,0.40846254398555887
152.05,0.4097843337905873
152.1,0.4090062868725087
152.15,0.40693016899850254
152.20000000000002,0.4056274580624778
152.25,0.4061112465055996
152.3,0.40793945469362713
152.35,0.4095911923109339
152.4,0.4093780102057716
152.45000000000002,0.407456314788701
152.5,0.4058152556415384
152.55,0.4058572440794153
152.6,0.40742851636616073
152.65,0.4092677824336728
152.70000000000002,0.4096081595719379
152.75,0.40798527988373157
152.8,0.40609858675427946
152.85,0.4056988839827679
152.9,0.4069576909416177
152.95000000000002,0.40885144333909074
153.0,0.4096818642515403
153.05,0.40847564506569595
153.1,0.4064632416405382
153.15,0.4056344737221622
153.20000000000002,0.4065432699245023
153.25,0.408381778440878
153.3,0.40960168721867357
153.35,0.4088868246002521
153.4,0.406888261773216
153.45000000000002,0.4056625767268915
153.5,0.4061923993366075
153.55,0.4078935561627708
153.60000000000002,0.40938586390683473
153.65,0.40918518968897266
153.70000000000002,0.40734483071874283
153.75,0.40578169782054174
153.8,0.40590754249670297
153.85000000000002,0.4074121180649437
153.9,0.4090631850500856
153.95000000000002,0.4093494587414715
154.0,0.4077976068640808
154.05,0.4059878060446117
154.10000000000002,0.4056909473593942
154.15,0.40695239050660675
154.20000000000002,0.4086659849027169
154.25,0.4093736097851209
154.3,0.4082086675008179
154.35000000000002,0.4062709868895836
154.4,0.4055473369846201
154.45000000000002,0.4065213753147687
154.5,0.40822331943335777
154.55,0.4092662899659617
154.60000000000002,0.40854313750489485
154.65,0.40661294348060883
154.70000000000002,0.40548381938157474
154.75,0.4061228345294534
154.8,0.407756361327816
154.85000000000002,0.4090468185289221
154.9,0.4087747981459384
154.95000000000002,0.4069867904380964
155.0,0.4055071375757803
155.05,0.40576219581222844
155.10000000000002,0.4072772861532321
155.15,0.4087390146868911
155.20000000000002,0.4088898323068508
155.25,0.40735969480261597
155.3,0.40561945498496743
155.35000000000002,0.4054497206656645
155.4,0.4067917205748167
155.45000000000002,0.40836483527787615
155.5,0.4088874228654372
155.55,0.40769776888057624
155.60000000000002,0.4058144888614463
155.65,0.4052006810587711
155.70000000000002,0.40630359371170893
155.75,0.4079398945636339
155.8,0.4087769837000078
155.85000000000002,0.4079716761320266
155.9,0.4060757086573261
155.95000000000002,0.4050324307805333
156.0,0.4058204176215586
156.05,0.40747229464581747
156.10000000000002,0.40857298686325366
156.15,0.40816105968457467
156.20000000000002,0.406377528549056
156.25,0.404959441298596
156.3,0.4053569052620428
156.35000000000002,0.40696502870855167
156.4,0.40828922684945285
156.45000000000002,0.40825628071333553
156.5,0.4066892509555324
156.55,0.40498816222089756
156.60000000000002,0.4049354496081302
156.65,0.40642094237825305
156.70000000000002,0.40793459974277746
156.75,0.4082569264043343
156.8,0.40698043627549096
156.85000000000002,0.40511365166421043
156.9,0.40458312264061413
156.95000000000002,0.4058483153478407
157.0,0.40751195279946173
157.05,0.4081677534661327
157.10000000000002,0.40722581785891554
157.15,0.4053192520195255
157.20000000000002,0.40432611628834125
157.25,0.4052648830597507
157.3,0.40702044780423857
157.35000000000002,0.4079937207054998
157.4,0.40740806483685615
157.45000000000002,0.4055794235670042
157.5,0.40418348856514613
157.55,0.4046986386429694
157.60000000000002,0.4064605800909057
157.65,0.40773615151102277
157.70000000000002,0.40751754766310705
157.75,0.4058646594948704
157.8,0.4041623351117464
157.85000000000002,0.40418486238690654
157.9,0.405839982939312
157.95000000000002,0.4073916783064235
158.0,0.4075494580383995
158.05,0.40614666505783764
158.10000000000002,0.40425596623975457
158.15,0.4037601413883718
158.20000000000002,0.40517779197568987
158.25,0.40695457983118594
158.3,0.4074997123948786
158.35000000000002,0.40640197255630467
158.4,0.40444554251790765
158.45000000000002,0.4034552057313932
158.5,0.4045057697061024
158.55,0.4064218150555722
158.60000000000002,0.4073615998941189
158.65,0.4066128745675343
158.70000000000002,0.40470435861371357
158.75,0.403288820291705
158.8,0.4038654518611319
158.85000000000002,0.40579897622869066
158.9,0.4071248902661798
158.95000000000002,0.40676571259780564
159.0,0.4050030671232698
159.05,0.40326456548503437
159.10000000000002,0.4033019180140638
159.15,0.4051049289418329
159.20000000000002,0.4067781636413937
159.25,0.40684769982832425
159.3,0.4053139376283042
159.35000000000002,0.4033712696099452
159.4,0.40285594413351056
159.45000000000002,0.4043732407882843
159.5,0.40631382880736827
159.55,0.40684412026228045
159.60000000000002,0.40561280594090815
159.65,0.4035865497037739
159.70000000000002,0.40255684289152616
159.75,0.4036495077507014
159.8,0.40573416351711583
159.85000000000002,0.40673764888853614
159.9,0.4058784535726242
159.95000000000002,0.403881892156793
160.0,0.4024180209753618
160.05,0.40298502949899906
160.10000000000002,0.40505616830362295
160.15,0.4065106879468964
160.20000000000002,0.40609033268219275
160.25,0.40422734095047763
160.3,0.4024362843564809
160.35000000000002,0.40242850278215236
160.4,0.40431327280752605
160.45000000000002,0.4061503479235085
160.5,0.4062263309015339
160.55,0.4045942702288317
160.60000000000002,0.40259460061939495
160.65,0.4020180605421862
160.70000000000002,0.4035528840406762
160.75,0.4056545298532156
160.8,0.40626231777016153
160.85000000000002,0.4049557152187312
160.9,0.4028669041743423
160.95000000000002,0.40177582619930785
161.0,0.4028300929695804
161.05,0.40503694617962466
161.10000000000002,0.4061744828709437
161.15,0.405284916071631
161.20000000000002,0.40322302226173906
161.25,0.4017062348552564
161.3,0.40219911231449856
161.35000000000002,0.4043290841601782
161.4,0.40594425572810094
161.45000000000002,0.405553601973422
161.5,0.4036320662271022
161.55,0.40179805678138575
161.60000000000002,0.40170476012326306
161.65,0.40357800713540665
161.70000000000002,0.4055643967939793
161.75,0.40573172936860485
161.8,0.4040635341580929
161.85000000000002,0.4020288634772403
161.9,0.4013762507981558
161.95000000000002,0.4028401941629385
162.0,0.4050441585747075
162.05,0.4057897834000558
162.10000000000002,0.40448653403466706
162.15,0.40237004826065487
162.20000000000002,0.40122471819139705
162.25,0.4021728943214913
162.3,0.40441150226966077
162.35000000000002,0.40570359496734704
162.4,0.4048684810560745
162.45000000000002,0.4027906505872882
162.5,0.401244601072168
162.55,0.4016252758396734
162.60000000000002,0.4037111879452275
162.65,0.40546040706852304
162.70000000000002,0.40517493828359613
162.75,0.4032590387566836
162.8,0.4014177750250553
162.85000000000002,0.40123168578002705
162.9,0.4029988344959957
162.95000000000002,0.4050641639807667
163.0,0.4053717973901798
163.05,0.40374263814132044
163.10000000000002,0.4017185862899832
163.15,0.40100857684456703
163.20000000000002,0.40233233269336866
163.25,0.4045379992418776
163.3,0.40542991718732635
163.35000000000002,0.40420688865576554
163.4,0.402117966816598
163.45000000000002,0.4009553937331591
163.5,0.40176284621534786
163.55,0.4039226667929832
163.60000000000002,0.40533111507175434
163.65,0.40461504792689984
163.70000000000002,0.4025855233569391
163.75,0.4010584313903308
163.8,0.40132774467938054
163.85000000000002,0.40327090935073545
163.9,0.40507357327200094
163.95000000000002,0.40493011854600924
164.0,0.4030895901342812
164.05,0.4012958638527106
164.10000000000002,0.40104712602053116
164.15,0.40263905380059106
164.20000000000002,0.4046746323556732
164.25,0.4051191893137774
164.3,0.4035962689281001
164.35000000000002,0.4016420651349085
164.4,0.4009243549925764
164.45000000000002,0.4020780169192076
164.5,0.40416963651435095
164.55,0.40515926810280384
164.60000000000002,0.4040690192699223
164.65,0.40206997306661674
164.70000000000002,0.400949742806087
164.75,0.40162607924566057
164.8,0.40360671176720686
164.85000000000002,0.4050427774126393
164.9,0.4044701580416822
164.95000000000002,0.40255130688881907
165.0,0.4011056044685452
165.05,0.40130516571465313
165.10000000000002,0.4030386625569311
165.15,0.4047806887214594
165.20000000000002,0.40476474137044843
165.25,0.40305551489145647
165.3,0.40137075955024504
165.35000000000002,0.4011211772396152
165.4,0.40251411113357854
165.45000000000002,0.4044018707669606
165.5,0.4049261127911591
165.55,0.40354896366437243
165.60000000000002,0.40172309487942715
165.65,0.4010675979694808
165.70000000000002,0.4020702434526761
165.75,0.40394839695129214
165.8,0.4049414273077324
165.85000000000002,0.4039958114513483
165.9,0.40213983143097454
165.95000000000002,0.4011306475803546
166.0,0.40172897329257745
166.05,0.40346787001704476
166.10000000000002,0.4048151450294927
166.15,0.4043612357094288
166.20000000000002,0.40259623208954404
166.25,0.40129398617541046
166.3,0.4014971802602826
166.35000000000002,0.40300481291703605
166.4,0.40456897184704815
166.45000000000002,0.4046165297105608
166.5,0.4030642151756676
166.55,0.4015414573203548
166.60000000000002,0.4013703412480691
166.65,0.4025934901473332
166.70000000000002,0.4042378280746391
166.75,0.40474455203871323
166.8,0.4035124025039066
166.85000000000002,0.40185734528236133
166.9,0.4013378562940657
166.95000000000002,0.4022540438181781
167.0,0.4038627408363074
167.05,0.40474356394285244
167.10000000000002,0.4039084809988689
167.15,0.40222474366450495
167.20000000000002,0.40138801557929016
167.25,0.4019927146258428
167.3,0.403482605968867
167.35000000000002,0.40462783398609525
167.4,0.4042236522236879
167.45000000000002,0.4026234545546373
167.5,0.40151095457057223
167.55,0.4018055693332867
167.60000000000002,0.4031271719598522
167.65,0.4044243994280425
167.70000000000002,0.4044378631185664
167.75,0.4030290347264769
167.8,0.4016989016905701
167.85000000000002,0.4016840716375216
167.9,0.40281320521688385
167.95000000000002,0.40416667540614976
168.0,0.404543928255884
168.05,0.4034140867535206
168.10000000000002,0.40194416821472717
168.15,0.4016203844551752
168.20000000000002,0.40254473304551885
168.25,0.4038867147200447
168.3,0.40454883454995727
168.35000000000002,0.4037518541948286
168.4,0.4022362479859797
168.45000000000002,0.40161060599045584
168.5,0.40231690527818953
168.55,0.4036084360749168
168.60000000000002,0.4044714092142076
168.65,0.4040210587183764
168.70000000000002,0.4025597289834733
168.75,0.40165505945727487
168.8,0.4021218603718998
168.85000000000002,0.4033438543683575
168.9,0.4043367933138239
168.95000000000002,0.40421020395324037
169.0,0.4028943381585375
169.05,0.4017559277537691
169.10000000000002,0.40195443312610596
169.15,0.4030933518305782
169.20000000000002,0.40416933245922776
169.25,0.40431957148268094
169.3,0.40321748246170036
169.35000000000002,0.40191353248734785
169.4,0.4018157594092842
169.45000000000002,0.40284967377985387
169.5,0.4039861328946378
169.55,0.4043598737758177
169.60000000000002,0.40350850375845804
169.65,0.4021230367596711
169.70000000000002,0.4017137014008392
169.75,0.40260410949158487
169.8,0.4037933807412183
169.85000000000002,0.40434772340496133
169.9,0.40375302470073493
169.95000000000002,0.4023731147979432
170.0,0.40166020616375486
170.05,0.4023526587681055
170.10000000000002,0.4035866209802559
170.15,0.404299286566291
170.20000000000002,0.4039455789690476
170.25,0.4026472672802425
170.3,0.4016668097964816
170.35000000000002,0.40210009514792405
170.4,0.40335485265925763
170.45000000000002,0.4042242539665473
170.5,0.40408928108581177
170.55,0.40292730883717104
170.60000000000002,0.40174012455704766
170.65,0.4018606437071804
170.70000000000002,0.4030870071590926
170.75,0.4041222695839759
170.8,0.4041923896622036
170.85000000000002,0.40319759431357177
170.9,0.4018790650085581
170.95000000000002,0.40165518883574663
171.0,0.4027785977452126
171.05,0.40398317978720116
171.10000000000002,0.40426284283601194
171.15,0.4034481824842394
171.20000000000002,0.4020748108495641
171.25,0.40150611105405354
171.3,0.40243631900041144
171.35000000000002,0.4037911627105919
171.4,0.40430273167234787
171.45000000000002,0.40367550301746474
171.5,0.4023133625308888
171.55,0.4014316210429704
171.60000000000002,0.40207910198327435
171.65,0.40353144831647
171.70000000000002,0.40430486090087775
171.75,0.4038800674366657
171.8,0.40257948190843706
171.85000000000002,0.40144154220839967
171.9,0.40173532630327696
171.95000000000002,0.40319744065602936
172.0,0.40425292196156026
172.05,0.40406197846168856
172.10000000000002,0.40286025533427855
172.15,0.4015358519530301
172.20000000000002,0.4014371464818694
172.25,0.40279590463649917
172.3,0.40412556712351294
172.35000000000002,0.40421598594969993
172.4,0.4031466877030908
172.45000000000002,0.40170617928115887
172.5,0.4012138018604787
172.55,0.4023485158463875
172.60000000000002,0.4039032826375138
172.65,0.4043282056071208
172.70000000000002,0.40343256270380573
172.75,0.40193930260250355
172.8,0.401086024855911
172.85000000000002,0.40188924378121504
172.9,0.4035759334561654
172.95000000000002,0.40437616845155705
173.0,0.4037109789968015
173.05,0.4022209616747359
173.10000000000002,0.4010631577468529
173.15,0.4014583602690257
173.20000000000002,0.40314855614189193
173.25,0.4043327375960954
173.3,0.4039700514227071
173.35000000000002,0.40253826724541714
173.4,0.40114351530961767
173.45000000000002,0.401094906460426
173.5,0.4026434977045892
173.55,0.4041730166607339
173.60000000000002,0.4041898110807298
173.65,0.4028796594404669
173.70000000000002,0.4013173092681858
173.75,0.4008298635439633
173.8,0.4020981334395324
173.85000000000002,0.4038822310553011
173.9,0.4043420894057639
173.95000000000002,0.40323247718966937
174.0,0.40157055769831534
174.05,0.40068190814750226
174.10000000000002,0.40155876598621615
174.15,0.4034621073569142
174.20000000000002,0.4043941706626336
174.25,0.40357933659594547
174.3,0.40188817176146746
174.35000000000002,0.40065662110447375
174.4,0.4010724687020189
174.45000000000002,0.40293366468928193
174.5,0.40431559958814944
174.55,0.40389522832821134
174.60000000000002,0.40225491628804466
174.65,0.40074874818995043
174.70000000000002,0.4006792089955814
174.75,0.4023354127592291
174.8,0.4040862814155923
174.85000000000002,0.40414719715318825
174.9,0.4026539683440887
174.95000000000002,0.4009460706399281
175.0,0.4004063680875571
175.05,0.40171734945872706
175.10000000000002,0.4037033913435663
175.15,0.40429762674859454
175.20000000000002,0.4030639679487338
175.25,0.40123302174596664
175.3,0.40026683757121895
175.35000000000002,0.4011324192418567
175.4,0.40318484827777806
175.45000000000002,0.4043108024380117
175.5,0.40345630929400733
175.55,0.4015925210740863
175.60000000000002,0.40026057430356243
175.65,0.4006278160069802
175.70000000000002,0.40256811079803995
175.75,0.4041610894079916
175.8,0.40379457733399715
175.85000000000002,0.4020054355989151
175.9,0.4003783255840999
175.95000000000002,0.40023844438992107
176.0,0.4019044675149514
176.05,0.4038402832011403
176.10000000000002,0.4040373678011083
176.15,0.4024482574652939
176.20000000000002,0.40060563570612806
176.25,0.39998400106986914
176.3,0.40125034976553703
176.35000000000002,0.4033617611980051
176.4,0.404144459081197
176.45000000000002,0.4028905619601982
176.5,0.4009254130362986
176.55,0.39986983293303846
176.60000000000002,0.40065806141315624
176.65,0.4027599657666901
176.70000000000002,0.40408491493465165
176.75,0.4032941542047359
176.8,0.40131817708748996
176.85000000000002,0.3998904496581193
176.9,0.40016839150677713
176.95000000000002,0.4020851573220168
177.0,0.403844761575355
177.05,0.4036153325956348
177.10000000000002,0.40176028432110483
177.15,0.40003380252022547
177.20000000000002,0.399806822726693
177.25,0.4013948107075079
177.3,0.40343178114620293
177.35000000000002,0.40381052798037265
177.4,0.4022214988885167
177.45000000000002,0.40028444854985834
177.5,0.39958374814804465
177.55,0.4007440197702298
177.60000000000002,0.4028757414391162
177.65,0.4038441698522053
177.70000000000002,0.4026637918116531
177.75,0.40062445701140337
177.8,0.39949774543762273
177.85000000000002,0.4001774895698953
177.9,0.4022237579474084
177.95000000000002,0.40369655648676217
178.0,0.4030429561025915
178.05,0.40103208272427154
178.10000000000002,0.39954004234848867
178.15,0.3997250411931212
178.20000000000002,0.40153198329809947
178.25,0.40336922801785513
178.3,0.4033135777861507
178.35000000000002,0.4014793754904818
178.4,0.39969816166676553
178.45000000000002,0.3994012786433099
178.5,0.4008559257859532
178.55,0.4028859737898228
178.60000000000002,0.40343650126324176
178.65,0.40193056260677684
178.70000000000002,0.3999573683163569
178.75,0.39920863616047375
178.8,0.40024204879509756
178.85000000000002,0.40228892649572834
178.9,0.4033867452540103
178.95000000000002,0.40234292423437856
179.0,0.40029968687510764
179.05,0.3991419798618745
179.10000000000002,0.39972275418930114
179.15,0.4016307330038488
179.20000000000002,0.4031593683635148
179.25,0.4026709649353018
179.3,0.40070146684865926
179.35000000000002,0.3991926454487511
179.4,0.3993156120956269
179.45000000000002,0.40096500967723747
179.5,0.40277125928598145
179.55,0.4028733163307845
179.60000000000002,0.4011312753791251
179.65,0.39935032780127194
179.70000000000002,0.399026221191062
179.75,0.4003377668815407
179.8,0.4022580600863414
179.85000000000002,0.40292053947744544
179.9,0.4015499428707458
179.95000000000002,0.39960235264400995
180.0,0.3988529253495828
180.05,0.3997820516610354
180.10000000000002,0.4016669879910948
180.15,0.40280137476937533
180.20000000000002,0.40191381138863114
180.25,0.399931122721586
180.3,0.3987911874860818
180.35000000000002,0.39931686101091135
180.4,0.4010476313160048
180.45000000000002,0.40252528994946524
180.5,0.40218091700997455
180.55,0.4003114520310867
180.60000000000002,0.39883585027610174
180.65,0.3989498708994642
180.70000000000002,0.4004434025574684
180.75,0.4021203042089211
180.8,0.40231851378456895
180.85000000000002,0.4007097025179715
180.9,0.3989805962859271
180.95000000000002,0.3986822696212619
181.0,0.39988601007897673
181.05,0.4016266068393506
181.10000000000002,0.40230957831526337
181.15,0.40108599831413744
181.20000000000002,0.3992152201437656
181.25,0.3985134356287538
181.3,0.3993941729593393
181.35000000000002,0.40108788026649456
181.4,0.40215606126668657
181.45000000000002,0.40139954092469005
181.5,0.39952235462343455
181.55,0.3984435271725295
181.60000000000002,0.3989762788755582
181.65,0.400542967780151
181.70000000000002,0.40187764987704044
181.75,0.4016156895450379
181.8,0.39987563766760237
181.85000000000002,0.3984730933092566
181.9,0.39863534825471153
181.95000000000002,0.4000203288351627
182.0,0.40150630299096046
182.05,0.40171257459824977
182.10000000000002,0.4002408012254674
182.15,0.3986001452795563
182.20000000000002,0.39837400342996276
182.25,0.3995366616586916
182.3,0.4010782645955986
182.35000000000002,0.4016849683548641
182.4,0.4005799906112336
182.45000000000002,0.39881625164065304
182.5,0.3981973698837861
182.55,0.3990995479687338
182.60000000000002,0.40062611319129304
182.65,0.40154398738264013
182.70000000000002,0.40085824632365974
182.75,0.3991037000048478
182.8,0.39811282729290554
182.85000000000002,0.39871256732119176
182.9,0.4001733378901971
182.95000000000002,0.40131262631050146
183.0,0.40105007519025404
183.05,0.3994353984470291
183.10000000000002,0.3981268816490937
183.15,0.3983805573672227
183.20000000000002,0.39973296102316913
183.25,0.4010185955358148
183.3,0.40114383070800275
183.35000000000002,0.39977809776305545
183.4,0.39824063670664656
183.45000000000002,0.39811282619008037
183.5,0.3993102171242512
183.55,0.4006868958502847
183.60000000000002,0.4011423170520727
183.65,0.40009814019159434
183.70000000000002,0.39844594770959796
183.75,0.39792305762046015
183.8,0.3989078343824251
183.85000000000002,0.4003346317781012
183.9,0.40105936116380886
183.95000000000002,0.4003678419781712
184.0,0.39872410397915153
184.05,0.39782601307639226
184.10000000000002,0.39853159418099277
184.15,0.3999697062633021
184.20000000000002,0.40091357049759113
184.25,0.40057026011065383
184.3,0.39904788542624514
184.35000000000002,0.3978324145495228
184.4,0.39819387031863496
184.45000000000002,0.3995935673385406
184.5,0.4007215432831597
184.55,0.40070062664060246
184.60000000000002,0.39938647202297
184.65,0.3979441174560897
184.70000000000002,0.39791372143864623
184.75,0.3992066686688662
184.8,0.40049300966201573
184.85000000000002,0.400763954565822
184.9,0.3997115105596077
184.95000000000002,0.3981515755497843
185.0,0.39771347473844987
185.05,0.39881433821694257
185.10000000000002,0.4002296483225488
185.15,0.4007697656370053
185.20000000000002,0.4000021446906055
185.25,0.3984346959971458
185.3,0.39761308212441937
185.35000000000002,0.39843067119882364
185.4,0.3999279131031989
185.45000000000002,0.400726007416898
185.5,0.4002471879546586
185.55,0.39876683581022526
185.60000000000002,0.3976243655727606
185.65,0.3980788624899687
185.70000000000002,0.3995846703195237
185.75,0.4006345781610026
185.8,0.4004437215532462
185.85000000000002,0.3991204523832293
185.9,0.39774729405858916
185.95000000000002,0.39778774646715964
186.0,0.39920338543121314
186.05,0.40049028458486874
186.10000000000002,0.4005927958316985
186.15,0.3994722876865305
186.20000000000002,0.39796962995399576
186.25,0.3975857103267895
186.3,0.3987984064052693
186.35000000000002,0.40028373533484884
186.4,0.40069408047844024
186.45000000000002,0.39980618614737135
186.5,0.3982699698604731
186.55,0.3974940891242076
186.60000000000002,0.39839560597602774
186.65,0.4000071328100077
186.70000000000002,0.4007417878780711
186.75,0.4001126171429149
186.8,0.39862290793225114
186.85000000000002,0.39752230681089684
186.9,0.39802897364037965
186.95000000000002,0.39966077659862315
187.0,0.4007237568724008
187.05,0.40038531368587005
187.10000000000002,0.39900428901789703
187.15,0.39766633168098936
187.20000000000002,0.3977341937569305
187.25,0.3992577758415863
187.3,0.40062436853087835
187.35000000000002,0.40061663856234075
187.4,0.3993945851394244
187.45000000000002,0.39791074372731283
187.5,0.3975412905063068
187.55,0.3988250859817772
187.60000000000002,0.40043044153562696
187.65,0.40079388277720096
187.70000000000002,0.39977926751829895
187.75,0.39823336486408056
187.8,0.3974687062836296
187.85000000000002,0.39840027281031837
187.9,0.40013802908265067
187.95000000000002,0.40089842205464493
188.0,0.4001463239607258
188.05,0.3986105184988727
188.10000000000002,0.39752060293055225
188.15,0.39802488918739515
188.20000000000002,0.3997575926511895
188.25,0.4009085722726582
188.3,0.4004822905762033
188.35000000000002,0.39902089587140765
188.4,0.39768795365234716
188.45000000000002,0.3977364946042299
188.5,0.3993155259884245
188.55,0.40080550247368363
188.60000000000002,0.4007688640353563
188.65,0.39944671120982717
188.70000000000002,0.39795261123531905
188.75,0.39756176601466076
188.8,0.3988512315489234
188.85000000000002,0.40058027223472537
188.9,0.4009820426295535
188.95000000000002,0.3998720320883312
189.0,0.39829253158410244
189.05,0.39751269698331304
189.10000000000002,0.3984104576467132
189.15,0.4002394785748239
189.20000000000002,0.40109480471668524
189.25,0.40027940625453606
189.3,0.39868608078059375
189.35000000000002,0.39758672582064003
189.4,0.3980368458641312
189.45000000000002,0.399807356194271
189.5,0.4010829156005632
189.55,0.4006467024098055
189.60000000000002,0.3991139206766627
189.65,0.3977702235967686
189.70000000000002,0.3977641943527169
189.75,0.39932331982303926
189.8,0.4009321137499889
189.85000000000002,0.40094612194569035
189.9,0.39955809363538325
189.95000000000002,0.3980436484720162
190.0,0.3976116266178238
190.05,0.3988354491646967
190.10000000000002,0.4006442099850032
190.15,0.4011465552103579
190.20000000000002,0.3999991724801033
190.25,0.398386258174066
190.3,0.3975827787058593
190.35000000000002,0.39839174857056375
190.4,0.40023983334767255
190.45000000000002,0.40121912380457436
190.5,0.40041323561431574
190.55,0.3987786892513331
190.60000000000002,0.3976686934036857
190.65,0.39803171262958503
190.70000000000002,0.39975659366878535
190.75,0.40114438284407516
190.8,0.4007706217394742
190.85000000000002,0.39920275337253447
190.9,0.3978528754527712
190.95000000000002,0.3977805591325259
191.0,0.39924291959123054
191.05,0.40091881058189427
191.10000000000002,0.40103780102361136
191.15,0.3996390508178266
191.20000000000002,0.3981163798535941
191.25,0.39764751254905173
191.3,0.39874924382052773
191.35000000000002,0.4005582366307254
191.4,0.4011824693861157
191.45000000000002,0.40006399170558826
191.5,0.3984410605051339
191.55,0.3976280958291267
191.60000000000002,0.3983190526310188
191.65,0.4000967615353908
191.70000000000002,0.4011805988044033
191.75,0.4004481678166097
191.8,0.39881005167509714
191.85000000000002,0.39770905508799514
191.9,0.39798230605707396
191.95000000000002,0.39958115743604933
192.0,0.40102321060304125
192.05,0.40075757179882804
192.10000000000002,0.39920580579508513
192.15,0.3978737928651785
192.20000000000002,0.3977528729397261
192.25,0.3990622136639103
192.3,0.40072047926912563
192.35000000000002,0.4009580485710971
192.4,0.39960709207396305
192.45000000000002,0.3981062659203187
192.5,0.3976302202301443
192.55,0.39858548231894114
192.60000000000002,0.4003015124880239
192.65,0.4010220007144027
192.70000000000002,0.39998687606911415
192.75,0.398392139747453
192.8,0.39760417451857333
192.85000000000002,0.3981840392622876
192.9,0.3998095101839674
192.95000000000002,0.4009352980302249
193.0,0.40031273192054984
193.05,0.39871723337224974
193.10000000000002,0.397660661633282
193.15,0.39787514963529247
193.20000000000002,0.39929351404180913
193.25,0.40070200087624636
193.3,0.40055045786191334
193.35000000000002,0.39906445496799503
193.4,0.39778623059521245
193.45000000000002,0.3976613659027176
193.5,0.3987990849135578
193.55,0.4003450580329426
193.60000000000002,0.40067023156859694
193.65,0.39941110901473476
193.70000000000002,0.39796987731772543
193.75,0.39753509392675684
193.8,0.3983605883405277
193.85000000000002,0.3999023897558714
193.9,0.40065347864838186
193.95000000000002,0.39972837204274264
194.0,0.39820189900257086
194.05,0.3974845926685855
194.10000000000002,0.3979971950564215
194.15,0.39941927601358884
194.20000000000002,0.4004981110610667
194.25,0.39998389567135306
194.3,0.39847075830477047
194.35000000000002,0.3974990926009614
194.4,0.39771341446360486
194.45000000000002,0.39893921484748746
194.5,0.4002201481275586
194.55,0.4001472077141475
194.60000000000002,0.3987597752839751
194.65,0.3975712847290842
194.70000000000002,0.3975034349078071
194.75,0.39849593934943156
194.8,0.3998508432316064
194.85000000000002,0.40019634426458434
194.9,0.399045573677945
194.95000000000002,0.397696602852429
195.0,0.3973573316285257
195.05,0.39810888405425876
195.10000000000002,0.39942992014603385
195.15,0.4001234606182563
195.20000000000002,0.39929952463172697
195.25,0.3978700374513239
195.3,0.3972667363999254
195.35000000000002,0.39778319742386586
195.4,0.3989968579104572
195.45000000000002,0.39993732515923597
195.5,0.39949220480831843
195.55,0.39808221105742786
195.60000000000002,0.39722798136664983
195.65,0.3975138334692166
195.70000000000002,0.3985828620277733
195.75,0.3996615543701139
195.8,0.3995995919163972
195.85000000000002,0.3983167470882317
195.9,0.3972418345144782
195.95000000000002,0.3972919098455119
196.0,0.3982059493122378
196.05,0.3993288639640634
196.10000000000002,0.399608877525038
196.15,0.39855044903443065
196.20000000000002,0.39731030856921457
196.25,0.39711087434149545
196.3,0.39787050360192283
196.35000000000002,0.3989730057413156
196.4,0.39952173504259436
196.45000000000002,0.39875665580529984
196.5,0.3974321597092236
196.55,0.39697028127035766
196.60000000000002,0.39757110417696706
196.65,0.3986209183639639
196.70000000000002,0.3993536663200199
196.75,0.39891080877059043
196.8,0.39759918113281256
196.85000000000002,0.3968760038266452
196.9,0.39729897302916567
196.95000000000002,0.39828760043535155
197.0,0.3991293782604704
197.05,0.3989962809205726
197.10000000000002,0.3977950607496755
197.15,0.3968370999467472
197.20000000000002,0.3970485725800394
197.25,0.3979752918540368
197.3,0.39887556028689897
197.35000000000002,0.3990082812908297
197.4,0.397997515038777
197.45000000000002,0.39686080729010287
197.5,0.3968219780656574
197.55,0.39767703606907023
197.60000000000002,0.39861342635315117
197.65,0.39895425714682275
197.70000000000002,0.3981830597841624
197.75,0.39694781376785715
197.8,0.3966295826974383
197.85000000000002,0.3973831571164634
197.9,0.39835355338522105
197.95000000000002,0.3988504419148213
198.0,0.3983326692969623
198.05,0.3970897914496281
198.10000000000002,0.39648708779589537
198.15,0.3970882131919676
198.20000000000002,0.3980947872855468
198.25,0.3987156087412137
198.3,0.3984361526861455
198.35000000000002,0.39727023969403175
198.4,0.3964100907690412
198.45000000000002,0.3967959158829241
198.5,0.39782755010528414
198.55,0.3985641855564944
198.60000000000002,0.3984935058165906
198.65,0.39746832923892916
198.70000000000002,0.3964084264424492
198.75,0.39652032987685437
198.8,0.39754029317595246
198.85000000000002,0.39840122840270814
198.9,0.3985126097280714
198.95000000000002,0.39766422053503103
199.0,0.39648243055042914
199.05,0.39628304989555513
199.10000000000002,0.39722672673268655
199.15,0.39822116257746654
199.20000000000002,0.39850403103755094
199.25,0.39784373612673446
199.3,0.39662247845909165
199.35000000000002,0.39610749249337884
199.4,0.39689122472909866
199.45000000000002,0.3980108602079758
199.5,0.3984748436896774
199.55,0.3980005198132446
199.60000000000002,0.39681181747028776
199.65,0.3960124321205745
199.70000000000002,0.3965505073211756
199.75,0.39775602545880273
199.8,0.3984238844750632
199.85000000000002,0.3981348071181663
199.9,0.39703140435444007
199.95000000000002,0.3960070934800722
200.0,0.3962310578330865
