Jt,m3_plus_q4
0.05,0.9909884453581776
0.1,0.9723521012940793
0.15000000000000002,0.9612443425184748
0.2,0.967752498109487
0.25,0.985980957301252
0.30000000000000004,0.999212117478569
0.35000000000000003,0.995158691281723
0.4,0.9776311461295757
0.45,0.962826316770594
0.5,0.9642235610772842
0.55,0.9805678972239231
0.6000000000000001,0.9969189178053762
0.65,0.9981325178092515
0.7000000000000001,0.9831333934336673
0.75,0.9658452636508413
0.8,0.9620549312427433
0.8500000000000001,0.9752112917637692
0.9,0.9933241819493466
0.9500000000000001,0.9996578360811912
1.0,0.9883806870967823
1.05,0.9700247489318898
1.1,0.96140803710362
1.1500000000000001,0.9703586408008146
1.2000000000000002,0.9887433168422493
1.25,0.9996126562088771
1.3,0.9929181995248806
1.35,0.9749828955859946
1.4000000000000001,0.962301722794191
1.4500000000000002,0.9664000686162184
1.5,0.9835702558607299
1.55,0.9980139308177878
1.6,0.9963568673358266
1.6500000000000001,0.980268446876369
1.7000000000000002,0.9646113568040404
1.75,0.9636317032064412
1.8,0.9782369709800272
1.85,0.9950115393178374
1.9000000000000001,0.9984081775534462
1.9500000000000002,0.9854033525998661
2.0,0.9680815243258812
2.0500000000000003,0.9622286020727244
2.1,0.9731701609492083
2.15,0.9908686362385494
2.2,0.9989074145491921
2.25,0.9899273231503465
2.3000000000000003,0.9723511869213395
2.35,0.9622295886634649
2.4000000000000004,0.9687495893008573
2.45,0.9859311566814924
2.5,0.9978231166479887
2.5500000000000003,0.993439304298069
2.6,0.9769888664133408
2.6500000000000004,0.9635353677066031
2.7,0.965272021020437
2.75,0.9805902606334505
2.8000000000000003,0.9952524320595633
2.85,0.9956311330531462
2.9000000000000004,0.9815341079117014
2.95,0.9659201625649432
3.0,0.9629239974038146
3.0500000000000003,0.9752418573496284
3.1,0.9914038487728573
3.1500000000000004,0.9963098117494177
3.2,0.9855404786361168
3.25,0.9690557861533164
3.3000000000000003,0.9617659201977884
3.35,0.9702472130764795
3.4000000000000004,0.986570059594775
3.45,0.9954066395071419
3.5,0.9886150097786779
3.5500000000000003,0.9725455731349061
3.6,0.9617290328642407
3.6500000000000004,0.9658982426648565
3.7,0.9810943857197733
3.75,0.9929733872732462
3.8000000000000003,0.9904495384554215
3.85,0.9759641945731335
3.9000000000000004,0.9626257436100352
3.95,0.9623906095617093
4.0,0.9753343084673556
4.05,0.9891672955326437
4.1000000000000005,0.9908408394836251
4.15,0.9788984052735218
4.2,0.9641722640773479
4.25,0.9598072313630014
4.3,0.9696254758702063
4.3500000000000005,0.9842276127103661
4.4,0.9896984022856619
4.45,0.9809836022969035
4.5,0.9660208713937561
4.55,0.9581140511023035
4.6000000000000005,0.9642493016578907
4.65,0.97844667075306
4.7,0.9870406396054549
4.75,0.9819318991287479
4.800000000000001,0.9677975775226797
4.8500000000000005,0.9571687848833995
4.9,0.9594070787694191
4.95,0.9721383447338869
5.0,0.9829816831376793
5.050000000000001,0.9815491279739855
5.1000000000000005,0.9691400485419568
5.15,0.9567417429598011
5.2,0.9552032936384521
5.25,0.9656064919596344
5.300000000000001,0.9777114775462535
5.3500000000000005,0.9797403141912687
5.4,0.9697306334486155
5.45,0.9565459623628082
5.5,0.9516402813018745
5.550000000000001,0.9591158674229889
5.6000000000000005,0.9714717433980947
5.65,0.9765050759487254
5.7,0.9693204736767143
5.75,0.9562722374437795
5.800000000000001,0.948625240546015
5.8500000000000005,0.952868112702311
5.9,0.9645299167547803
5.95,0.9719255403339842
6.0,0.9677426486826456
6.050000000000001,0.955623713948427
6.1000000000000005,0.9459888962994126
6.15,0.9469855009551346
6.2,0.9571528156519435
6.25,0.9661495391881061
6.300000000000001,0.9649146050891589
6.3500000000000005,0.9543449078764533
6.4,0.9435130572224311
6.45,0.9415048075444197
6.5,0.9495818019215159
6.550000000000001,0.9593712833044226
6.6000000000000005,0.9608320021503538
6.65,0.952241392302033
6.7,0.940962536930923
6.75,0.936382634039546
6.800000000000001,0.9420115806385843
6.8500000000000005,0.9518109205065817
6.9,0.9555570266074223
6.95,0.9491886348207487
7.0,0.9381159946215493
7.050000000000001,0.9315117131019683
7.1000000000000005,0.934575184709907
7.15,0.943693883210728
7.2,0.9492040442794624
7.25,0.9451309017952869
7.300000000000001,0.934790600001866
7.3500000000000005,0.9267455414107251
7.4,0.9273376376488861
7.45,0.9352310143363495
7.5,0.9419244956903737
7.550000000000001,0.9400730024158794
7.6000000000000005,0.9308570435272463
7.65,0.9219267985316859
7.7,0.9202998773106327
7.75,0.9266010536950807
7.800000000000001,0.933891830569765
7.8500000000000005,0.9340683687286521
7.9,0.9262438665934798
7.95,0.916914096908823
8.0,0.9134127229937452
8.05,0.9179377548145743
8.1,0.9252866130146945
8.15,0.9272064694915709
8.200000000000001,0.9209326269540324
8.25,0.9116020776794667
8.3,0.9065984105658815
8.35,0.9093241043017155
8.4,0.9162820234896616
8.450000000000001,0.9196012544334156
8.5,0.9149472309383062
8.55,0.9059316661108494
8.6,0.8997752603376228
8.65,0.9007953776252874
8.700000000000001,0.9070307234751644
8.75,0.9113809325035002
8.8,0.9083413112819553
8.85,0.899889911092274
8.9,0.8928801321266447
8.950000000000001,0.8923510378069072
9.0,0.8976549521802569
9.05,0.9026785637218604
9.1,0.9011867720668508
9.15,0.893501433859426
9.200000000000001,0.8858838780232667
9.25,0.8839732288296115
9.3,0.8882421504587222
9.35,0.8936230077461385
9.4,0.8935650492420638
9.450000000000001,0.8868152669593408
9.5,0.878796926045297
9.55,0.8756476434374261
9.600000000000001,0.8788478585013703
9.65,0.8843305824907854
9.700000000000001,0.885561021017294
9.75,0.8798912537746926
9.8,0.8716648279326089
9.850000000000001,0.8673816538080119
9.9,0.8695060436295615
9.950000000000001,0.8748988218993169
10.0,0.87725854212685
10.05,0.8727892168845592
10.100000000000001,0.8645562095959486
10.15,0.8592152079564235
10.200000000000001,0.8602448481556677
10.25,0.8654043121697776
10.3,0.8687365860687045
10.350000000000001,0.8655623332509407
10.4,0.8575472323110991
10.450000000000001,0.8512219802874722
10.5,0.8511038343913648
10.55,0.8559062171459869
10.600000000000001,0.860065795763284
10.65,0.8582543883721703
10.700000000000001,0.8507069181318087
10.75,0.843500982498665
10.8,0.8421479622832764
10.850000000000001,0.8464556943840238
10.9,0.8513063262819117
10.950000000000001,0.8508995252704447
11.0,0.8440865771377458
11.05,0.8361613912984464
11.100000000000001,0.8334741895296177
11.15,0.8371094021962738
11.200000000000001,0.8425085443820555
11.25,0.8435230581432687
11.3,0.8377146785779475
11.350000000000001,0.8293049040628313
11.4,0.8252085769829245
11.450000000000001,0.8279435185839238
11.5,0.833717927195907
11.55,0.836142697945612
11.600000000000001,0.8315966604743101
11.65,0.8230100458911589
11.700000000000001,0.8174944482311138
11.75,0.8190639409447507
11.8,0.8249842922161069
11.850000000000001,0.8287705957760555
11.9,0.8257180669040882
11.950000000000001,0.8173216279000887
12.0,0.8104745891806296
12.05,0.8106090226795957
12.100000000000001,0.8163737118532363
12.15,0.821417308184857
12.200000000000001,0.8200493117138151
12.25,0.8122466010221812
12.3,0.8042718848577182
12.350000000000001,0.8027431577968944
12.4,0.8079798854430739
12.450000000000001,0.8140986638105442
12.5,0.8145510817912104
12.55,0.8077556840548133
12.600000000000001,0.7989727791094613
12.65,0.7956420779771839
12.700000000000001,0.7999311208645358
12.75,0.806845492604884
12.8,0.8091803762256181
12.850000000000001,0.803789035239428
12.9,0.7946166524463164
12.950000000000001,0.7894729983908565
13.0,0.7923897997521724
13.05,0.7997146533798356
13.100000000000001,0.8038978323354781
13.15,0.8002641201668684
13.200000000000001,0.7911922542839702
13.25,0.7843739922693145
13.3,0.7855430842152593
13.350000000000001,0.7927984605168155
13.4,0.7986769117898593
13.450000000000001,0.7970845728200133
13.5,0.7886404955887028
13.55,0.7804368480248058
13.600000000000001,0.7795860156842396
13.65,0.7862291554231438
13.700000000000001,0.7935146691752654
13.75,0.7941497271680222
13.8,0.7868618312000384
13.850000000000001,0.7776963416779471
13.9,0.7747002231005657
13.950000000000001,0.7801758297607383
14.0,0.7884425574442385
14.05,0.7913650688146737
14.100000000000001,0.785726336063783
14.15,0.7761269423354378
14.200000000000001,0.7710325172527138
14.25,0.7748329983818031
14.3,0.7835346562924761
14.350000000000001,0.7886537848452195
14.4,0.7850851558912437
14.450000000000001,0.7756462147801136
14.5,0.7686774188674249
14.55,0.7704022191256438
14.600000000000001,0.7789104375807903
14.65,0.7859688747106474
14.700000000000001,0.7847827839705402
14.75,0.7761231645276262
14.8,0.7676663490492076
14.850000000000001,0.7670699931796158
14.9,0.7747299838784478
14.950000000000001,0.7833042576299659
15.0,0.7846700912774068
15.05,0.7773896477431592
15.100000000000001,0.767964378214012
15.15,0.7649860505640029
15.200000000000001,0.7711812587321364
15.25,0.7807025044256936
15.3,0.7846179507894756
15.350000000000001,0.7792534818214762
15.4,0.7694737818768708
15.450000000000001,0.7642458104303487
15.5,0.768461013854973
15.55,0.778256728864043
15.600000000000001,0.7845306904957494
15.65,0.7815125608612339
15.700000000000001,0.7720427036022168
15.75,0.7648795201053253
15.8,0.766752516364252
15.850000000000001,0.7761050054281515
15.9,0.7843577944348641
15.950000000000001,0.783969666929724
16.0,0.7754771049094809
16.05,0.7668488584396309
16.1,0.7662039709811447
16.150000000000002,0.7744172391967901
16.2,0.7841016967689703
16.25,0.7864475686666738
16.3,0.779554632961393
16.35,0.770050265973819
16.400000000000002,0.7669111375469022
16.45,0.7733761771881679
16.5,0.783819572834354
16.55,0.7888034893372114
16.6,0.7840396138131497
16.650000000000002,0.7743233880496355
16.7,0.7689064246980539
16.75,0.7731556149415815
16.8,0.7836178657092968
16.85,0.7909413958874183
16.900000000000002,0.7886986992422029
16.95,0.7794628882403061
17.0,0.7721551636659774
17.05,0.7738993883642982
17.1,0.7836396994596541
17.150000000000002,0.7928201798552299
17.2,0.7933166050191928
17.25,0.7852322700846271
17.3,0.7765583792804244
17.35,0.7757043429183268
17.400000000000002,0.7840468625172096
17.45,0.7944559662666856
17.5,0.7977109735047395
17.55,0.7913788384802408
17.6,0.7819605628563846
17.650000000000002,0.7786093567105018
17.7,0.7849991882153295
17.75,0.7959175799035972
17.8,0.8017449311763345
17.85,0.7976492125355412
17.900000000000002,0.7881607947924506
17.95,0.782591085870406
18.0,0.7866345736964062
18.05,0.7973154309870303
18.1,0.8053356854276652
18.150000000000002,0.8038047554065935
18.2,0.794925857316066
18.25,0.7875658581664516
18.3,0.7890525024145557
18.35,0.7987853692970289
18.400000000000002,0.8084577232162973
18.45,0.8096360109575337
18.5,0.8020043866791582
18.55,0.7933963805017087
18.6,0.7923029679786776
18.650000000000002,0.8004699905316309
18.7,0.8111398705133132
18.75,0.8149749434904585
18.8,0.8091413760078037
18.85,0.799901716006101
18.900000000000002,0.7963814881382221
18.95,0.8025002067951618
19.0,0.8134564790821538
19.05,0.8197036772288305
19.1,0.8160923735869345
19.150000000000002,0.8068691662055762
19.200000000000003,0.8012298096570316
19.25,0.8049795885887976
19.3,0.8155140249930418
19.35,0.823758654714726
19.400000000000002,0.8226366089644757
19.450000000000003,0.814067006922226
19.5,0.8067411858024458
19.55,0.8079732150530963
19.6,0.8174351328923691
19.650000000000002,0.8271296762789117
19.700000000000003,0.8285881699110642
19.75,0.8212572793912692
19.8,0.8127688204680856
19.85,0.8115017951812462
19.900000000000002,0.8193423112533823
19.950000000000003,0.8298540149609809
20.0,0.8338043698100204
20.05,0.8282079782519922
20.1,0.8191361124236012
20.150000000000002,0.8155409046539374
20.200000000000003,0.8213434961490448
20.25,0.8320065173201672
20.3,0.838190638433503
20.35,0.8347040608505516
20.400000000000002,0.8256475316406594
20.450000000000003,0.820024500710717
20.5,0.8235209756450654
20.55,0.8336871160722971
20.6,0.8417016134346408
20.650000000000002,0.8405568000481083
20.700000000000003,0.8320991994939921
20.75,0.8248514931432415
20.8,0.8259245671853424
20.85,0.8350074092429312
20.900000000000002,0.8443385219527112
20.950000000000003,0.8456111403132811
21.0,0.8382885023602064
21.05,0.8298940242762236
21.1,0.8285691955377866
21.150000000000002,0.8360779211552408
21.200000000000003,0.8461433212824425
21.25,0.84975086806393
21.3,0.8440223656478058
21.35,0.8350061726590591
21.400000000000002,0.8314363792232918
21.450000000000003,0.8369974194537664
21.5,0.8471903494319314
21.55,0.8529015283114059
21.6,0.8491241396063237
21.650000000000002,0.8400320075249446
21.700000000000003,0.8344786443441465
21.75,0.8378452746157979
21.8,0.847576419050817
21.85,0.8550310834934808
21.900000000000002,0.8534393197948053
21.950000000000003,0.8448122904073531
22.0,0.8376255787766781
22.05,0.8386773462969827
22.1,0.8474104070868008
22.150000000000002,0.8561483275009644
22.200000000000003,0.856840438777696
22.25,0.8491896339925983
22.3,0.8407901458207989
22.35,0.8395253015951138
22.400000000000002,0.8468034559726981
22.450000000000003,0.8562990942692292
22.5,0.8592313622575517
22.55,0.8530124860980307
22.6,0.8438740414076563
22.650000000000002,0.8403986827681353
22.700000000000003,0.8458608534488297
22.75,0.8555604188342999
22.8,0.8605509342460048
22.85,0.8561387231634474
22.900000000000002,0.8467713405099965
22.950000000000003,0.8412885517601142
23.0,0.8446764085817683
23.05,0.8540330724075689
23.1,0.8607755634237592
23.150000000000002,0.858439728567006
23.200000000000003,0.8493703914891115
23.25,0.8421712778145422
23.3,0.8433296504784789
23.35,0.8518332554449392
23.400000000000002,0.8599201005254964
23.450000000000003,0.8598055215281313
23.5,0.8515546983896966
23.55,0.8430111327353976
23.6,0.841885511370755
23.650000000000002,0.849084529896545
23.700000000000003,0.8580363883741716
23.75,0.8601508812900487
23.8,0.8532040940688495
23.85,0.8437608850881323
23.900000000000002,0.8403954929245203
23.950000000000003,0.8459110959554436
24.0,0.8552092434746169
24.05,0.8594217057050896
24.1,0.8541975908980882
24.150000000000002,0.8443604663097418
24.200000000000003,0.8388988860615849
24.25,0.8424331473565446
24.3,0.8515502577766446
24.35,0.8576003368937867
24.400000000000002,0.8544188093982649
24.450000000000003,0.8447347603117524
24.5,0.837422631890564
24.55,0.8387643309391142
24.6,0.847190432752453
24.650000000000002,0.8547085162697811
24.700000000000003,0.8537639697817945
24.75,0.8447922660225101
24.8,0.8359789745514714
24.85,0.8350105275688777
24.900000000000002,0.8422729584470137
24.950000000000003,0.8508070848844532
25.0,0.8521514104807069
25.05,0.8444264692435403
25.1,0.8345610683549649
25.150000000000002,0.8312685882655312
25.200000000000003,0.8369472245083036
25.25,0.8459923917915194
25.3,0.8495308522261846
25.35,0.843521128963124
25.400000000000002,0.833137839823954
25.450000000000003,0.8276235899588388
25.5,0.8313644378658057
25.55,0.840390277821173
25.6,0.8458904538536403
25.650000000000002,0.8419595209851468
25.700000000000003,0.8316502152427171
25.75,0.8241437494882604
25.8,0.8256743062117575
25.85,0.8341490574840332
25.900000000000002,0.8412602052191172
25.950000000000003,0.8396363970442905
26.0,0.8300109165959025
26.05,0.8208732354539162
26.1,0.8200215340885721
26.150000000000002,0.8274328519941091
26.200000000000003,0.8357112105675593
26.25,0.8364704744684921
26.3,0.8281092817475256
26.35,0.8178243719564416
26.400000000000002,0.8145407266929153
26.450000000000003,0.8204159456351072
26.5,0.8293515394715499
26.55,0.8324150143221885
26.6,0.8258212043622345
26.650000000000002,0.8149716201618173
26.700000000000003,0.8093488629530756
26.75,0.813277859333715
26.8,0.8223200880864597
26.85,0.8274645744514224
26.900000000000002,0.8230227967921707
26.950000000000003,0.8122498168245943
27.0,0.8045356526632982
27.05,0.8061980288018599
27.1,0.8147799687326515
27.150000000000002,0.8216571445879542
27.200000000000003,0.8196052878704408
27.25,0.8095583103662386
27.3,0.8001534197667061
27.35,0.7993487548832555
27.400000000000002,0.8069123187363432
27.450000000000003,0.8150721480056408
27.5,0.8154883549416264
27.55,0.8067711223165357
27.6,0.7962090950288809
27.650000000000002,0.7928856423647201
27.700000000000003,0.7989104181369174
27.75,0.8078257114907996
27.8,0.8106296464156695
27.85,0.8037516159187162
27.900000000000002,0.7926609873727642
27.950000000000003,0.7869359189047714
28.0,0.7909731428878487
28.05,0.8000647947534562
28.1,0.8050294515738908
28.150000000000002,0.8003689629499475
28.200000000000003,0.7894220933517723
28.25,0.781586387655697
28.3,0.783296513079526
28.35,0.7919612002352574
28.400000000000002,0.7987308491381008
28.450000000000003,0.7965133644405125
28.5,0.7863700799669278
28.55,0.7768737273996964
28.6,0.7760626246665415
28.650000000000002,0.7837054869669537
28.700000000000003,0.7918166752243957
28.75,0.7921075756822031
28.8,0.7833623241915394
28.85,0.7727799247661334
28.900000000000002,0.7694264298091733
28.950000000000003,0.7754999246095954
29.0,0.7844049120960346
29.05,0.7871135490437634
29.1,0.7802531443656056
29.150000000000002,0.7692346601504256
29.200000000000003,0.763502198066969
29.25,0.7675493302646109
29.3,0.7766435713265495
29.35,0.781534441291718
29.400000000000002,0.7769100287603404
29.450000000000003,0.7661247698857933
29.5,0.7583524468106848
29.55,0.7600491429746006
29.6,0.768705161064009
29.650000000000002,0.7754132842521687
29.700000000000003,0.7732263103214487
29.75,0.7633090905144695
29.8,0.7539821803833906
29.85,0.7531712563169087
29.900000000000002,0.7607799337918345
29.950000000000003,0.7688299073233824
30.0,0.7691290562810394
30.05,0.7606357180192768
30.1,0.7503402799126714
30.150000000000002,0.7470494830804023
30.200000000000003,0.7530668047472151
30.25,0.761897189944374
30.3,0.7645824116089249
30.35,0.7579584092780305
30.400000000000002,0.7473281454769041
30.450000000000003,0.7417674651595744
30.5,0.7457613289980252
30.55,0.7547567445944566
30.6,0.7595876998031497
30.650000000000002,0.755149551670851
30.700000000000003,0.7448138452937186
30.75,0.7373518766815521
30.8,0.7390412720620069
30.85,0.7475732338081358
30.900000000000002,0.7541818717177107
30.950000000000003,0.7521085000989748
31.0,0.7426487517874032
31.05,0.7337727580227221
31.1,0.7330516397921435
31.150000000000002,0.7405262063123259
31.200000000000003,0.7484353753804407
31.25,0.7487655797082914
31.3,0.7406833703242672
31.35,0.7309510698073541
31.400000000000002,0.7278919540901323
31.450000000000003,0.7337988152905406
31.5,0.7424495319953365
31.55,0.7450831178656253
31.6,0.7387798161062743
31.650000000000002,0.728771708079655
31.700000000000003,0.7236085933466497
31.75,0.7275639016085896
31.8,0.7363525893969854
31.85,0.7410551402224003
31.900000000000002,0.7368198150073657
31.950000000000003,0.727098959390874
32.0,0.720194022262586
32.050000000000004,0.7219692289178702
32.1,0.7302932786572032
32.15,0.7367068261984974
32.2,0.7347086291535965
32.25,0.725791127858726
32.300000000000004,0.7175930137836558
32.35,0.7171245682889817
32.4,0.7244311394796518
32.45,0.7320938047053582
32.5,0.7323763769072774
32.550000000000004,0.7247118513117814
32.6,0.7157141441137111
32.65,0.7130933844392146
32.7,0.7189239569615227
32.75,0.7273004186618185
32.800000000000004,0.7297784777829216
32.85,0.7237370756258296
32.9,0.7144435991863628
32.95,0.709890935703709
33.0,0.7139139242957767
33.050000000000004,0.7224356858981321
33.1,0.7268963939283062
33.15,0.7227582029158253
33.2,0.7136580976188814
33.25,0.70748894553789
33.300000000000004,0.7095150589908461
33.35,0.7176260540390436
33.4,0.7237387915798035
33.45,0.7216830118212185
33.5,0.7132345282899173
33.550000000000004,0.7058252361913218
33.6,0.705804509123402
33.65,0.7130050533077265
33.7,0.7203422346092068
33.75,0.7204362189383117
33.800000000000004,0.7130553581671886
33.85,0.704815496996977
33.9,0.702819548011907
33.95,0.7087011778133129
34.0,0.7167700313124429
34.050000000000004,0.7189609926358225
34.1,0.7130104223817825
34.15,0.704364118737251
34.2,0.7005605183037024
34.25,0.7048262502701378
34.300000000000004,0.7131081127993286
34.35,0.7172216576193812
34.4,0.7129968143522556
34.45,0.7043717897487263
34.5,0.6989983084285838
34.550000000000004,0.7014667223960654
34.6,0.7094577167110478
34.65,0.7152067476634502
34.7,0.7129189023672318
34.75,0.7047389750612414
34.800000000000004,0.69808375728386
34.85,0.6986796797013521
34.9,0.7059258055467795
34.95,0.7129309511834527
35.0,0.7126899771876627
35.050000000000004,0.7053659438114255
35.1,0.6977561114603572
35.15,0.6964939565641897
35.2,0.7026150832659105
35.25,0.7104345920937585
35.300000000000004,0.7122359644436435
35.35,0.7061511414373638
35.4,0.6979483516965052
35.45,0.6949152222061836
35.5,0.6996157862925836
35.550000000000004,0.7077800233391368
35.6,0.7115004910065461
35.65,0.7069900764030739
35.7,0.698588552669893
35.75,0.6939327567179734
35.800000000000004,0.6970009468653551
35.85,0.7050453563523763
35.9,0.7104498402794973
35.95,0.707776447119366
36.0,0.6995979382820487
36.050000000000004,0.6935253154966753
36.1,0.6948256999251536
36.15,0.7023168775443395
36.2,0.7090762286920397
36.25,0.7084062070161293
36.300000000000004,0.700887442113143
36.35,0.6936640579665693
36.4,0.6931298450265152
36.45,0.69968194236541
36.5,0.7073983592092761
36.550000000000004,0.7087840819476506
36.6,0.7023550388179186
36.65,0.6943117344992429
36.7,0.6919418051786407
36.75,0.697223904029422
36.800000000000004,0.7054590964428493
36.85,0.7088311572900419
36.9,0.7038857856372115
36.95,0.6954187350307008
37.0,0.691281746581727
37.050000000000004,0.6950198006336185
37.1,0.7033209973451975
37.15,0.7084918228369562
37.2,0.7053555762276611
37.25,0.6969177448760245
37.300000000000004,0.6911620495777301
37.35,0.6931404079316333
37.4,0.701060989800392
37.45,0.7077386328533513
37.5,0.7066384255975444
37.550000000000004,0.6987192969531623
37.6,0.6915843599761
37.65,0.6916513058663318
37.7,0.6987655220637417
37.75,0.7065743222850376
37.800000000000004,0.7076160847117687
37.85,0.7007103300168277
37.9,0.6925337238410624
37.95,0.6906131792838534
38.0,0.6965270091318316
38.050000000000004,0.705031028601383
38.1,0.7081882223226552
38.15,0.7027570613749005
38.2,0.69397141311997
38.25,0.690079825634979
38.300000000000004,0.6944415830431492
38.35,0.703167418185651
38.400000000000006,0.7082814008425735
38.45,0.7047123464639924
38.5,0.6958286708910674
38.550000000000004,0.6900931605790679
38.6,0.6926073522259629
38.650000000000006,0.7010647051351343
38.7,0.7078555128819979
38.75,0.7064265897701211
38.800000000000004,0.6980035866043219
38.85,0.6906756049682312
38.900000000000006,0.6911219213420132
38.95,0.6988224094849635
39.0,0.7069070286823722
39.050000000000004,0.7077604956613538
39.1,0.7003626807685953
39.150000000000006,0.6918212653058771
39.2,0.6900779969550261
39.25,0.6965542202564908
39.300000000000004,0.7054691035956613
39.35,0.7085976537764205
39.400000000000006,0.7027477349303888
39.45,0.6934879965261453
39.5,0.689556474904791
39.550000000000004,0.6943837309200537
39.6,0.703609111781097
39.650000000000006,0.7088551289471025
39.7,0.70498725171225
39.75,0.695592576620884
39.800000000000004,0.6896172788299344
39.85,0.6924393717922435
39.900000000000006,0.7014243781085205
39.95,0.7084907494670969
40.0,0.7069109732713428
40.050000000000004,0.6980107807084482
40.1,0.6902891344151315
40.150000000000006,0.6908477742855487
40.2,0.699036752148606
40.25,0.7075064907193329
40.300000000000004,0.7083653286587789
40.35,0.7005832265598162
40.400000000000006,0.6915601660777748
40.45,0.6897251173294369
40.5,0.6965863102682618
40.550000000000004,0.7059480486365382
40.6,0.7092275932215308
40.650000000000006,0.7031267135524274
40.7,0.6933714866537153
40.75,0.6891666370511409
40.800000000000004,0.6942240807055532
40.85,0.7039012127912493
40.900000000000006,0.7094168898943252
40.95,0.7054496840462381
41.0,0.6956157002009982
41.050000000000004,0.689235250863244
41.1,0.6921034648504036
41.150000000000006,0.7014858605826418
41.2,0.708900832295055
41.25,0.7073696505924676
41.300000000000004,0.6981414720703634
41.35,0.6899509427855771
41.400000000000006,0.6903701011077454
41.45,0.6988482905702433
41.5,0.7076974340560535
41.550000000000004,0.708730105204126
41.6,0.7007642080835595
41.650000000000006,0.6912829589566349
41.7,0.6891502997099457
41.75,0.6961523089112072
41.800000000000004,0.7058726767075558
41.85,0.7094146000921222
41.900000000000006,0.7032816998054474
41.95,0.693146792330672
42.0,0.6885387815425883
42.050000000000004,0.693569169386338
42.1,0.7035346375734933
42.150000000000006,0.7093563051587909
42.2,0.7054926244872122
42.25,0.69540732654638
42.300000000000004,0.6885871150967584
42.35,0.6912663289430693
42.400000000000006,0.700825216996217
42.45,0.7085422523230618
42.5,0.7072152586752616
42.550000000000004,0.697888459862775
42.6,0.6892947377560743
42.650000000000006,0.6893951268050819
42.7,0.6979103053467572
42.75,0.7070124333264994
42.800000000000004,0.7083037861204469
42.85,0.7003882922232015
42.900000000000006,0.6906045383824262
42.95,0.6880779289175749
43.0,0.694968863303248
43.050000000000004,0.7048546618368082
43.1,0.7086601404180564
43.150000000000006,0.702697852368458
43.2,0.692404522077667
43.25,0.6873958858975951
43.300000000000004,0.6921810797659282
43.35,0.7021964497546924
43.400000000000006,0.7082402766146533
43.45,0.7046206533348153
43.5,0.694536106495787
43.550000000000004,0.6873790080452804
43.6,0.689715711281621
43.650000000000006,0.6991950483769461
43.7,0.7070548537408377
43.75,0.7059902679420362
43.800000000000004,0.6968083382942135
43.85,0.6880004890619509
43.900000000000006,0.6877169795476175
43.95,0.6960264102811404
44.0,0.705165220278219
44.050000000000004,0.7066836334704808
44.1,0.6990161139114187
44.150000000000006,0.6891768960204628
44.2,0.6862919463477974
44.25,0.6928733898577886
44.300000000000004,0.7026760761403533
44.35,0.7066287844739552
44.400000000000006,0.7009596826068621
44.45,0.6907749552489719
44.5,0.6854998828194384
44.550000000000004,0.6899132726044528
44.6,0.6997261556537915
44.650000000000006,0.7058068897911498
44.7,0.7024625301772885
44.75,0.6926244016594492
44.800000000000004,0.6853454928889399
44.85,0.6873048583393314
44.900000000000006,0.6964778592171146
44.95,0.7042494837230098
45.0,0.7033852391862451
45.050000000000004,0.6945350877833731
45.1,0.685777665316061
45.150000000000006,0.6851758055041269
45.2,0.6931062265536326
45.25,0.7020323411676477
45.300000000000004,0.7036339486874486
45.35,0.6963156590397062
45.400000000000006,0.6866946263038006
45.45,0.6836115702917264
45.5,0.6897872897081989
45.550000000000004,0.6992674415265707
45.6,0.7031632797974402
45.650000000000006,0.6977908698963537
45.7,0.687955117018645
45.75,0.6826477137467174
45.800000000000004,0.6866858727608673
45.85,0.6960940123075582
45.900000000000006,0.701974666202168
45.95,0.6988151143395593
46.0,0.6893939063630786
46.050000000000004,0.6822672814322347
46.1,0.6839433394293903
46.150000000000006,0.6926690266918307
46.2,0.7001116108103551
46.25,0.69928081682959
46.300000000000004,0.6908390013723814
46.35,0.6824042445913158
46.400000000000006,0.6816664407799319
46.45,0.6891570796211398
46.5,0.6976533585639392
46.550000000000004,0.6991216315157482
46.6,0.6921276543734001
46.650000000000006,0.682952772474077
46.7,0.679918938723644
46.75,0.6857195213902773
46.800000000000004,0.6947079544287785
46.85,0.6983115042170056
46.900000000000006,0.6931187800488461
46.95,0.6837807683808448
47.0,0.67871772118489
47.050000000000004,0.6825031328869164
47.1,0.6914049531488817
47.150000000000006,0.6968612184828485
47.2,0.6937005203923117
47.25,0.6847451133844242
47.300000000000004,0.67803449995945
47.35,0.6796293048634907
47.400000000000006,0.6878875193384174
47.45,0.6948139481363137
47.5,0.6937930547336988
47.550000000000004,0.6857057775910647
47.6,0.6778030065484393
47.650000000000006,0.6771852848931567
47.7,0.684303560593527
47.75,0.6922407165572793
47.800000000000004,0.6933478848904391
47.85,0.6865364906988022
47.900000000000006,0.6779302596762171
47.95,0.6752192012933248
48.0,0.6807959307849184
48.050000000000004,0.6892358566060841
48.1,0.692345361289209
48.150000000000006,0.6871308385284528
48.2,0.6783094620600225
48.25,0.6737400472036494
48.300000000000004,0.6774924527148266
48.35,0.6859119578934317
48.400000000000006,0.6907920265446187
48.45,0.6874040672598564
48.5,0.6788317809698025
48.550000000000004,0.672722694539989
48.6,0.6744971870497672
48.650000000000006,0.6823936519687155
48.7,0.6887186037924459
48.75,0.6872920376502847
48.800000000000004,0.679394808032877
48.85,0.6721166823739075
48.900000000000006,0.6718846264345002
48.95,0.6788099810462127
49.0,0.686178523871026
49.050000000000004,0.6867492795738717
49.1,0.6799067049795053
49.150000000000006,0.6718564928677714
49.2,0.6696980782959315
49.25,0.6752858472657393
49.300000000000004,0.683246184161165
49.35,0.6857478173163529
49.400000000000006,0.6802865033866968
49.45,0.6718707029774912
49.5,0.6679524716349902
49.550000000000004,0.6719337943421467
49.6,0.6800139494229842
49.650000000000006,0.6842775516729809
49.7,0.6804622168699035
49.75,0.6720879323032962
49.800000000000004,0.6666405393716233
49.85,0.6688477353279958
49.900000000000006,0.6765872995334361
49.95,0.6823479082831344
50.0,0.6803689192494524
50.050000000000004,0.6724387298169239
50.1,0.6657402959312855
50.150000000000006,0.6660999499913092
50.2,0.6730783190169839
50.25,0.6799896455447325
50.300000000000004,0.6799485917290599
50.35,0.6728540292218281
50.400000000000006,0.6652213793469648
50.45,0.6637417587006342
50.5,0.6695985539958605
50.550000000000004,0.6772554672433144
50.6,0.6791525362074126
50.650000000000006,0.6732620186401248
50.7,0.6650483282212468
50.75,0.6618070669752447
50.800000000000004,0.6662527371335608
50.85,0.6742184639962611
50.900000000000006,0.6779459307752952
50.95,0.6735857695266914
51.0,0.665180063869622
51.050000000000004,0.6603169620524971
51.1,0.663134730576586
51.150000000000006,0.6709682251578871
51.2,0.6763131561697473
51.25,0.6737435812082188
51.300000000000004,0.6655663293337198
51.35,0.6592831664914249
51.400000000000006,0.660326259278734
51.45,0.6676053621480293
51.5,0.6742621825434811
51.550000000000004,0.6736529033266052
51.6,0.6661430639539331
51.650000000000006,0.6587086017234003
51.7,0.657897898110113
51.75,0.6642357715247034
51.800000000000004,0.6718266427362712
51.85,0.6732373516691705
51.900000000000006,0.6668292072257073
51.95,0.6585844551685025
52.0,0.6559108072112867
52.050000000000004,0.6609659662760963
52.1,0.6690650409374672
52.150000000000006,0.6724352509899382
52.2,0.6675270349662311
52.25,0.6588845816488054
52.300000000000004,0.6544173132419167
52.35,0.6579001900676626
52.400000000000006,0.6660574974527734
52.45,0.6712076854716219
52.5,0.6681269943729731
52.550000000000004,0.6595592832847099
52.6,0.6534588114714316
52.650000000000006,0.655139056940194
52.7,0.6629011222486966
52.75,0.669544300688436
52.800000000000004,0.6685165688206178
52.85,0.6605310447500654
52.900000000000006,0.6530605101035312
52.95,0.6527785626568695
53.0,0.6597052648437683
53.050000000000004,0.6674658978791294
53.1,0.6685915006367419
53.150000000000006,0.6616944386223709
53.2,0.6532238902976296
53.25,0.6509079089959503
53.300000000000004,0.6565874563413798
53.35,0.6650238407897512
53.400000000000006,0.6682671222858645
53.45,0.6629212858975251
53.5,0.6539189237023065
53.550000000000004,0.6496048795133639
53.6,0.6536700527157615
53.650000000000006,0.6622970755067117
53.7,0.6674877077623128
53.75,0.6640706804571229
53.800000000000004,0.655078631029273
53.85,0.6489284292130931
53.900000000000006,0.6510767943227787
53.95,0.6593878675734339
54.0,0.6662324936860887
54.050000000000004,0.6650021928017936
54.1,0.6565982521241372
54.150000000000006,0.6489093801364656
54.2,0.6489281020342675
54.25,0.6564171180912951
54.300000000000004,0.664517996375167
54.35,0.6655898694027145
54.400000000000006,0.6583402190274983
54.45,0.6495412045701211
54.5,0.6473341476534681
54.550000000000004,0.653519498726779
54.6,0.6623970958799438
54.650000000000006,0.6657346853824632
54.7,0.6601446579291738
54.75,0.6507734118315412
54.800000000000004,0.6463855198184898
54.85,0.6508379787108183
54.900000000000006,0.6599557950981271
54.95,0.665373757614328
55.0,0.6618438017587502
55.050000000000004,0.6525097995728465
55.1,0.6461423845567739
55.150000000000006,0.6485169538154918
55.2,0.6573085027015658
55.25,0.6644855693795297
55.300000000000004,0.6632778927130116
55.35,0.6546128355712373
55.400000000000006,0.6466240205665932
55.45,0.6466933336779748
55.5,0.6545922569362072
55.550000000000004,0.6630913404073991
55.6,0.6643100703789628
55.650000000000006,0.6569140272044761
55.7,0.6478011162892626
55.75,0.6454855816344991
55.800000000000004,0.6519597824386391
55.85,0.6612532239255025
55.900000000000006,0.6648382828613935
55.95,0.6592287837293093
56.0,0.6495930183386769
56.050000000000004,0.6449816106888515
56.1,0.6495709587497752
56.150000000000006,0.6590701181084835
56.2,0.6648031455956365
56.25,0.6613733972269675
56.300000000000004,0.6518712307956211
56.35,0.6452272896629927
56.400000000000006,0.64758236946113
56.45,0.6566716267893533
56.5,0.6641915694419958
56.550000000000004,0.6631815663854945
56.6,0.6544691488074106
56.650000000000006,0.6462177753554561
56.7,0.6461350995218159
56.75,0.6542103200304955
56.800000000000004,0.6630366143980718
56.85,0.6645183135500837
56.900000000000006,0.6571966882502545
56.95,0.6478937404794071
57.0,0.6453416866488019
57.050000000000004,0.6518521895574925
57.1,0.6614142710381079
57.150000000000006,0.6652899614286145
57.2,0.6598575462721387
57.25,0.650143792138596
57.300000000000004,0.6452738433358777
57.35,0.6497652422767499
57.400000000000006,0.6594377736393822
57.45,0.6654497307738116
57.5,0.6622665221616877
57.550000000000004,0.6528131761369708
57.6,0.6459529712581988
57.650000000000006,0.6481065494033135
57.7,0.6572497863099281
57.75,0.6649992234333728
57.800000000000004,0.6642646403452441
57.85,0.6557176006898581
57.900000000000006,0.6473453885019259
57.95,0.6470086472644386
58.0,0.6550125979756323
58.050000000000004,0.663986416263327
58.1,0.6657305568399589
58.150000000000006,0.6586600642594399
58.2,0.6493635329980143
58.25,0.6465667614978651
58.300000000000004,0.6528964739575245
58.35,0.6625008159789013
58.400000000000006,0.6665876163790763
58.45,0.6614481794803212
58.5,0.6518733360287856
58.550000000000004,0.6468286743849636
58.6,0.6510665782430592
58.650000000000006,0.6606662505610224
58.7,0.6668066893544473
58.75,0.6639096902516843
58.800000000000004,0.6547067774393778
58.85,0.6477889955860274
58.900000000000006,0.6496693201606513
58.95,0.658631591868714
59.0,0.6664053771432716
59.050000000000004,0.6659045432576173
59.1,0.6576776825574706
59.150000000000006,0.6493890576641616
59.2,0.6488194384202997
59.25,0.65655967018514
59.300000000000004,0.6654442925828757
59.35,0.6673327520545976
59.400000000000006,0.6605983544208424
59.45,0.6515227243901454
59.5,0.6485894378321456
59.550000000000004,0.6546148091827951
59.6,0.6640209968345493
59.650000000000006,0.6681381123102056
59.7,0.6632947398284019
59.75,0.6540473080999236
59.800000000000004,0.6490029812139684
59.85,0.6529497337477358
59.900000000000006,0.6622619777560754
59.95,0.6683083789699821
60.0,0.6656184192674813
60.050000000000004,0.6567978499319196
60.1,0.6500334201462548
60.150000000000006,0.6516929737767845
60.2,0.6603129482956906
60.25,0.66787270979266
60.300000000000004,0.6674545811536174
60.35,0.6596024857043532
60.400000000000006,0.6516078541314141
60.45,0.6509381668281892
60.5,0.6583278074632155
60.550000000000004,0.6668970690761872
60.6,0.6687260246423314
60.650000000000006,0.6622966290800418
60.7,0.6536161123097455
60.75,0.6507367104988426
60.800000000000004,0.656456831345296
60.85,0.6654780301156091
60.900000000000006,0.6693938849589638
60.95,0.6647342228300397
61.0,0.6559231252597936
61.050000000000004,0.6510949234418094
61.1,0.6548349732954871
61.150000000000006,0.6637351953205411
61.2,0.6694560411406536
61.25,0.6667951727962423
61.300000000000004,0.6583825631984269
61.35,0.6519762232424383
61.400000000000006,0.6535714399643474
61.45,0.6618023908662
61.5,0.6689440511802442
61.550000000000004,0.6683890303355406
61.6,0.6608495300426859
61.650000000000006,0.6533079347432326
61.7,0.6527418412010083
61.75,0.6598179207891529
61.800000000000004,0.667919108965416
61.85,0.6694557456881696
61.900000000000006,0.6631905453000363
61.95,0.6549914361316198
62.0,0.6523840601315517
62.050000000000004,0.6579144402938555
62.1,0.6664671409423367
62.150000000000006,0.6699646628426023
62.2,0.6652898966234477
62.25,0.6569137010570383
62.300000000000004,0.6524984903393216
62.35,0.6562093337751284
62.400000000000006,0.6646929362545212
62.45,0.6699128074571463
62.5,0.6670524617615252
62.550000000000004,0.6589581100166669
62.6,0.6530524996943148
62.650000000000006,0.6547967248864188
62.7,0.6627132196243919
62.75,0.6693230556601937
62.800000000000004,0.6684039689734605
62.85,0.6610127614903778
62.900000000000006,0.6539881003661762
62.95,0.6537422533929895
63.0,0.6606488213578902
63.050000000000004,0.6682422035981247
63.1,0.6692901115335271
63.150000000000006,0.6629753376783145
63.2,0.655231100976068
63.25,0.6530814181655776
63.300000000000004,0.6586164847307843
63.35,0.6667385312214666
63.400000000000006,0.6696758262371277
63.45,0.6647546475736433
63.5,0.6566997312439693
63.550000000000004,0.6528216160885327
63.6,0.6567212285053268
63.650000000000006,0.6648983262775697
63.7,0.669545474565197
63.75,0.6662699514056004
63.800000000000004,0.6583109907545576
63.85,0.6529471629160821
63.900000000000006,0.6550503698011272
63.95,0.6628210381760089
64.0,0.6689038913243892
64.05,0.667449729204477
64.10000000000001,0.6599837520972528
64.15,0.6534258313371916
64.2,0.6536701574139964
64.25,0.6606131835973893
64.3,0.6677776054528175
64.35000000000001,0.668231490883449
64.4,0.6616387454962279
64.45,0.6542150562465541
64.5,0.6526254287760362
64.55,0.6583816546895866
64.60000000000001,0.6662152305604151
64.65,0.6685635735836418
64.7,0.66319662854524
64.75,0.6552661131239403
64.8,0.651941911451534
64.85000000000001,0.6562274657256215
64.9,0.664286156976779
64.95,0.6684089038148013
65.0,0.6645760189726937
65.05,0.6565252868234335
65.10000000000001,0.6516300055361655
65.15,0.6542410158159635
65.2,0.6620771825515054
65.25,0.6677497962153593
65.3,0.6656933700606973
65.35000000000001,0.6579321435322798
65.4,0.6516884052534617
65.45,0.6524995584846399
65.5,0.6596874000453142
65.55,0.6665923434573109
65.60000000000001,0.6664658769882675
65.65,0.65941616174737
65.7,0.6521059640342174
65.75,0.6510668478091111
65.8,0.6572222494440721
65.85000000000001,0.6649689799302974
65.9,0.6668174757093316
65.95,0.6608937568008204
66.0,0.6528608321440141
66.05,0.6499941322182788
66.10000000000001,0.6547878942896711
66.15,0.6629383301104947
66.2,0.6666868587440876
66.25,0.6622678195179613
66.3,0.6539169569132932
66.35000000000001,0.6493211104338121
66.4,0.6524868611859245
66.45,0.6605822663012956
66.5,0.6660356913196779
66.55,0.6634312019484822
66.60000000000001,0.6552192076467912
66.65,0.6490754029239163
66.7,0.6504152535202785
66.75,0.6580008895895963
66.8,0.6648550992731426
66.85000000000001,0.6642743505484321
66.9,0.6566892445128393
66.95,0.649269617046863
67.0,0.6486610621969794
67.05,0.6553066105302499
67.10000000000001,0.6631690104287088
67.15,0.6646959576737572
67.2,0.658224423534637
67.25,0.6498960802901014
67.3,0.6473024822279867
67.35000000000001,0.6526184647142459
67.4,0.6610338426956004
67.45,0.6646145478367003
67.5,0.6597013817520316
67.55,0.6509204760506799
67.60000000000001,0.6464049869468237
67.65,0.6500572834765269
67.7,0.6585349963528313
67.75,0.6639786424281862
67.8,0.6609846661853473
67.85000000000001,0.6522765157551613
67.9,0.6460163318620011
67.95,0.6477415880541946
68.0,0.655781272233793
68.05,0.6627735979316609
68.10000000000001,0.6619393056867795
68.15,0.6538640274733061
68.2,0.6461595687381511
68.25,0.6457834301712194
68.3,0.6528984773656141
68.35000000000001,0.6610241758754113
68.4,0.6624450908845891
68.45,0.6555522542831774
68.5,0.6468252608047202
68.55,0.6442831675639704
68.60000000000001,0.6500230923229074
68.65,0.6587930033492823
68.7,0.6624098936755972
68.75,0.657188879813565
68.8,0.6479649909062367
68.85000000000001,0.6433224837315711
68.9,0.6472961822371924
68.95,0.6561759240070103
69.0,0.6617797191171216
69.05,0.6586137631452139
69.10000000000001,0.6494885489378599
69.15,0.6429557696688075
69.2,0.6448570834757157
69.25,0.6532955512194216
69.3,0.6605441498878524
69.35000000000001,0.6596751036734447
69.4,0.6512666645001144
69.45,0.6432010168319886
69.5,0.6428361095973044
69.55,0.6502940802660981
69.60000000000001,0.6587370324021532
69.65,0.6602451828331071
69.7,0.653139918500193
69.75,0.6440322353762582
69.8,0.6413457551158218
69.85000000000001,0.6473257999726002
69.9,0.6564332345805475
69.95,0.660233087137654
70.0,0.6549329216812209
70.05,0.6453757233522359
70.10000000000001,0.6404705831295494
70.15,0.6445491125539777
70.2,0.6537427674593935
70.25,0.659592748712998
70.3,0.6564715181812074
70.35000000000001,0.6471120502872421
70.4,0.6402569186976863
70.45,0.6421175520305892
70.5,0.6508034340704222
70.55,0.658325867573505
70.60000000000001,0.6576000960758006
70.65,0.6490844523812563
70.7,0.6407042698738051
70.75,0.6401694599451634
70.8,0.6477726339151347
70.85000000000001,0.6564803567484948
70.9,0.6581962454036013
70.95,0.6511128279149587
71.0,0.6417606975518176
71.05,0.6388165933889777
71.10000000000001,0.6448183520951463
71.15,0.6541455331903743
71.2,0.6581808751623349
71.25,0.6530111794350959
71.3,0.6433239349967523
71.35000000000001,0.6381327773954302
71.4,0.642109032808639
71.45,0.651445257540081
71.5,0.657523125893775
71.55,0.6546056157314439
71.60000000000001,0.6452489650468033
71.65,0.6381444336890848
71.7,0.6398021589127662
71.75,0.648529765696568
71.8,0.6562405438729384
71.85000000000001,0.6557501059389808
71.9,0.6473613224212995
71.95,0.6388250831369464
72.0,0.6380319014208717
72.05,0.6455663699544476
72.10000000000001,0.6543956497689288
72.15,0.6563379796640929
72.2,0.6494740788129013
72.25,0.6400955239836017
72.3,0.6368969509395411
72.35000000000001,0.6427288758009272
72.4,0.6520900997989799
72.45,0.6563083600628629
72.5,0.6514057201117421
72.55,0.6418303656168137
72.60000000000001,0.6364502827499019
72.65,0.6401856509856985
72.7,0.6494572358868991
72.75,0.6556478627040077
72.8,0.6529961522485167
72.85000000000001,0.6438702401327895
72.9,0.636692830101338
72.95,0.6380867709266671
73.0,0.6466532787073148
73.05,0.6543886131775629
73.10000000000001,0.6541188090204538
73.15,0.6460377648577588
73.2,0.6375726588111169
73.25,0.6365513433085601
73.3,0.6438470777650198
73.35000000000001,0.6526037620250436
73.4,0.6546879814491515
73.45,0.6481545980626924
73.5,0.6389902782773865
73.55,0.6356566888573298
73.60000000000001,0.6412083951327654
73.65,0.6504013116185245
73.7,0.65466162639884
73.75,0.6500569305575866
73.8,0.6408094529454299
73.85000000000001,0.6354312422613843
73.9,0.6388951467991894
73.95,0.6479165279503586
74.0,0.6540406623011848
74.05,0.6516074396542689
74.10000000000001,0.6428717023592423
74.15,0.6358526692073427
74.2,0.6370406586107176
74.25,0.6453028419387736
74.3,0.6528659272005881
74.35000000000001,0.652702828177252
74.4,0.6450119819301199
74.45,0.6368517986897789
74.5,0.6357425285280423
74.55,0.6427211665911817
74.60000000000001,0.6512136293672808
74.65,0.6532771896683063
74.7,0.647073027147547
74.75,0.6383217829485724
74.8,0.6350548598447141
74.85000000000001,0.6403279660863063
74.9,0.6491895552865831
74.95,0.6533022088574667
75.0,0.6489164855583492
75.05,0.6401307952354043
75.10000000000001,0.6349852889498443
75.15,0.6382630198372224
75.2,0.6469218716295041
75.25,0.65278540720575
75.3,0.6504300096461088
75.35000000000001,0.6421359175609783
75.4,0.6354974006686359
75.45,0.6366383515532735
75.5,0.6445523095828851
75.55,0.6517673080916169
75.60000000000001,0.6515305795555586
75.65,0.6441958557059431
75.7,0.6365180203887886
75.75,0.6355299861107767
75.8,0.6422258770056795
75.85000000000001,0.6503177878735538
75.9,0.6521651081142861
75.95,0.6461807222480157
76.0,0.637947838198686
76.05,0.634973910477419
76.10000000000001,0.6400798322655272
76.15,0.6485313576599033
76.2,0.6523096174882992
76.25,0.6479781317071991
76.3,0.6396731922952609
76.35000000000001,0.6349668671857437
76.4,0.6382332012528245
76.45,0.6465209614817781
76.5,0.6519679552068997
76.55,0.6494959256684026
76.60000000000001,0.6415768108549018
76.65,0.6354715929251049
76.7,0.6367783714923626
76.75,0.6444101477084859
76.80000000000001,0.6511703601801797
76.85000000000001,0.6506626483696444
76.9,0.6435458710729006
76.95,0.6364251434700781
77.0,0.6357761040278482
77.05000000000001,0.6423240289674372
77.10000000000001,0.6499715496769719
77.15,0.6514271771514126
77.2,0.6454766883411182
77.25,0.6377483351189956
77.30000000000001,0.6352546676313098
77.35000000000001,0.6403800300501634
77.4,0.648447685455667
77.45,0.6517586205877677
77.5,0.6472763988678549
77.55000000000001,0.6393542750852081
77.60000000000001,0.6352128862683312
77.65,0.6386797719784588
77.7,0.6466917158680371
77.75,0.6516469022507851
77.80000000000001,0.6488628245334431
77.85000000000001,0.6411544537098937
77.9,0.6356259818358447
77.95,0.6373033845554769
78.0,0.644807087594141
78.05000000000001,0.6511036822217139
78.10000000000001,0.6501640530506004
78.15,0.6430617651890648
78.2,0.6364524875626983
78.25,0.6363070537973142
78.30000000000001,0.6429004374247734
78.35000000000001,0.6501627694076584
78.4,0.6511190288541382
78.45,0.6449908434799806
78.5,0.6376404002501822
78.55000000000001,0.6357238243041827
78.60000000000001,0.641074343067744
78.65,0.6488791347013174
78.7,0.6516797436623961
78.75,0.6468569474074329
78.80000000000001,0.6391311596576835
78.85000000000001,0.6355668386531966
78.9,0.639421333895776
78.95,0.6473260233000128
79.0,0.6518147368018787
79.05000000000001,0.6485750434731085
79.10000000000001,0.6408608586548669
79.15,0.6358335869731273
79.2,0.6380200695745561
79.25,0.6455902874449021
79.30000000000001,0.6515129175015174
79.35000000000001,0.6500605752686708
79.4,0.6427590636662026
79.45,0.6365095655187168
79.5,0.6369339688966982
79.55000000000001,0.6437666518600565
79.60000000000001,0.6507864579283237
79.65,0.6512327251060467
79.7,0.6447464861756519
79.75,0.6375700606011013
79.80000000000001,0.6362118223769416
79.85000000000001,0.6419519509276683
79.9,0.6496717339580345
79.95,0.6520200134929884
80.0,0.6467332323920902
80.05000000000001,0.6389794893398665
80.10000000000001,0.6358893132187011
80.15,0.6402403151024038
80.2,0.6482278755080162
80.25,0.6523671974645803
80.30000000000001,0.6486192941682859
80.35000000000001,0.6406886418073735
80.4,0.6359901190646369
80.45,0.6387198560479103
80.5,0.6465331803699511
80.55000000000001,0.6522419275466456
80.60000000000001,0.6502983187728766
80.65,0.642631029280526
80.7,0.6365254634752828
80.75,0.6374707665783325
80.80000000000001,0.6446801825622255
80.85000000000001,0.6516396486570443
80.9,0.6516646970283186
80.95,0.6447200936209244
81.0,0.6374915801364703
81.05000000000001,0.6365641546774169
81.10000000000001,0.6427703614088973
81.15,0.6505857252058441
81.2,0.6526229722683563
81.25,0.6468490707526984
81.30000000000001,0.6388653826588486
81.35000000000001,0.6360605997809978
81.4,0.6409092798345191
81.45,0.649134522157407
81.5,0.6530978428049854
81.55000000000001,0.648894760004989
81.60000000000001,0.6405994723377761
81.65,0.6360074846035721
81.7,0.6392024518491298
81.75,0.647365901971654
81.80000000000001,0.6530428312827341
81.85000000000001,0.6507254590093504
81.9,0.6426182144785134
81.95,0.6364346131901728
82.0,0.6377516745921485
82.05000000000001,0.645380053779399
82.10000000000001,0.6524460534900391
82.15,0.6522121827379036
82.2,0.6448167480104916
82.25,0.6373483543413139
82.30000000000001,0.6366511594833321
82.35000000000001,0.6432916243185091
82.4,0.65133227771605
82.45,0.6532413607196275
82.5,0.6470643497413378
82.55000000000001,0.6387253481897955
82.60000000000001,0.6359827304492827
82.65,0.641223802631411
82.7,0.6497613440380795
82.75,0.6537267867009307
82.80000000000001,0.6492126246858184
82.85000000000001,0.6405074389616371
82.9,0.635809670943684
82.95,0.6393025018352612
83.0,0.6478237111815034
83.05000000000001,0.6536187903366811
83.10000000000001,0.6511078003382439
83.15,0.6425997117169406
83.2,0.6361694164763902
83.25,0.6376503278831565
83.30000000000001,0.6456342045631887
83.35000000000001,0.6529093158495457
83.4,0.6526053335668098
83.45,0.6448731648954364
83.5,0.6370660301800019
83.55000000000001,0.6363798367048531
83.60000000000001,0.6433249085298027
83.65,0.6516325670897856
83.7,0.6535844280166574
83.75,0.6471726654130572
83.80000000000001,0.6384640299499993
83.85000000000001,0.6355857543953745
83.9,0.6410377143006768
83.95,0.6498617776754948
84.0,0.6539600877311242
84.05000000000001,0.6493296319247446
84.10000000000001,0.6402854099254378
84.15,0.6353363334353005
84.2,0.6389165499236887
84.25,0.6477032042297607
84.30000000000001,0.6536909687119397
84.35000000000001,0.6511777333505171
84.4,0.6424114389180124
84.45,0.6356646907280555
84.5,0.63709902532096
84.55000000000001,0.6452884974409635
84.60000000000001,0.6527823058148876
84.65,0.6525691347555423
84.7,0.6446900061374897
84.75,0.636561592528583
84.80000000000001,0.6357072706739094
84.85000000000001,0.6427662644173259
84.9,0.6512842381135504
84.95,0.653388703353336
85.0,0.6469481076961014
85.05000000000001,0.637971463408558
85.10000000000001,0.6348381345834633
85.15,0.6402931376057861
85.2,0.6492865901105176
85.25,0.6535641292293205
85.30000000000001,0.64900786946134
85.35000000000001,0.6397932040529724
85.4,0.634553512159531
85.45,0.6380242875201401
85.5,0.6469113930381452
85.55000000000001,0.6530709275296579
85.60000000000001,0.6507036558165199
85.65,0.6418866590635267
85.7,0.6348721706614442
85.75,0.6361032520850379
85.80000000000001,0.6443041802022729
85.85000000000001,0.6519324238292765
85.9,0.6518975849938706
85.95,0.6440844402820565
86.0,0.6357647727799698
86.05000000000001,0.6346512485448935
86.10000000000001,0.6416245906206277
86.15,0.6502157026304353
86.2,0.6524912264619612
86.25,0.6462076113096096
86.30000000000001,0.6371536540264098
86.35000000000001,0.6337566770685922
86.4,0.6390363696538216
86.45,0.6480248636031936
86.5,0.6524322377195586
86.55000000000001,0.648082850821084
86.60000000000001,0.6389182243506322
86.65,0.6334661002671685
86.7,0.6366967010601319
86.75,0.6454927580378622
86.80000000000001,0.6517158723491402
86.85000000000001,0.6495584184016898
86.9,0.6409057737152966
86.95,0.6337783261092808
87.0,0.6347450225500714
87.05000000000001,0.6427718780773176
87.10000000000001,0.6503822598498806
87.15,0.6505166379275102
87.2,0.6429462822165624
87.25,0.6346431118582193
87.30000000000001,0.6332919761783773
87.35000000000001,0.6400245678444181
87.4,0.6485108184977352
87.45,0.6508815580554161
87.5,0.6448689422366571
87.55000000000001,0.6359653643771559
87.60000000000001,0.6324097072667422
87.65,0.6374124966284128
87.7,0.6462130446944448
87.75,0.6506216290516766
87.80000000000001,0.6465177823104177
87.85000000000001,0.6376146629062801
87.9,0.6321250801867024
87.95,0.6350854954497847
88.0,0.6436244129222389
88.05000000000001,0.6497482470936646
88.10000000000001,0.6477641409852971
88.15,0.6394387810816842
88.2,0.6324172963544215
88.25,0.6331703340522619
88.30000000000001,0.6408955587080402
88.35000000000001,0.6483115312342668
88.4,0.6485146549223384
88.45,0.641279008956159
88.5,0.6332207915650536
88.55000000000001,0.6317605832174019
88.60000000000001,0.6381826192099648
88.65,0.6463946054556289
88.7,0.6487145930866275
88.75,0.6429847639823836
88.80000000000001,0.6344332747293652
88.85000000000001,0.6309090847279928
88.9,0.6356367229438491
88.95,0.6441071228760803
89.0,0.6483473903847612
89.05000000000001,0.6444253343509789
89.10000000000001,0.6359276502831149
89.15,0.6306244990010885
89.2,0.6333930907888742
89.25,0.6415781395623474
89.30000000000001,0.6474317655368917
89.35000000000001,0.6454975016338014
89.4,0.6375657156880138
89.45,0.6308728239192275
89.5,0.6315608059895702
89.55000000000001,0.6389480730927241
89.60000000000001,0.6460177126472243
89.65,0.6461289430190661
89.7,0.6392112350830524
89.75,0.6315837921803531
89.80000000000001,0.6302147323436319
89.85000000000001,0.6363595541624029
89.9,0.6441820759897487
89.95,0.6462783263327849
90.0,0.6407403591038511
90.05000000000001,0.6326609597489808
90.10000000000001,0.6293910534815839
90.15,0.6339474550385282
90.2,0.6420237050281403
90.25,0.6459335362751942
90.30000000000001,0.6420482673561909
90.35000000000001,0.6339934699126402
90.4,0.6290873694288897
90.45,0.631829021944596
90.5,0.6396577245016473
90.55000000000001,0.6451093530046289
90.60000000000001,0.6430520550104935
90.65,0.6354672099249409
90.7,0.62926733033978
90.75,0.6300955304003872
90.80000000000001,0.6372084704153663
90.85000000000001,0.6438452658148698
90.9,0.6436908843868829
90.95,0.6369734661578957
91.0,0.6298687131209723
91.05000000000001,0.628806948496057
91.10000000000001,0.6348011190866636
91.15,0.6422032951339223
91.2,0.6439249318563303
91.25,0.6384141007282824
91.30000000000001,0.6308130333578805
91.35000000000001,0.6279906160723409
91.4,0.6325527378982602
91.45,0.6402651237650248
91.5,0.6437345137838185
91.55000000000001,0.6397034156247855
91.60000000000001,0.6320145307381411
91.65,0.6276440317831837
91.7,0.6305640737284554
91.75,0.6381277723219756
91.80000000000001,0.643120074652707
91.85000000000001,0.640767859357192
91.9,0.6333867675755402
91.95,0.6277407862867489
92.0,0.6289135661801639
92.05000000000001,0.6358975103612055
92.10000000000001,0.6421028073020303
92.15,0.6415452266353588
92.2,0.6348460044239592
92.25,0.6282378718410492
92.30000000000001,0.6276546868049864
92.35000000000001,0.633682449189787
92.4,0.6407249749162883
92.45,0.6419848307461633
92.5,0.6363116589985249
92.55000000000001,0.6290823416676363
92.60000000000001,0.6268168515030065
92.65,0.6315849604880204
92.7,0.6390488262416458
92.75,0.6420493743216974
92.80000000000001,0.6377051377097571
92.85000000000001,0.6302156886730439
92.9,0.6264091276944787
92.95,0.6296953737819521
93.0,0.637153397949728
93.05000000000001,0.6417182327518323
93.10000000000001,0.6389488188915434
93.15,0.6315752308122874
93.2,0.6264251483178214
93.25,0.6280881502466591
93.30000000000001,0.6351292815849449
93.35000000000001,0.6409910281509608
93.4,0.6399667861133785
93.45,0.633092924682337
93.5,0.6268473668678582
93.55000000000001,0.6268209714659969
93.60000000000001,0.6330722401314175
93.65,0.6398900541624744
93.7,0.6406881225218555
93.75,0.6346930069526002
93.80000000000001,0.6276491548770717
93.85000000000001,0.6259362021271774
93.9,0.6310770295336567
93.95,0.6384604192558783
94.0,0.6410524864181213
94.05000000000001,0.6362903565487277
94.10000000000001,0.6287941319367051
94.15,0.6254633738389455
94.2,0.6292326954436925
94.25,0.6367675487335547
94.30000000000001,0.6410167222317803
94.35000000000001,0.6377912983192684
94.4,0.6302332296141743
94.45,0.6254210217538213
94.5,0.6276199935655642
94.55000000000001,0.6348925805790481
94.60000000000001,0.6405607881659904
94.65,0.6390977749131362
94.7,0.6319009585785347
94.75,0.6258165177836186
94.80000000000001,0.626310677044406
94.85000000000001,0.6329268283475245
94.9,0.6396914560662048
94.95,0.6401146733129405
95.0,0.6337128509274715
95.05000000000001,0.6266433768086158
95.10000000000001,0.6253675885348822
95.15,0.6309666019323202
95.2,0.6384429521471825
95.25,0.6407590178366566
95.30000000000001,0.6355659034266024
95.35000000000001,0.6278765795663377
95.4,0.6248441296589642
95.45,0.6291092359361429
95.5,0.6368746490409813
95.55000000000001,0.6409691140234787
95.60000000000001,0.637343075170754
95.65,0.6294674032514748
95.7,0.6247819129333178
95.75,0.6274503828635828
95.80000000000001,0.6350667096615068
95.85000000000001,0.6407117434598194
95.9,0.638921738291399
95.95,0.6313397638944088
96.0,0.6252061495016344
96.05000000000001,0.6260818469416513
96.10000000000001,0.6331149188314309
96.15,0.6399861170103913
96.2,0.6401848294704715
96.25,0.633389967107904
96.30000000000001,0.6261193256989281
96.35000000000001,0.6250888163806582
96.4,0.6311257155081267
96.45,0.6388242314267658
96.5,0.6410326852600726
96.55000000000001,0.635491038290507
96.60000000000001,0.6274946338994521
96.65,0.6245454842957251
96.7,0.6292117995363822
96.75,0.6372881798667658
96.80000000000001,0.6413933941804018
96.85000000000001,0.6375016680760229
96.9,0.6292711433472568
96.95,0.6245086859768468
97.0,0.6274879572384374
97.05000000000001,0.6354655124737864
97.10000000000001,0.6412299665471237
97.15,0.6392786185872227
97.2,0.6313526356939809
97.25,0.625010088995112
97.30000000000001,0.6260662849213923
97.35000000000001,0.6334637595080947
97.4,0.6405435056214852
97.45,0.6406905632885254
97.5,0.6336113697505814
97.55000000000001,0.6260483348201795
97.60000000000001,0.6250500088629248
97.65,0.6314047806709636
97.7,0.6393725350537757
97.75,0.6416310286154987
97.80000000000001,0.6358969528829799
97.85000000000001,0.6275830526203181
97.9,0.6245256052047196
97.95,0.6294189588071928
98.0,0.637789363210877
98.05000000000001,0.6420284197041993
98.10000000000001,0.6380493015760961
98.15,0.6295326550838019
98.2,0.6245537200305802
98.25,0.6276387583158705
98.30000000000001,0.6358946202695303
98.35000000000001,0.6418519014529661
98.4,0.6399137271597415
98.45,0.631777243634139
98.5,0.625160188375439
98.55000000000001,0.6261910709636563
98.60000000000001,0.6338108684775579
98.65,0.641112891469267
98.7,0.6413557477816527
98.75,0.6341669319808549
98.80000000000001,0.6263289690654718
98.85000000000001,0.6251881285567926
98.9,0.6316756551106149
98.95,0.6398627812048961
99.0,0.6422733933362282
99.05000000000001,0.6365347254287945
99.10000000000001,0.6279988536050368
99.15,0.6247174303641095
99.2,0.6296338677097351
99.25,0.6381879726785077
99.30000000000001,0.6426054448217359
99.35000000000001,0.6387121047943611
99.4,0.6300653100710817
99.45,0.6248318573067738
99.5,0.6278290403551232
99.55000000000001,0.6362033002877195
99.60000000000001,0.6423350067245555
99.65,0.6405449284129697
99.7,0.6323878867967111
99.75,0.6255416560776101
99.80000000000001,0.6263934602632446
99.85000000000001,0.6340445116222924
99.9,0.6414887540257771
99.95,0.6419073021430578
100.0,0.6348024715290714
100.05000000000001,0.6268100718799005
100.10000000000001,0.6254374531196638
100.15,0.631859980580995
100.2,0.6401328419910552
100.25,0.6427116276679505
100.30000000000001,0.6371366958322424
100.35000000000001,0.6285540022629403
100.4,0.6250388684780628
100.45,0.6298015121355898
100.5,0.6383666499051146
100.55000000000001,0.6429139429638513
100.60000000000001,0.6392261659548579
100.65,0.6306501990992641
100.7,0.6252342906669933
100.75,0.628014140850476
100.80000000000001,0.6363152759305389
100.85000000000001,0.6425146505792151
100.9,0.6409291342845254
100.95,0.6329464707309062
101.0,0.626013655019173
101.05000000000001,0.6266252093650958
101.10000000000001,0.634121224936723
101.15,0.6415555036948477
101.2,0.6421376858495269
101.25,0.6352763283627614
101.30000000000001,0.6273196403470428
101.35000000000001,0.6257335720310998
101.4,0.6319353265811748
101.45,0.6401140706935577
101.5,0.6427843579090075
101.55000000000001,0.6374748596105227
101.60000000000001,0.6290524604350113
101.65,0.6254002691970841
101.7,0.629906809348148
101.75,0.6382967765284555
101.80000000000001,0.6428441011273572
101.85000000000001,0.6393934647928987
101.9,0.6310796631821891
101.95,0.6256422385873472
102.0,0.6281726934263201
102.05000000000001,0.6362311755486291
102.10000000000001,0.6423323483599304
102.15,0.6409114729032691
102.2,0.63324954407818
102.25,0.6264304273683341
102.30000000000001,0.626847140536859
102.35000000000001,0.6340576259469176
102.4,0.6413004343802411
102.45,0.6419434457095129
102.5,0.6354060784257776
102.55000000000001,0.6276930250756076
102.60000000000001,0.6260119009044384
102.65,0.6319202758331297
102.7,0.639829595316675
102.75,0.6424419644141874
102.80000000000001,0.6374030654011016
102.85000000000001,0.6293235895949683
102.9,0.6257092954755886
102.95,0.6299573615463335
103.0,0.6380243604799382
103.05000000000001,0.64239660079336
103.10000000000001,0.6391154984523361
103.15,0.6311928464779151
103.2,0.6259390869161479
103.25,0.628291210910557
103.30000000000001,0.6360055907337083
103.35000000000001,0.641830338659164
103.4,0.6404469310950348
103.45,0.6331622021870612
103.5,0.6266600645470084
103.55000000000001,0.6270188538592824
103.60000000000001,0.6339030140511918
103.65,0.6407947740168948
103.7,0.6413325888694599
103.75,0.6350967439404143
103.80000000000001,0.6277962934959203
103.85000000000001,0.6262045294312703
103.9,0.6318470536892159
103.95,0.6393650211208888
104.0,0.6417389170476928
104.05000000000001,0.6368757723521068
104.10000000000001,0.6292469993404467
104.15,0.6258754269231059
104.2,0.629960052281626
104.25,0.6376346194599503
104.30000000000001,0.6416608728777903
104.35000000000001,0.6383996442232927
104.4,0.6308982825588588
104.45,0.626021600112279
104.5,0.6283475156304584
104.55000000000001,0.6357101933803736
104.60000000000001,0.6411183810219236
104.65,0.6395926877036023
104.7,0.632634531884726
104.75,0.6266002023034651
104.80000000000001,0.62709048535714
104.85000000000001,0.6337054145217996
104.9,0.6401529677222517
104.95,0.6404029158954783
105.0,0.6343476343307217
105.05000000000001,0.6275432291859505
105.10000000000001,0.626240347748764
105.15,0.6317340365800976
105.2,0.6388248805080143
105.25,0.6407999201575922
105.30000000000001,0.6359427941909206
105.35000000000001,0.6287671415166254
105.4,0.6258171351525281
105.45,0.6299023005414139
105.5,0.6372103191414135
105.55000000000001,0.6407724589203972
105.60000000000001,0.6373407684279201
105.65,0.6301823524185727
105.7,0.6258116846500618
105.75,0.6283015976144525
105.80000000000001,0.6353980539219911
105.85000000000001,0.6403268378614448
105.9,0.6384773154693715
105.95,0.6317007424671089
106.0,0.6261910861287698
106.05000000000001,0.6270026384282472
106.10000000000001,0.6334848302785505
106.15,0.6394863888469512
106.2,0.6393013372068925
106.25,0.633240061588987
106.30000000000001,0.6269060006573751
106.35000000000001,0.6260522943233165
106.4,0.631569485237552
106.45,0.6382915388463634
106.5,0.6397733407210191
106.55000000000001,0.6347250834974296
106.60000000000001,0.62789797513237
106.65,0.6254737058845073
106.7,0.629746390165147
106.75,0.6367994610914859
106.80000000000001,0.6398654009825826
106.85000000000001,0.6360863953271325
106.9,0.6291049966482063
106.95,0.625269365246006
107.0,0.6280993659277023
107.05000000000001,0.6350823165069661
107.10000000000001,0.6395629383107153
107.15,0.6372584138570735
107.2,0.6304641969502148
107.25,0.6254259983001602
107.30000000000001,0.6266973209594998
107.35000000000001,0.6332236008921408
107.4,0.6388676792008071
107.45,0.6381783752805621
107.5,0.6319116290505813
107.55000000000001,0.6259195462771124
107.60000000000001,0.6255924381021374
107.65,0.6313128864155161
107.7,0.6378005227200775
107.75,0.6387875750159254
107.80000000000001,0.6333800797718017
107.85000000000001,0.6267185906167523
107.9,0.6248209144495456
107.95,0.6294399445579315
108.0,0.6364029334555631
108.05000000000001,0.6390351947158189
108.10000000000001,0.6347966168392758
108.15,0.6277851869233365
108.2,0.6244053623854692
108.25,0.6276895414487376
108.30000000000001,0.6347359480046844
108.35000000000001,0.6388839916926018
108.4,0.6360817359940512
108.45,0.629073076411017
108.5,0.6243573824729014
108.55000000000001,0.6261379435083512
108.60000000000001,0.6328767130258985
108.65,0.6383163400214358
108.7,0.63715148562721
108.75,0.6305243010061149
108.80000000000001,0.6246787789653366
108.85000000000001,0.6248514454899158
108.9,0.6309133205659792
108.95,0.6373388888369736
109.0,0.6379229495875564
109.05000000000001,0.6320660070107547
109.10000000000001,0.6253604469905305
109.15,0.623886342725017
109.2,0.6289392104629861
109.25,0.635984505471997
109.30000000000001,0.6383223090457028
109.35000000000001,0.6336094048283338
109.4,0.6263789344421411
109.45,0.6232891084196923
109.5,0.6270483486297984
109.55000000000001,0.6343110259448734
109.60000000000001,0.6382937947647385
109.65,0.6350523585255857
109.7,0.6276917409535463
109.75,0.6230954049471217
109.80000000000001,0.6253317915573061
109.85000000000001,0.6323973002511032
109.9,0.6378074973849075
109.95,0.6362860445952178
110.0,0.6292331925421626
110.05000000000001,0.6233270344981177
110.10000000000001,0.6238753917664542
110.15,0.6303377093717659
110.2,0.6368643241519508
110.25,0.6372048863442424
110.30000000000001,0.6309129318209791
110.35000000000001,0.623986857804182
110.4,0.6227576897911437
110.45,0.6282364710839958
110.5,0.6354972334873359
110.55000000000001,0.6377179608525705
110.60000000000001,0.6326185769235051
110.65,0.6250527519476016
110.7,0.6220468128336084
110.75,0.626202609391549
110.80000000000001,0.6337689185808407
110.85000000000001,0.6377596241029341
110.9,0.6342230520624794
110.95,0.6264724614735512
111.0,0.6217955793138833
111.05000000000001,0.6243456749650418
111.10000000000001,0.6317669542070479
111.15,0.637297331653074
111.2,0.6355958147720011
111.25,0.6281614172945778
111.30000000000001,0.6220348593091862
111.35000000000001,0.6227715704373721
111.4,0.6295977552510108
111.45,0.6363354331375309
111.5,0.6366161237666228
111.55000000000001,0.6300051292760156
111.60000000000001,0.6227662456444236
111.65,0.6215775213472975
111.7,0.6273804282190556
111.75,0.6349147875034064
111.80000000000001,0.6371859533782056
111.85000000000001,0.6318667130121973
111.9,0.6239558679384474
111.95,0.6208455048631963
112.0,0.6252409110904636
112.05000000000001,0.6331089976020328
112.10000000000001,0.6372403076662726
112.15,0.6335988159763128
112.2,0.6255314188212125
112.25,0.6206342072770236
112.30000000000001,0.6233060686420044
112.35000000000001,0.6310185655144197
112.4,0.6367534274053157
112.45,0.6350580850432109
112.5,0.6273840198307232
112.55000000000001,0.6209705286765996
112.60000000000001,0.6216970240701155
112.65,0.6287641806623079
112.7,0.6357404401323697
112.75,0.6361197182607491
112.80000000000001,0.6293755317867256
112.85000000000001,0.6218424117737594
112.9,0.6205211680191015
112.95,0.6264797939084297
113.0,0.6342550135442298
113.05000000000001,0.6366897209333674
113.10000000000001,0.6313506253630764
113.15,0.6231950223738902
113.2,0.6198629382071874
113.25,0.6243054394010433
113.30000000000001,0.6323842024075061
113.35000000000001,0.636713161283352
113.4,0.6331517885826241
113.45,0.6249319009297689
113.5,0.6197743359202538
113.55000000000001,0.6223793273857479
113.60000000000001,0.6302417513004092
113.65,0.6361777390512671
113.7,0.634634812743778
113.75,0.6269217193679695
113.80000000000001,0.6202668732712102
113.85000000000001,0.6208287852757555
113.9,0.627960694520787
113.95,0.6351130030051696
114.0,0.6356823254640469
114.05000000000001,0.6290100134385017
114.10000000000001,0.6213069069618551
114.15,0.6197601609708112
114.2,0.6256854660697719
114.25,0.6335862614058513
114.30000000000001,0.6362135584653745
114.35000000000001,0.6310341258069132
114.4,0.6228159464965118
114.45,0.619248588162109
114.5,0.6235632658787452
114.55000000000001,0.6316964292906296
114.60000000000001,0.6361895066780073
114.65,0.632838943400133
114.7,0.624676589980751
114.75,0.6193292018016412
114.80000000000001,0.6217343878306149
114.85000000000001,0.6295667653590336
114.9,0.635613638629054
114.95,0.6342910084763469
115.0,0.6267435161974466
115.05000000000001,0.6199916643104644
115.10000000000001,0.6203216351063673
115.15,0.6273368994241291
115.2,0.6345290582104868
115.25,0.6352891608373264
115.30000000000001,0.6288578436349025
115.35000000000001,0.6211795441951381
115.4,0.6194196393695375
115.45,0.6251540777724967
115.5,0.6330133020627875
115.55000000000001,0.6357707939432007
115.60000000000001,0.6308625097848516
115.65,0.6227952171325657
115.7,0.6190855448441361
115.75,0.6231634331388967
115.80000000000001,0.6311717695793055
115.85000000000001,0.6357137787791274
115.9,0.6326163002725654
115.95,0.6247097869089341
116.0,0.619332804524231
116.05000000000001,0.6214973941026432
116.10000000000001,0.6291303041828439
116.15,0.6351348492065251
116.2,0.6340047091502796
116.25,0.6267764297908832
116.30000000000001,0.6201295766689353
116.35000000000001,0.6202649435088397
116.4,0.6270269752476632
116.45,0.6340855683685462
116.5,0.634946707577881
116.55000000000001,0.6288449050305788
116.60000000000001,0.6214024161757522
116.65,0.6195420355334885
116.7,0.6250029227958076
116.75,0.6326468755889874
116.80000000000001,0.6353974419919619
116.85000000000001,0.6307749319097795
116.9,0.6230448471205292
116.95,0.6193647878590055
117.0,0.6231923311131379
117.05000000000001,0.6309227882855651
117.10000000000001,0.6353476095070962
117.15,0.6324466662766568
117.2,0.6249293375588059
117.25,0.6197268806046214
117.30000000000001,0.6217120991282512
117.35000000000001,0.6290333655486657
117.4,0.6348205953485192
117.45,0.6337673902721505
117.5,0.626920528810771
117.55000000000001,0.6205818961423952
117.60000000000001,0.6206523342030452
117.65,0.6271067922082385
117.7,0.6338683671239566
117.75,0.6346744619364795
117.80000000000001,0.6288875016288366
117.85000000000001,0.6218503052900607
117.9,0.6200691331711521
117.95,0.625270549002907
118.0,0.6325667180717323
118.05000000000001,0.6351352909490822
118.10000000000001,0.6307133698950849
118.15,0.6234297739211326
118.2,0.6199810211821332
118.25,0.6236420476253635
118.30000000000001,0.6310099679065857
118.35000000000001,0.6351454438503251
118.4,0.6323013651075046
118.45,0.6252067797246248
118.5,0.6203698397131409
118.55000000000001,0.6223196324467131
118.60000000000001,0.6293049163689297
118.65,0.6347258952816408
118.7,0.6335775145269544
118.75,0.6270674150614721
118.80000000000001,0.621185945272734
118.85000000000001,0.6213752290506381
118.9,0.6275638552626164
118.95,0.6339200294958076
119.0,0.6344907479672379
119.05000000000001,0.6289057192246543
119.10000000000001,0.6223565916465377
119.15,0.6208499370557888
119.2,0.6258967720032218
119.25,0.6327904706748203
119.30000000000001,0.6350116130741228
119.35000000000001,0.6306287424111555
119.4,0.6237956626375257
119.45,0.6207534289123621
119.5,0.624403369523745
119.55000000000001,0.6314154254008663
119.60000000000001,0.6351306862997498
119.65,0.6321585004072393
119.7,0.6254127449122808
119.75,0.6210672092092023
119.80000000000001,0.6231659562722095
119.85000000000001,0.6298841272421208
119.9,0.6348573224450176
119.95,0.6334317459895711
120.0,0.627119932246007
120.05000000000001,0.6217508582214191
120.10000000000001,0.6222444059542105
120.15,0.6282912124002813
120.2,0.6342187905867975
120.25,0.6343988577627346
120.30000000000001,0.6288355794607503
120.35000000000001,0.6227496547335373
120.4,0.6216741199559139
120.45,0.626730316322808
120.5,0.6332593442716519
120.55000000000001,0.6350230583919907
120.60000000000001,0.6304851961237806
120.65,0.6240017146272603
120.7,0.6214672693432209
120.75,0.6252876656330716
120.80000000000001,0.6320385606612536
120.85000000000001,0.6352806918108981
120.9,0.6320004877115295
120.95,0.6254430893513651
121.0,0.6216167417194335
121.05000000000001,0.6240367273033477
121.10000000000001,0.6306284239946309
121.15,0.6351626065465881
121.2,0.6333179831635916
121.25,0.6270100352714584
121.30000000000001,0.62210147358291
121.35000000000001,0.6230349023527113
121.4,0.6291090530559145
121.45,0.6346760650564464
121.5,0.6343786270752393
121.55000000000001,0.6286386361974164
121.60000000000001,0.6228914976650227
121.65,0.6223227761907831
121.7,0.6275635099678953
121.75,0.6338462456436265
121.80000000000001,0.6351292063171425
121.85000000000001,0.6302628328564104
121.9,0.6239512215098767
121.95,0.6219256930884791
122.0,0.6260725617208125
122.05000000000001,0.632716429997462
122.10000000000001,0.6355257086269219
122.15,0.6318124224724135
122.2,0.6252401277625016
122.25,0.6218566774988579
122.30000000000001,0.6247103989580194
122.35000000000001,0.6313463439247237
122.4,0.6355379422484767
122.45,0.6332125888443848
122.5,0.6267110306543612
122.55000000000001,0.6221192787979576
122.60000000000001,0.6235420491546204
122.65,0.6298086989796166
122.7,0.6351542341886469
122.75,0.6343860153085026
122.80000000000001,0.6283069379834426
122.85000000000001,0.6227089624443735
122.9,0.6226226150295706
122.95,0.6281845567887083
123.0,0.6343849180129868
123.05000000000001,0.6352577854385291
123.10000000000001,0.629958164775402
123.15,0.6236122200622637
123.2,0.6219977489526439
123.25,0.62655848335439
123.30000000000001,0.6332636290061326
123.35000000000001,0.6357623679085179
123.4,0.6315814268760223
123.45,0.6248034547726762
123.5,0.6217042421098253
123.55000000000001,0.6250144196216196
123.60000000000001,0.6318460281770726
123.65,0.6358513022490903
123.7,0.6330821681174811
123.75,0.6262406335136798
123.80000000000001,0.6217695032903074
123.85000000000001,0.6236327566710359
123.9,0.630206273127942
123.95,0.6354999470684419
124.0,0.6343604809938317
124.05000000000001,0.6278613779997263
124.10000000000001,0.6222091015948217
124.15,0.6224884401328241
124.2,0.6284321014630732
124.25,0.6347118720429179
124.30000000000001,0.6353199495025353
124.35000000000001,0.629581349076149
124.4,0.6230223372669978
124.45,0.6216493313037212
124.5,0.6266195832985735
124.55000000000001,0.6335200786964456
124.60000000000001,0.635877898521497
124.65,0.6312963699710995
124.7,0.624186730174919
124.75,0.6211738005195938
124.80000000000001,0.6248683530948316
124.85000000000001,0.6319850267296134
124.9,0.6359751231770115
124.95,0.6328888301852369
125.0,0.625653061378263
125.05000000000001,0.6211067621008093
125.10000000000001,0.6232775568286948
125.15,0.6301901679361003
125.2,0.6355832885120537
125.25,0.6342377885662839
125.30000000000001,0.6273428905120755
125.35000000000001,0.6214740273640781
125.4,0.6219421183503541
125.45,0.6282361013306539
125.5,0.6347087697837217
125.55000000000001,0.635231203270695
125.60000000000001,0.6291501509404234
125.65,0.6222757342214059
125.7,0.6209485448837029
125.75,0.626234418350175
125.80000000000001,0.6333925585613541
125.85000000000001,0.6357781538339189
125.9,0.6309475479000453
125.95,0.6234803977535613
126.0,0.6203695560648625
126.05000000000001,0.6243018509273863
126.10000000000001,0.6317067268067644
126.15,0.6358189271757523
126.2,0.6325973075378531
126.25,0.625021508307467
126.30000000000001,0.6202573452290173
126.35000000000001,0.622554703345895
126.4,0.6297485452141036
126.45,0.6353313766887748
126.5,0.6339647174629259
126.55000000000001,0.6267983831497367
126.60000000000001,0.6206360904150011
126.65,0.6211030603677787
126.7,0.6276335012626189
126.75,0.6343328501518974
126.80000000000001,0.6349322018455476
126.85000000000001,0.6286821582923339
126.9,0.6214951283354472
126.95,0.6200441694923823
127.0,0.6254881416751147
127.05000000000001,0.6328779496281153
127.10000000000001,0.6354115730741267
127.15,0.6305266150250889
127.2,0.6227846624079182
127.25,0.6194547678492159
127.30000000000001,0.6234430661565916
127.35000000000001,0.6310531418507458
127.4,0.6353525861024013
127.45,0.632182348506469
127.5,0.6244157565600619
127.55000000000001,0.619382837027376
127.60000000000001,0.6216258411597472
127.65,0.6289695543486886
127.7,0.6347468150411387
127.75,0.6335119788870341
127.80000000000001,0.6262656246461543
127.85000000000001,0.619840045663999
127.9,0.6201533718656878
127.95,0.6267551074487285
128.0,0.633626899769803
128.05,0.6344039089285989
128.1,0.6281880532433719
128.15,0.6207966494256636
128.20000000000002,0.6191234957351182
128.25,0.6245465928756541
128.3,0.6320620696934712
128.35,0.6347825619816684
128.4,0.6300275660160896
128.45000000000002,0.622180591071334
128.5,0.6186061648139777
128.55,0.6224817181391852
128.6,0.6301512952141421
128.65,0.6346139193292547
128.70000000000002,0.6316350520078007
128.75,0.6238818897972128
128.8,0.6186353180345809
128.85,0.6206908010019382
128.9,0.6280153487385739
128.95000000000002,0.6339062341126885
129.0,0.63288230651738
129.05,0.6257622833845022
129.1,0.6192030825963275
129.15,0.6192878931741833
129.20000000000002,0.6257885849936303
129.25,0.6327067176983422
129.3,0.6336733156782848
129.35,0.627668848130959
129.4,0.6202579950760189
129.45000000000002,0.6183616057977023
129.5,0.6236106545084122
129.55,0.6310955167107059
129.6,0.6339509878900185
129.65,0.6294493866015247
129.70000000000002,0.6217083703374185
129.75,0.6179665866088453
129.8,0.6216179595993491
129.85,0.6291783114349945
129.9,0.633699104978655
129.95000000000002,0.6309670427315129
130.0,0.6234308852146058
130.05,0.6181171447354441
130.1,0.6199346529919834
130.15,0.6270784512353116
130.20000000000002,0.6329402097522377
130.25,0.6321119489461099
130.3,0.6252832225902403
130.35,0.6187846340544401
130.4,0.618663373187369
130.45000000000002,0.62492895726535
130.5,0.6317307035040941
130.55,0.6328085715951065
130.6,0.6271186630213662
130.65,0.61989973201911
130.70000000000002,0.6178765269461024
130.75,0.6228642780813409
130.8,0.6301544773719385
130.85,0.6330184957166619
130.9,0.6288001414005768
130.95000000000002,0.6213597656504628
131.0,0.617609471103454
131.05,0.6210116003336916
131.1,0.6283160163441692
131.15,0.6327393404689147
131.20000000000002,0.6302116033657836
131.25,0.6230400514217556
131.3,0.6178571123888051
131.35,0.6194818316026728
131.4,0.6263333360350635
131.45000000000002,0.6320010557674923
131.5,0.6312653519209654
131.55,0.6248072522616587
131.6,0.6185750548305491
131.65,0.6183609341103736
131.70000000000002,0.6243306440232314
131.75,0.6308608985728469
131.8,0.6319051563024457
131.85,0.626532358132264
131.9,0.6196855220801987
131.95000000000002,0.6177028219523907
132.0,0.6224304858232977
132.05,0.629397995927105
132.1,0.6321058486537116
132.15,0.628101190770274
132.20000000000002,0.621087147030405
132.25,0.6175252464173377
132.3,0.6207453956603896
132.35,0.627707808528642
132.4,0.6318706807508251
132.45000000000002,0.6294211842254877
132.5,0.6226667646334592
132.55,0.6178097884639367
132.6,0.6193695942528014
132.65,0.6258963151134322
132.70000000000002,0.6312277319149644
132.75,0.6304242854558177
132.8,0.6243109251860697
132.85,0.6185062644163375
132.9,0.6183718072882425
132.95000000000002,0.6240735723847027
133.0,0.6302262269532968
133.05,0.6310667824434595
133.1,0.625915113568327
133.15,0.6195407765784912
133.20000000000002,0.6177905365709272
133.25,0.6223465310341453
133.3,0.6289329840064111
133.35,0.6313274048074351
133.4,0.6273895015638511
133.45000000000002,0.6208256987523368
133.5,0.6176328974874575
133.55,0.6208114898691071
133.6,0.6274286742527742
133.65,0.6312050242373595
133.70000000000002,0.6286611633575647
133.75,0.6222694452070017
133.8,0.617877420993489
133.85,0.619547111778298
133.9,0.6258033731236131
133.95000000000002,0.63071678793959
134.0,0.6296736668351343
134.05,0.6237841040559116
134.1,0.6184802155477228
134.15,0.6186092379150262
134.20000000000002,0.6241510843540071
134.25,0.6298968029010474
134.3,0.6303854974061494
134.35,0.6252898345092293
134.4,0.6193829632789587
134.45000000000002,0.6180286138477591
134.5,0.6225634152834727
134.55,0.6287948762911466
134.6,0.63076872912528
134.65,0.6267160329183528
134.70000000000002,0.6205207561486538
134.75,0.6178120364786492
134.8,0.6211231494311683
134.85,0.6274745582551244
134.9,0.6308088009051578
134.95000000000002,0.6280002789917158
135.0,0.6218279592229168
135.05,0.6179465124759189
135.1,0.6198988421827213
135.15,0.6260099052689131
135.20000000000002,0.6305054457679672
135.25,0.6290866437040331
135.3,0.6232410619364896
135.35,0.6184051268720614
135.4,0.6189415513000367
135.45000000000002,0.6244808812506633
135.5,0.6298741034658717
135.55,0.6299249013563252
135.6,0.6246985683090145
135.65,0.6191528199430285
135.70000000000002,0.6182843368527018
135.75,0.6229679197857529
135.8,0.6289467992423302
135.85,0.6304715881623205
135.9,0.626139003607929
135.95000000000002,0.6201503826343923
136.0,0.6179443495046171
136.05,0.6215466319715328
136.1,0.6277715915050234
136.15,0.6306929469670778
136.20000000000002,0.6274987267723996
136.25,0.6213556839872547
136.3,0.6179264750836975
136.35,0.6202837541420156
136.4,0.6264101850708678
136.45000000000002,0.6305689557940858
136.5,0.628711232695341
136.55,0.6227221923338266
136.6,0.6182269702919733
136.65,0.619235098049353
136.70000000000002,0.6249339549047158
136.75,0.6300971683241263
136.8,0.6297090214809992
136.85,0.6241958835326052
136.9,0.6188355509762731
136.95000000000002,0.6184455762289589
137.0,0.623419177364155
137.05,0.6292951296151593
137.1,0.6304281392267738
137.15,0.6257122890880358
137.20000000000002,0.6197349981618692
137.25,0.617950583066902
137.3,0.6219425131668479
137.35,0.6282005964448805
137.4,0.630814527802116
137.45000000000002,0.6271954936694059
137.5,0.6208983227621323
137.55,0.6177774515737985
137.6,0.6205776184399786
137.65,0.6268694734468307
137.70000000000002,0.6308307057266059
137.75,0.6285603190564968
137.8,0.6222845429266668
137.85,0.6179456357976355
137.9,0.6193932185756782
137.95000000000002,0.6253720206659357
138.0,0.6304612172637546
138.05,0.6297179287870113
138.1,0.6238348286878006
138.15,0.6184647479143629
138.20000000000002,0.6184522694372434
138.25,0.6237882797255505
138.3,0.629715692070815
138.35,0.6305840160745281
138.4,0.6254709050478626
138.45000000000002,0.619330449840171
138.5,0.617811256584545
138.55,0.6222036749107175
138.6,0.6286290520420769
138.65,0.631087970252442
138.70000000000002,0.6270971049912041
138.75,0.6205191640080384
138.8,0.6175185134452236
138.85,0.6207053721358613
138.9,0.6272591285062797
138.95000000000002,0.6311811835036913
139.0,0.6286064784018554
139.05,0.6219832935727834
139.1,0.6176107746289093
139.15,0.6193793757758697
139.20000000000002,0.6256824865623394
139.25,0.6308429687062642
139.3,0.6298902237890396
139.35,0.6236488634005204
139.4,0.6181079175804158
139.45000000000002,0.6183077766196919
139.5,0.6239894436831033
139.55,0.6300832353904297
139.6,0.6308488035648556
139.65,0.6254170952695777
139.70000000000002,0.6190067318068666
139.75,0.6175653020153464
139.8,0.6222790774722298
139.85,0.6289418594182165
139.9,0.6314027091119272
139.95000000000002,0.6271705069268667
140.0,0.6202752821459219
140.05,0.617214502143271
140.1,0.6206545433379718
140.15,0.6274853443411914
140.20000000000002,0.6315010253843139
140.25,0.628782964602117
140.3,0.6218497309858433
140.35,0.6172994876005674
140.4,0.6192184875528479
140.45000000000002,0.6258017368287754
140.5,0.6311265699018136
140.55,0.6301321038533807
140.6,0.6236352037374944
140.65,0.6178389130166096
140.70000000000002,0.6180680037849153
140.75,0.6239947493171
140.8,0.6302972039251067
140.85,0.6311119829858072
140.9,0.6255114559253254
140.95000000000002,0.6188196045703824
141.0,0.6172886139146339
141.05,0.6221777110107077
141.1,0.6290636830575804
141.15,0.6316438740569368
141.20000000000002,0.6273429649686357
141.25,0.6201925897193055
141.3,0.6169471688520348
141.35,0.6204674869211853
141.4,0.6275049353300406
141.45000000000002,0.6316836428393047
141.5,0.628991986307465
141.55,0.6218731266675441
141.6,0.6170842172765048
141.65,0.6189781151575489
141.70000000000002,0.6257218176096179
141.75,0.631224996727673
141.8,0.6303324275904039
141.85,0.6237456264838458
141.9,0.6177070446093458
141.95000000000002,0.6178138097890704
142.0,0.6238302116642538
142.05,0.6302987296236394
142.1,0.6312622902995759
142.15,0.6256732891032705
142.20000000000002,0.6187849879620478
142.25,0.6170612258524707
142.3,0.6219539087902038
142.35,0.6289687449177243
142.4,0.6317128771409863
142.45000000000002,0.6275111645386587
142.5,0.6202485842397604
142.55,0.6167813972862762
142.6,0.6202173133147559
142.65,0.6273259503909859
142.70000000000002,0.6316537712137986
142.75,0.6291205585237063
142.8,0.6219935369468977
142.85,0.6170023460993382
142.9,0.6187377797928693
142.95000000000002,0.6254810587377407
143.0,0.6310934967085976
143.05,0.6303824641423821
143.1,0.6238895065187099
143.15,0.6177137870673286
143.20000000000002,0.6176174952608854
143.25,0.6235569860090426
143.3,0.6300765264723819
143.35,0.6312080454511277
143.4,0.6257926296000389
143.45000000000002,0.6188654032472222
143.5,0.6169351950728692
143.55,0.6216811100897841
143.6,0.6286777358508503
143.65,0.6315449688272335
143.70000000000002,0.6275598086605758
143.75,0.6203697293528356
143.8,0.6167385116171114
143.85,0.6199773479749071
143.9,0.6269954471171747
143.95000000000002,0.6313793136323896
144.0,0.6290624604981166
144.05,0.6221098081088163
144.1,0.6170381876984615
144.15,0.6185579772063952
144.20000000000002,0.6251439264344908
144.25,0.6307336270180965
144.3,0.6301976557520265
144.35,0.6239507235685617
144.4,0.6178055213677128
144.45000000000002,0.6175153796192758
144.5,0.6232457591328262
144.55,0.6296622146146506
144.6,0.630895303534174
144.65,0.6257532105666133
144.70000000000002,0.6189740977160706
144.75,0.6169143200158901
144.8,0.6214241577799611
144.85,0.6282448783565346
144.9,0.6311209872526348
144.95000000000002,0.6273870943627698
145.0,0.6204461086116966
145.05,0.6167858015234833
145.1,0.6197951211974805
145.15,0.6265800662113855
145.20000000000002,0.6308749503496324
145.25,0.6287424650897718
145.3,0.6221025581085351
145.35,0.6171237441909321
145.4,0.61845951276043
145.45000000000002,0.6247779475552977
145.5,0.6301883253236084
145.55,0.6297371635861069
145.6,0.6238157306637059
145.65,0.6178855399374472
145.70000000000002,0.6174954960284033
145.75,0.6229534989491571
145.8,0.629117866520475
145.85,0.6303201126252992
145.9,0.6254617827257873
145.95000000000002,0.6189969002306094
146.0,0.6169521893038775
146.05,0.6212194676452601
146.1,0.6277402065750083
146.15,0.6304709675484909
146.20000000000002,0.6269313869687996
146.25,0.6203604814319269
146.3,0.6168456660622792
146.35,0.6196791552354933
146.4,0.6261461715930242
146.45000000000002,0.6301972075220779
146.5,0.6281369795288826
146.55,0.6218668541512137
146.6,0.6171583420333201
146.65,0.618419287992478
146.70000000000002,0.6244351983006029
146.75,0.6295299827954494
146.8,0.6290161173372627
146.85,0.6234058125457993
146.9,0.6178422686018941
146.95000000000002,0.6175036665236779
147.0,0.622709610588705
147.05,0.6285197738883145
147.1,0.6295314316188138
147.15,0.6248760151677608
147.20000000000002,0.6188260000793206
147.25,0.6169686090268681
147.3,0.62106853659522
147.35,0.6272323739069069
147.4,0.6296683577801112
147.45000000000002,0.6261915187346173
147.5,0.6200237995836584
147.55,0.6168212155035765
147.6,0.6196015496909325
147.65,0.6257451342574104
147.70000000000002,0.6294320335448813
147.75,0.6272847153862601
147.8,0.6213453367611014
147.85,0.6170410715678002
147.9,0.618382561391301
147.95000000000002,0.6241430580741429
148.0,0.6288444650233382
148.05,0.628106196068451
148.1,0.6227039592390249
148.15,0.6175852416968086
148.20000000000002,0.6174648753257995
148.25,0.6225143107817898
148.3,0.6279424337442938
148.35,0.6286228020279125
148.4,0.6240221351146685
148.45000000000002,0.6183955257689877
148.5,0.6168784194560845
148.55,0.6209450201050379
148.6,0.6267759447340776
148.65,0.628815358455975
148.70000000000002,0.6252335963579411
148.75,0.6194063098467218
148.8,0.6166298742527612
148.85,0.6195137195925091
148.9,0.6254065748546739
148.95000000000002,0.6286772590025443
149.0,0.6262827490268866
149.05,0.620551206996077
149.1,0.6167057333251817
149.15,0.6182862408759444
149.20000000000002,0.6239050250133997
149.25,0.6282143520891875
149.3,0.6271227012573104
149.35,0.6217671385938298
149.4,0.6170774925014497
149.45000000000002,0.6173120640554429
149.5,0.6223474957083387
149.55,0.6274457854912082
149.6,0.6277135208568061
149.65,0.622995409864016
149.70000000000002,0.6177074978952592
149.75,0.6166229438653379
149.8,0.6208110414123681
149.85,0.6264049166700498
149.9,0.6280219898924082
149.95000000000002,0.6241803800221318
150.0,0.6185537862834998
150.05,0.6162340402958181
150.1,0.6193685941925051
150.15,0.6251392841968134
150.20000000000002,0.6280233226698628
150.25,0.6252671535772316
150.3,0.6195726364934242
150.35,0.6161469863319646
150.4,0.6180846534204033
150.45000000000002,0.6237089605967678
150.5,0.6277043896958044
150.55,0.6262000206157532
150.6,0.6207184083121784
150.65,0.6163536464256838
150.70000000000002,0.6170125570154793
150.75,0.622183206263765
150.8,0.6270673119851866
150.85,0.6269230315036048
150.9,0.6219412846656519
150.95000000000002,0.6168390621089295
151.0,0.6161937569409999
151.05,0.6206359746073956
151.1,0.6261320957201737
151.15,0.6273832316898441
151.20000000000002,0.6231843887553442
151.25,0.6175823890476376
151.3,0.6156587813560155
151.35,0.6191412368804043
151.4,0.6249372919790603
151.45000000000002,0.6275360398553359
151.5,0.6243820960588062
151.55,0.6185554237445221
151.6,0.6154288829218117
151.65,0.6177691293203017
151.70000000000002,0.6235383235965453
151.75,0.627351434224189
151.8,0.6254610462247567
151.85,0.6197193286969142
151.9,0.6155170598688636
151.95000000000002,0.6165835349596935
152.0,0.6220038524557276
152.05,0.6268193091433097
152.1,0.6263444740939568
152.15,0.6210210324456726
152.20000000000002,0.6159273604389545
152.25,0.6156410380123101
152.3,0.6204110985320479
152.35,0.6259526386314873
152.4,0.6269593468668456
152.45000000000002,0.6223911750702271
152.5,0.6166520944868451
152.55,0.6149905147110556
152.6,0.6188411782403757
152.65,0.6247877778440084
152.70000000000002,0.6272448429921796
152.75,0.6237452025173276
152.8,0.6176675341304271
152.85,0.6146722629623254
152.9,0.6173752494614252
152.95000000000002,0.6233820582536673
153.0,0.6271602788028088
153.05,0.6249883381680406
153.1,0.6189295439455333
153.15,0.6147157110005842
153.20000000000002,0.6160916520554631
153.25,0.6218094923495526
153.3,0.6266907922112046
153.35,0.6260239782593614
153.4,0.6203710106643152
153.45000000000002,0.6151353637345012
153.5,0.6150635812037942
153.55,0.6201556870069825
153.60000000000002,0.6258497905646337
153.65,0.6267639976388788
153.70000000000002,0.6219027340116593
153.75,0.6159255293445506
153.8,0.6143564305785242
153.85000000000002,0.6185129009617778
153.9,0.6246780677357522
153.95000000000002,0.6271388949719222
154.0,0.6234186105528886
154.05,0.6170551961577091
154.10000000000002,0.6140239970558663
154.15,0.6169756692991041
154.20000000000002,0.6232402698329157
154.25,0.6271058115675531
154.3,0.6248047532061398
154.35000000000002,0.6184648780888289
154.4,0.6141032535616431
154.45000000000002,0.6156368004402148
154.5,0.6216198000115907
154.55,0.6266531240029445
154.60000000000002,0.6259510588239654
154.65,0.6200670997431244
154.70000000000002,0.614608189944659
154.75,0.6145831251257832
154.8,0.619913209051382
154.85000000000002,0.625801250040098
154.9,0.6267630652100062
154.95000000000002,0.6217514315954679
155.0,0.6155239965526679
155.05,0.6138903546756811
155.10000000000002,0.6182246981541233
155.15,0.6246001772064858
155.20000000000002,0.6271719338164726
155.25,0.6233938287352532
155.3,0.6168033154034103
155.35000000000002,0.6136168161756735
155.4,0.616660787653932
155.45000000000002,0.6231247557789985
155.5,0.62714099704059
155.55,0.6248688684445155
155.60000000000002,0.6183661919729596
155.65,0.6137965244574144
155.70000000000002,0.6153247652759049
155.75,0.6214688727347791
155.8,0.6266682540449287
155.85000000000002,0.6260627245030785
155.9,0.6201046811046242
155.95000000000002,0.6144327567835003
156.0,0.6143104379598133
156.05,0.6197392969924044
156.10000000000002,0.6257851380662317
156.15,0.6268846035414487
156.20000000000002,0.6218919686607496
156.25,0.6154937333885675
156.3,0.6136950224854603
156.35000000000002,0.6180494637217704
156.4,0.6245525162059911
156.45000000000002,0.6272748876391776
156.5,0.6235947213834749
156.55,0.6169119602009435
156.60000000000002,0.6135315985044394
156.65,0.6165130198082728
156.70000000000002,0.6230550704445347
156.75,0.6272091466850819
156.8,0.6250865674795829
156.85000000000002,0.6185881966238211
156.9,0.6138421774134777
156.95000000000002,0.6152368055960287
157.0,0.6213949722164602
157.05,0.6266981609958405
157.10000000000002,0.62626040406786
157.15,0.6204000039481586
157.20000000000002,0.614612852471909
157.25,0.6143131691044413
157.3,0.6196852892939054
157.35000000000002,0.6257848188630721
157.4,0.6270376563050646
157.45000000000002,0.6222137211117712
157.5,0.615792486162031
157.55,0.6138119993426946
157.60000000000002,0.6180431158189805
157.65,0.6245390420567983
157.70000000000002,0.6273734819932322
157.75,0.6238978816039072
157.8,0.6172958818443026
157.85000000000002,0.6137734188080255
157.9,0.616582218306181
157.95000000000002,0.6230517389699807
158.0,0.6272579043047373
158.05,0.6253358056981884
158.10000000000002,0.6190114745963495
158.15,0.6142024580530154
158.20000000000002,0.6154051305026033
158.25,0.6214283527959821
158.3,0.6267136421677386
158.35000000000002,0.6264354423120795
158.4,0.6208125285070463
158.45000000000002,0.6150670580053162
158.5,0.6145950342814214
158.55,0.6197821163039944
158.60000000000002,0.6257917844656777
158.65,0.627135341626853
158.70000000000002,0.622569994948793
158.75,0.616300319024989
158.8,0.6142082495272246
158.85000000000002,0.6182268757857574
158.9,0.6245663734841689
158.95000000000002,0.6274066184692916
159.0,0.6241648517128432
159.05,0.6178071036000332
159.10000000000002,0.614268514432153
159.15,0.6168694120893135
159.20000000000002,0.6231285615154688
159.25,0.6272515984073564
159.3,0.6254980024770727
159.35000000000002,0.6194741245599993
159.4,0.6147642915329323
159.45000000000002,0.6158015177500733
159.5,0.6215805276754891
159.55,0.6267002887315573
159.60000000000002,0.6264965553714857
159.65,0.6211818335655837
159.70000000000002,0.6156499910478649
159.75,0.615092522963064
159.8,0.620029032889553
159.85000000000002,0.6258058013680252
159.9,0.6271162553427125
159.95000000000002,0.6228160474594188
160.0,0.6168512929403777
160.05,0.6147833088597218
160.10000000000002,0.6185784810084901
160.15,0.624639472869343
160.20000000000002,0.6273407080181005
160.25,0.6242774355528032
160.3,0.618273853689105
160.35000000000002,0.6148829392125239
160.4,0.6173236214112481
160.45000000000002,0.6232859127359197
160.5,0.6271785476141257
160.55,0.6254876620883099
160.60000000000002,0.6198138896655012
160.65,0.615368783522341
160.70000000000002,0.6163424271988655
160.75,0.6218378247540103
160.8,0.6266597470387688
160.85000000000002,0.6263919028669153
160.9,0.6213687152456884
160.95000000000002,0.6161903997916944
161.0,0.6156900350421436
161.05,0.6203903496482932
161.10000000000002,0.6258319007841947
161.15,0.6269583401002322
161.20000000000002,0.6228454279154613
161.25,0.6172766335673177
161.3,0.6153947782320376
161.35000000000002,0.6190348814818427
161.4,0.6247567463708366
161.45000000000002,0.6271758145883078
161.5,0.6241665331348735
161.55,0.6185446226218222
161.60000000000002,0.6154571803245158
161.65,0.6178526898925738
161.70000000000002,0.623506704493182
161.75,0.627050921368946
161.8,0.6252721899245975
161.85000000000002,0.6199089472829018
161.9,0.6158522818214025
161.95000000000002,0.6169090583933734
162.0,0.6221610142199333
162.05,0.6266054837606344
162.10000000000002,0.6261196580324706
162.15,0.6212892063951595
162.20000000000002,0.6165349495976481
162.25,0.6162488680464919
162.3,0.6208011704394659
162.35000000000002,0.6258747198274515
162.4,0.6266811609950996
162.45000000000002,0.622614822723613
162.5,0.6174470813040813
162.55,0.6158944980556419
162.60000000000002,0.6195057363986728
162.65,0.624905811340017
162.70000000000002,0.6269415541221736
162.75,0.623826726545409
162.8,0.6185251312552502
162.85000000000002,0.6158465388205709
162.9,0.6183450287111737
162.95000000000002,0.6237562482360826
163.0,0.6268968615864672
163.05,0.62487647240588
163.10000000000002,0.6197063436356286
163.15,0.6160871834615854
163.20000000000002,0.6173764849825729
163.25,0.6224913571776995
163.3,0.6265540760205615
163.35000000000002,0.6257240342707023
163.4,0.6209325168492793
163.45000000000002,0.616585462148358
163.5,0.6166415915168905
163.55,0.6211807667839404
163.60000000000002,0.6259318831950693
163.65,0.626335773837564
163.70000000000002,0.6221509123109216
163.75,0.6173029609306429
163.8,0.6161650032088158
163.85000000000002,0.6198940431933313
163.9,0.625061480209044
163.95000000000002,0.6266837960583301
164.0,0.6233128244158322
164.05,0.6181985391234969
164.10000000000002,0.6159559593481504
164.15,0.6186961559375713
164.20000000000002,0.6239865658889643
164.25,0.6267472027869524
164.3,0.6243710684720334
164.35000000000002,0.6192308998248394
164.4,0.6160114390070476
164.45000000000002,0.6176436455515005
164.5,0.6227618841369986
164.55,0.6265149042367698
164.60000000000002,0.6252779733044985
164.65,0.6203585869986559
164.70000000000002,0.6163199443818801
164.75,0.6167822644479619
164.8,0.6214502328336101
164.85000000000002,0.6259889829883781
164.9,0.6259852485972072
164.95000000000002,0.621537868543538
165.0,0.6168645812802477
165.05,0.6161464468815827
165.10000000000002,0.6201184035737526
165.15,0.6251873620191102
165.20000000000002,0.6264463878804479
165.25,0.6227197442299117
165.3,0.6176243377813313
165.35000000000002,0.6157603531011144
165.4,0.6188328900212924
165.45000000000002,0.6241447545495227
165.5,0.6266213195895531
165.55,0.6238477270613071
165.60000000000002,0.6185730951367806
165.65,0.6156396510097494
165.70000000000002,0.6176562646544779
165.75,0.6229114380687997
165.8,0.6264821846563126
165.85000000000002,0.6248579095729009
165.9,0.6196767548641898
165.95000000000002,0.6157928895009129
166.0,0.6166448337575
166.05,0.6215500696413534
166.10000000000002,0.6260187029424981
166.15,0.6256821427572156
166.20000000000002,0.620889668604595
166.25,0.616221432667379
166.3,0.6158476296866854
166.35000000000002,0.6201313047218793
166.4,0.6252417071328187
166.45000000000002,0.6262541442288265
166.5,0.6221520391679606
166.55,0.6169174573833309
166.60000000000002,0.6153062007501932
166.65,0.6187292195657684
166.70000000000002,0.6241839854101962
166.75,0.6265173711141714
166.8,0.6233899118353498
166.85000000000002,0.6178603110170068
166.9,0.6150542648696194
166.95000000000002,0.617417387717039
167.0,0.6228983521643771
167.05,0.6264328985931976
167.10000000000002,0.624518746001442
167.15,0.6190123319702643
167.20000000000002,0.6151162902793732
167.25,0.6162659831431576
167.3,0.6214535815196098
167.35000000000002,0.6259855252918424
167.4,0.6254505223221217
167.45000000000002,0.6203157747468832
167.5,0.6155044887429796
167.55,0.6153396781567133
167.60000000000002,0.6199292605509679
167.65,0.6251868466403558
167.70000000000002,0.6261032508249699
167.75,0.6216925188810579
167.8,0.6162144291814439
167.85000000000002,0.6146956351944659
167.9,0.6184106223560855
167.95000000000002,0.6240748843067739
168.0,0.6264109871186659
168.05,0.6230476877527187
168.10000000000002,0.6172202672702726
168.15,0.6143807738821482
168.20000000000002,0.6169840292826216
168.25,0.622710726131864
168.3,0.6263322938741502
168.35000000000002,0.6242772838650072
168.4,0.6184711630082668
168.45000000000002,0.6144278018299959
168.5,0.6157331794285417
168.55,0.6211732358979433
168.60000000000002,0.6258555271423469
168.65,0.6252787929501081
168.70000000000002,0.6198905740200961
168.75,0.6148501354825617
168.8,0.6147355781048199
168.85000000000002,0.6195530561953705
168.9,0.6250001982923584
168.95000000000002,0.6259628211879215
169.0,0.6213796436567701
169.05,0.6156365877558864
169.10000000000002,0.6140585919184013
169.15,0.6179468392362263
169.20000000000002,0.6238146454927667
169.25,0.6262635131635018
169.3,0.6228249325315938
169.35000000000002,0.6167472920232889
169.4,0.6137545972677494
169.45000000000002,0.6164520659352579
169.5,0.622371019218652
169.55,0.6261458402893392
169.60000000000002,0.6241095669732374
169.65,0.6181125105460319
169.70000000000002,0.6138552810873837
169.75,0.6151622329095731
169.8,0.6207589103706693
169.85000000000002,0.6256087012572447
169.9,0.6251259028704776
169.95000000000002,0.6196355911128489
170.0,0.6143658521213968
170.05,0.614161869488554
170.10000000000002,0.6190787725323506
170.15,0.6246838316172832
170.20000000000002,0.6257873638977854
170.25,0.6212004345194209
170.3,0.6152605099916834
170.35000000000002,0.6135209338011554
170.4,0.6174357516668054
170.45000000000002,0.6234314230073712
170.5,0.6260373461782425
170.55,0.6226826790021817
170.60000000000002,0.6164807439754382
170.65,0.6132885930669909
170.70000000000002,0.6159339220390558
170.75,0.621933825808447
170.8,0.6258538825459536
170.85000000000002,0.6239627883670791
170.9,0.6179377245809916
170.95000000000002,0.6134870352356959
171.0,0.6146705283673334
171.05,0.6202886448387864
171.10000000000002,0.6252498394615816
171.15,0.6249387035811649
171.20000000000002,0.6195192291830333
171.25,0.6141065321619377
171.3,0.6137298252706671
171.35000000000002,0.6186020480013787
171.4,0.6242694152888638
171.45000000000002,0.6255358509048926
171.5,0.6211004323619811
171.55,0.615103226399475
171.60000000000002,0.61317647676839
171.65,0.6169824718896153
171.70000000000002,0.6229823049101227
171.75,0.6257130322281411
171.8,0.6225568669235794
171.85000000000002,0.6164008711327955
171.9,0.6130490628710452
171.95000000000002,0.6155344414674793
172.0,0.621476938468803
172.05,0.6254637890337665
172.10000000000002,0.6237772817544271
172.15,0.6178970091279371
172.20000000000002,0.6133547906178579
172.25,0.6143521278194168
172.3,0.6198537665374351
172.35000000000002,0.6248138747304216
172.4,0.6246741801673928
172.45000000000002,0.6194730291249495
172.5,0.6140667738519714
172.55,0.6135125643140431
172.60000000000002,0.6182189173569818
172.65,0.623816154999346
172.70000000000002,0.6251904830004916
172.75,0.6210065354609726
172.8,0.6151250595751966
172.85000000000002,0.6130689754887523
172.9,0.6166780266424833
172.95000000000002,0.6225443898909098
173.0,0.6253017880837002
173.05,0.6223838646166496
173.10000000000002,0.61644190820833
173.15,0.6130452012455614
173.20000000000002,0.6153298719392696
173.25,0.6210869691313288
173.3,0.6250147496034452
173.35000000000002,0.6235105898019186
173.4,0.617910857546126
173.45000000000002,0.6134324784402808
173.5,0.6142596760995499
173.55,0.6195410211362141
173.60000000000002,0.6243628387739488
173.65,0.6243184529640082
173.70000000000002,0.619418135103977
173.75,0.6141897013239187
173.8,0.6135324377402278
173.85000000000002,0.6180067367472087
173.9,0.6234009497637554
173.95000000000002,0.6247681430577474
174.0,0.6208543813188397
174.05,0.615247682635343
174.10000000000002,0.6131871636225628
174.15,0.6165815110329176
174.20000000000002,0.6221999772570637
174.25,0.6248483731594474
174.3,0.6221246226508755
174.35000000000002,0.6165170267873097
174.4,0.6132331729800218
174.45000000000002,0.6153536829128867
174.5,0.6208418385252057
174.55,0.6245724681626567
174.60000000000002,0.6231549854575059
174.65,0.6178983080851778
174.70000000000002,0.6136495473070398
174.75,0.6143961163958485
174.8,0.6194147799944242
174.85000000000002,0.6239739218667412
174.9,0.6238955740483408
174.95000000000002,0.6192926534953366
175.0,0.6143882681500398
175.05,0.613760387234963
175.10000000000002,0.6180084999676974
175.15,0.6231020780845702
175.20000000000002,0.6243199399166919
175.25,0.6206107867937949
175.3,0.6153807408359326
175.35000000000002,0.6134726616481119
175.4,0.6167087401729969
175.45000000000002,0.6220184294389106
175.5,0.6244223266163329
175.55,0.6217791079625209
175.60000000000002,0.6165465297528329
175.65,0.6135323085939184
175.70000000000002,0.6155914431495233
175.75,0.6207933425369803
175.8,0.6242141465754585
175.85000000000002,0.6227422729463161
175.9,0.6178025479717012
175.95000000000002,0.6139138255774591
176.0,0.614717108351768
176.05,0.6195026291985573
176.10000000000002,0.6237208657420443
176.15,0.6234627120126172
176.20000000000002,0.6190708829446818
176.25,0.6145718806961281
176.3,0.6141263506625049
176.35000000000002,0.6182234420246202
176.4,0.6229797992329433
176.45000000000002,0.6239182706419555
176.5,0.6202839250646061
176.55,0.6154484436399315
176.60000000000002,0.613837685829117
176.65,0.6170293973352551
176.70000000000002,0.6220385787228226
176.75,0.6240994403870878
176.8,0.6213863209864563
176.85000000000002,0.6164804030219365
176.9,0.613848182674482
176.95000000000002,0.6159853922639162
177.0,0.6209535746549105
177.05,0.6240073853332249
177.10000000000002,0.6223342194067554
177.15,0.6176059801496074
177.20000000000002,0.6141369172526655
177.25,0.6151430205482236
177.3,0.6197875343930328
177.35000000000002,0.6236532847761316
177.4,0.6230930115911694
177.45000000000002,0.6187686949954853
177.5,0.614670374180364
177.55,0.6145376015799552
177.60000000000002,0.6186060929386782
177.65,0.6230587098930138
177.70000000000002,0.6236350626605038
177.75,0.6199184599304428
177.8,0.6154083656354649
177.85000000000002,0.6141875446710513
177.9,0.617473407356806
177.95000000000002,0.6222561755483275
178.0,0.6239386836301831
178.05,0.6210102963260095
178.10000000000002,0.6163089143101455
178.15,0.6140961464431985
178.20000000000002,0.6164476866137842
178.25,0.6212888871980159
178.3,0.6239889048320877
178.35000000000002,0.6220018977874299
178.4,0.6173309377627966
178.45000000000002,0.6142551728985303
178.5,0.6155776121333849
178.55,0.6202090458533777
178.60000000000002,0.6237797504925627
178.65,0.622851573456666
178.70000000000002,0.6184343465945185
178.75,0.6146489966114953
178.8,0.614900467370157
178.85000000000002,0.6190746901554186
178.9,0.623317032949482
178.95000000000002,0.623517882515949
179.0,0.6195780613296235
179.05,0.6152578848185396
179.10000000000002,0.6144422656294445
179.15,0.6179456652357918
179.20000000000002,0.6226204453373113
179.25,0.6239615858561663
179.3,0.6207171799623545
179.35000000000002,0.6160593549783272
179.4,0.6142194694226308
179.45000000000002,0.6168796659182187
179.5,0.6217239937493925
179.55,0.624149636697605
179.60000000000002,0.6218008609792761
179.65,0.6170272262694179
179.70000000000002,0.61424130440619
179.75,0.6159292679948062
179.8,0.6206744242222443
179.85000000000002,0.6240601462222216
179.9,0.622772302234937
179.95000000000002,0.6181288534906558
180.0,0.6145114334257129
180.05,0.6151404478128957
180.10000000000002,0.6195279943328138
180.15,0.6236868892856108
180.20000000000002,0.6235715318904254
180.25,0.6193217568380028
180.3,0.6150279891938177
180.35000000000002,0.6145524574195779
180.4,0.6183464432647549
180.45000000000002,0.6230420688171213
180.5,0.6241407952397311
180.55,0.620551224453504
180.60000000000002,0.6157815935385333
180.65,0.6141983238012447
180.70000000000002,0.6171931481880432
180.75,0.6221566367220226
180.8,0.6244314476750548
180.85000000000002,0.621750331003116
180.9,0.6167518006335347
180.95000000000002,0.6141049335116151
181.0,0.6161301835696056
181.05,0.6210782263649318
181.10000000000002,0.624410755375786
181.15,0.6228431937536517
181.20000000000002,0.6179031241210952
181.25,0.6142917913803868
181.3,0.6152164466896054
181.35000000000002,0.6198673994532663
181.4,0.6240670303175399
181.45000000000002,0.6237513490127761
181.5,0.6191822075246664
181.55,0.6147680704436018
181.60000000000002,0.6145064133800487
181.65,0.6185932280615248
181.70000000000002,0.6234120341237
181.75,0.624402189771312
181.8,0.6205176257100259
181.85000000000002,0.6155283151992601
181.9,0.6140487064441862
181.95000000000002,0.6173291296126733
182.0,0.6224803719314017
182.05,0.6247377709127229
182.10000000000002,0.6218232435508008
182.15,0.6165478684997219
182.20000000000002,0.6138836700434291
182.25,0.6161494219774992
182.3,0.6213263703672526
182.35000000000002,0.6247221714574169
182.4,0.623005141145113
182.45000000000002,0.6177795284087203
182.5,0.6140395523593205
182.55,0.6151264797664207
182.60000000000002,0.6200194375407277
182.65,0.6243460130253932
182.70000000000002,0.6239711266871614
182.75,0.6191529396215414
182.8,0.614527562967832
182.85000000000002,0.6143279172519341
182.9,0.6186389875163107
182.95000000000002,0.6236275084267955
183.0,0.624641118953408
183.05,0.620577738596022
183.10000000000002,0.6153367548230747
183.15,0.6138131112533348
183.20000000000002,0.6172696887349102
183.25,0.6226102806954128
183.3,0.6249564243519177
183.35000000000002,0.6219505984531288
183.4,0.6164301482865109
183.45000000000002,0.6136286537352106
183.5,0.6159972417178875
183.55,0.6213588668646934
183.60000000000002,0.6248862292153233
183.65,0.6231653149506959
183.70000000000002,0.6177435869639757
183.75,0.6138028919238079
183.8,0.614904371393472
183.85000000000002,0.6199530998684727
183.9,0.6244303524893782
183.95000000000002,0.6241242531539547
184.0,0.6191884159322967
184.05,0.6143403606017144
184.10000000000002,0.6140664794372281
184.15,0.6184823872098779
184.20000000000002,0.6236182231972158
184.25,0.624749094884118
184.3,0.6206582644368553
184.35000000000002,0.6152174042241513
184.4,0.6135465397758306
184.45000000000002,0.6170404059826193
184.5,0.6225048616553359
184.55,0.6249890015045981
184.60000000000002,0.6220392174546805
184.65,0.6163804326123226
184.70000000000002,0.6133892796234901
184.75,0.6157201645527466
184.8,0.6211651050734518
184.85000000000002,0.6248249597797516
184.9,0.6232217836312951
184.95000000000002,0.6177479474379187
185.0,0.613615288607951
185.05,0.6146090174190232
185.10000000000002,0.6196873044320957
185.15,0.6242700061728094
185.20000000000002,0.6241125865993206
185.25,0.6192167467407459
185.3,0.6142162094544191
185.35000000000002,0.6137832148376465
185.4,0.6181672957041001
185.45000000000002,0.6233659401259356
185.5,0.6246437683632381
185.55,0.6206717449397828
185.60000000000002,0.6151523801071944
185.65,0.6133019119931575
185.70000000000002,0.6167028521566722
185.75,0.622177754423891
185.8,0.6247786649965061
185.85000000000002,0.6219979385433969
185.9,0.6163540877134811
185.95000000000002,0.6132011077788787
186.0,0.6153883469447854
186.05,0.620787154399754
186.10000000000002,0.6245132184198282
186.15,0.6230924888764067
186.20000000000002,0.6177269507902684
186.25,0.6134885046621738
186.3,0.6143092079971066
186.35000000000002,0.6192862062643366
186.4,0.6238735591347409
186.45000000000002,0.6238748601103772
186.5,0.6191610221807637
186.55,0.6141405655048185
186.60000000000002,0.6135359726965294
186.65,0.6177715503677091
186.70000000000002,0.6229109316460524
186.75,0.6242934407585018
186.8,0.6205422850328193
186.85000000000002,0.6151029293015751
186.9,0.6131182333134007
186.95000000000002,0.6163390431907286
187.0,0.6216954150686165
187.05,0.6243279407798288
187.10000000000002,0.6217645996337734
187.15,0.6162947963613592
187.20000000000002,0.6130792927124145
187.25,0.6150784085577683
187.3,0.6203096571730242
187.35000000000002,0.62398784382472
187.4,0.6227400494780116
187.45000000000002,0.6176170262362952
187.5,0.6134126968025483
187.55,0.6140675866820936
187.60000000000002,0.6188432466257333
187.65,0.623308008481163
187.70000000000002,0.6234060539000471
187.75,0.6189627744818655
187.8,0.6140817917361947
187.85000000000002,0.613366889119712
187.9,0.6173877000303826
187.95000000000002,0.6223428990881825
188.0,0.6237284344475995
188.05,0.6202288395866773
188.10000000000002,0.615022998041733
188.15,0.6130136008547681
188.20000000000002,0.6160316353167687
188.25,0.6211607809709652
188.3,0.6237006015930832
188.35000000000002,0.6213257215450235
188.4,0.6161526905724979
188.45000000000002,0.6130180771396672
188.5,0.6148556958013885
188.55,0.6198386438972654
188.60000000000002,0.6233398802698391
188.65,0.6221847559311819
188.70000000000002,0.617376671487734
188.75,0.6133624588145546
188.8,0.6139271457991432
188.85000000000002,0.6184579126513363
188.9,0.6226824510643404
188.95000000000002,0.6227614669215904
189.0,0.6186005381071035
189.05,0.6140027716727471
189.10000000000002,0.6132945953515878
189.15,0.617100490074242
189.20000000000002,0.6217783053145886
189.25,0.6230352441375995
189.3,0.6197390280493666
189.35000000000002,0.6148744418881835
189.4,0.6129837770711437
189.45000000000002,0.615844563987272
189.5,0.6206870661818981
189.55,0.6230063096979042
189.60000000000002,0.6207227412923831
189.65,0.6159003811709524
189.70000000000002,0.612995468384537
189.75,0.6147599043196914
189.8,0.6194747800444128
189.85000000000002,0.6226914382107296
189.9,0.6215013849922874
189.95000000000002,0.6170000872485667
190.0,0.6133063941721435
190.05,0.6139029165493188
190.10000000000002,0.6182111758392601
190.15,0.6221198564473818
190.20000000000002,0.6220436316069711
190.25,0.6180979403019645
190.3,0.613873286587593
190.35000000000002,0.6133122440708539
190.4,0.6169666773829173
190.45000000000002,0.6213302204862512
190.5,0.6223345378981302
190.55,0.6191291528583371
190.60000000000002,0.6146394289228988
190.65,0.6130059782372519
190.70000000000002,0.6158086883617666
190.75,0.6203687841993908
190.8,0.6223719810253704
190.85000000000002,0.6200425496290082
190.9,0.6155422851581848
190.95000000000002,0.6129813798347683
191.0,0.6147972134872627
191.05,0.6192881867666631
191.10000000000002,0.6221635530484455
191.15,0.6208002864185436
191.20000000000002,0.6165205074287524
191.25,0.6132174389030349
191.3,0.6139804672967459
191.35000000000002,0.6181459834384354
191.4,0.6217248293747634
191.45000000000002,0.6213754670212583
191.5,0.6175188459918718
191.55,0.6136797828450613
191.60000000000002,0.6133914893948047
191.65,0.6170022179099283
191.70000000000002,0.6210791099855045
191.75,0.6217491265802285
191.8,0.6184901815247958
191.85000000000002,0.6143267047889794
191.9,0.6130467400565981
191.95000000000002,0.6159158786744533
192.0,0.6202579729874648
192.05,0.6219080387304745
192.10000000000002,0.6193948203424796
192.15,0.6151147278333567
192.20000000000002,0.6129471576616197
192.25,0.6149407355442893
192.3,0.6193015918845332
192.35000000000002,0.6218442706319229
192.4,0.6201980416261226
192.45000000000002,0.6160023031021862
192.5,0.6130813867232319
192.55,0.6141215225546687
192.60000000000002,0.618257881298518
192.65,0.6215565600170395
192.70000000000002,0.6208673937204673
192.75,0.6169509020634245
192.8,0.6134301354600137
192.85000000000002,0.6134915055714726
192.9,0.6171800740295288
192.95000000000002,0.621052760345578
193.0,0.6213712243229101
193.05,0.6179236731957539
193.10000000000002,0.6139702164234653
193.15,0.6130720804600525
193.20000000000002,0.6161230433057543
193.25,0.6203521303379648
193.3,0.621679384038268
193.35000000000002,0.6188826826976054
193.4,0.6146769449018035
193.45000000000002,0.6128743239002132
193.5,0.6151392628438357
193.55,0.6194862915933372
193.60000000000002,0.62176615906523
193.65,0.6197862730269236
193.70000000000002,0.6155241891995585
193.75,0.6129016628243042
193.8,0.6142754980333978
193.85000000000002,0.6184981992880628
193.9,0.6216145963965988
193.95000000000002,0.6205880618684102
194.0,0.616482258423743
194.05,0.6131523704428966
194.10000000000002,0.6135710392094945
194.15,0.6174392302113343
194.20000000000002,0.6212208318321015
194.25,0.6212385511683765
194.3,0.6175146632618493
194.35000000000002,0.6136206483126926
194.4,0.6130576274111178
194.45000000000002,0.6163651764652365
194.5,0.6205970098231538
194.55,0.6216894026823591
194.60000000000002,0.6185753107115882
194.65,0.6142956132207665
194.70000000000002,0.6127604674283675
194.75,0.6153322683507768
194.8,0.6197718733154756
194.85000000000002,0.6218994861564973
194.9,0.6196076976300097
194.95000000000002,0.6151583674093811
195.0,0.6126992107709899
195.05,0.6143941956949965
195.10000000000002,0.6187888922961075
195.15,0.6218411724647487
195.20000000000002,0.6205471185654207
195.25,0.616178178689826
195.3,0.6128877617338543
195.35000000000002,0.6136005169178138
195.4,0.6177025764877772
195.45000000000002,0.6215052459545848
195.5,0.6213259720708156
195.55,0.6173093393078368
195.60000000000002,0.6133322432409766
195.65,0.6129960993066803
195.70000000000002,0.6165740914897604
195.75,0.6209032516555848
195.8,0.6218812481024246
195.85000000000002,0.6184903013813317
195.9,0.614027271826759
195.95000000000002,0.6126206687252167
196.0,0.6154672849643777
196.05,0.6200668942621963
196.10000000000002,0.6221625716397574
196.15,0.6196461599631242
196.20000000000002,0.6149515297586878
196.25,0.6125074287456456
196.3,0.6144457490019318
196.35000000000002,0.6190449569076089
196.4,0.6221389983045192
196.45000000000002,0.6206946193744164
196.5,0.6160641807038871
196.55,0.6126801004382086
196.60000000000002,0.6135708268274718
196.65,0.617898809085075
196.70000000000002,0.6218031390050474
196.75,0.6215545435678456
196.8,0.6173037410765946
196.85000000000002,0.6131484830959075
196.9,0.6128998598043851
196.95000000000002,0.61669771144492
197.0,0.6211719777749098
197.05,0.6221554160441188
197.10000000000002,0.6185905325619349
197.15,0.6139034529645954
197.20000000000002,0.6124837547620983
197.25,0.615514764532125
197.3,0.6202846452839036
197.35000000000002,0.6224457754698827
197.4,0.6198329238906367
197.45000000000002,0.6149128902458463
197.5,0.6123632377806271
197.55,0.6144236817028315
197.60000000000002,0.6191981234303878
197.65,0.622399005090931
197.70000000000002,0.6209365193062624
197.75,0.6161201367610883
197.8,0.612563828489302
197.85000000000002,0.613495916425387
197.9,0.6179821414604804
197.95000000000002,0.6220156036807319
198.0,0.6218146191032162
198.05,0.6174461549626526
198.10000000000002,0.6130903502461188
198.15,0.6127973595374916
198.20000000000002,0.616714301488148
198.25,0.6213219862977769
198.3,0.6223979428169852
198.35000000000002,0.6187956818439263
198.4,0.6139223780437414
198.45000000000002,0.6123839882865246
198.5,0.6154758758485627
198.55,0.620366658178839
198.60000000000002,0.622641843859655
198.65,0.6200666232168657
198.70000000000002,0.6150121889034864
198.75,0.6122964226316061
198.8,0.6143480509911757
198.85000000000002,0.6192150247903592
198.9,0.6225299418086466
198.95000000000002,0.6211610611567906
199.0,0.6162864168010447
199.05,0.6125540744353006
199.10000000000002,0.6134079817615082
199.15,0.6179440219499931
199.20000000000002,0.6220740159456275
199.25,0.6219958421474615
199.3,0.6176517973504128
199.35000000000002,0.6131501718907674
199.4,0.6127240580472841
199.45000000000002,0.6166372452807487
199.5,0.6213108507214145
199.55,0.6225108775415606
199.60000000000002,0.619004361015485
199.65,0.6140491598215284
199.70000000000002,0.6123502478488919
199.75,0.6153805956824979
199.8,0.6202972546774943
199.85000000000002,0.6226739277128713
199.9,0.6202405354942556
199.95000000000002,0.6151876932033129
200.0,0.6123200512294249
