Jt,q4_t
0.05,5.556444158409668e-05
0.1,0.00021943360839617363
0.15000000000000002,0.0004915266485582027
0.2,0.0008776319451006542
0.25,0.0013814847053419403
0.30000000000000004,0.002000608658808177
0.35000000000000003,0.0027185700882400177
0.4,0.003518307089732992
0.45,0.0044190384163363275
0.5,0.0054617875494141965
0.55,0.00665727284862148
0.6000000000000001,0.007974807756769472
0.65,0.009358793331761288
0.7000000000000001,0.01076798665712971
0.75,0.01224824773193067
0.8,0.013910353533142654
0.8500000000000001,0.015798838115218563
0.9,0.017840930276698072
0.9500000000000001,0.019910546115470672
1.0,0.02191792662467263
1.05,0.0239242069959476
1.1,0.026136624299966865
1.1500000000000001,0.028684739285664056
1.2000000000000002,0.03146696941211777
1.25,0.03425352431055269
1.3,0.03686794982914211
1.35,0.03935719311517119
1.4000000000000001,0.042030958412137505
1.4500000000000002,0.04516458338426108
1.5,0.04867681066918437
1.55,0.05221461558458605
1.6,0.05546534101122002
1.6500000000000001,0.05841637470631986
1.7000000000000002,0.06145942704694181
1.75,0.06506643360975575
1.8,0.06925871136262751
1.85,0.07357209838309242
1.9000000000000001,0.0775046315564097
1.9500000000000002,0.08092449397663845
2.0,0.0842594324660089
2.0500000000000003,0.08820153580747214
2.1,0.09297512876957739
2.15,0.09806229231040134
2.2,0.10272992073732534
2.25,0.10665482137831633
2.3000000000000003,0.11023373395428178
2.35,0.1143652870115997
2.4000000000000004,0.1195723507155078
2.45,0.12538860511787941
2.5,0.13083952768976628
2.5500000000000003,0.13533093596495133
2.6,0.13914471977130638
2.6500000000000004,0.14333441546393508
2.7,0.14878805668981163
2.75,0.1552324582129796
2.8000000000000003,0.16149293103963808
2.85,0.1666292682102066
2.9000000000000004,0.1707105658775726
2.95,0.17486144875546233
3.0,0.1803552001946267
3.0500000000000003,0.18726487691675756
3.1,0.19432004901672198
3.1500000000000004,0.200184064303574
3.2,0.20460427127969422
3.25,0.20866830845782083
3.3000000000000003,0.21400147205054046
3.35,0.22115692072972165
3.4000000000000004,0.22893269491785379
3.45,0.23559451233162143
3.5,0.2404557819654649
3.5500000000000003,0.2444410237083364
3.6,0.2494448142568822
3.6500000000000004,0.2565869686728864
3.7,0.26493745766090243
3.75,0.27243400017274344
3.8000000000000003,0.27785685715042907
3.85,0.2818270963075871
3.9000000000000004,0.2863865672912638
3.95,0.2932433816499594
4.0,0.3019485033321052
4.05,0.3102615399573102
4.1000000000000005,0.3163681848911114
4.15,0.32043622062931054
4.2,0.32450444063449163
4.25,0.3308221654218157
4.3,0.3395982432042015
4.3500000000000005,0.34863507315212533
4.4,0.35552845757194085
4.45,0.35984424162677203
4.5,0.36344739872828963
4.55,0.3690205966528994
4.6000000000000005,0.37754383079137244
4.65,0.38712567996043484
4.7,0.39486539439720475
4.75,0.3995997564616084
4.800000000000001,0.4028338479389626
4.8500000000000005,0.4075288601731486
4.9,0.4154681922250108
4.95,0.4253309317635704
5.0,0.43390871712658097
5.050000000000001,0.43923275519504995
5.1000000000000005,0.44225353098061554
5.15,0.4460221789298333
5.2,0.4530755981575813
5.25,0.4628851600832562
5.300000000000001,0.4722046620969843
5.3500000000000005,0.4782650097456604
5.4,0.4812727030052272
5.45,0.4841555717808111
5.5,0.4900832127013751
5.550000000000001,0.49946461871760534
5.6000000000000005,0.5093308341340833
5.65,0.516222224102027
5.7,0.5194417860166303
5.75,0.5215624429092525
5.800000000000001,0.5262110783289268
5.8500000000000005,0.5347864774690158
5.9,0.5449094198427867
5.95,0.5526479167997712
6.0,0.5563048281388788
6.050000000000001,0.557857108780697
6.1000000000000005,0.5611732403607846
6.15,0.5686020563446894
6.2,0.5786164215184373
6.25,0.5871184810608198
6.300000000000001,0.5914105070675935
6.3500000000000005,0.5926405519673483
6.4,0.5946721288203554
6.45,0.6006861808853841
6.5,0.6101849684027512
6.550000000000001,0.6192580199931809
6.6000000000000005,0.6243247307418165
6.65,0.6255084292639669
6.7,0.6263971868484435
6.75,0.6308254654998153
6.800000000000001,0.6394019261735446
6.8500000000000005,0.6487507877953032
6.9,0.6546447731659676
6.95,0.6560606317842872
7.0,0.6560275512524364
7.050000000000001,0.6588083752543659
7.1000000000000005,0.6660986253816736
7.15,0.675348840165857
7.2,0.6820142560406753
7.25,0.6839121965862434
7.300000000000001,0.68323781501322
7.3500000000000005,0.684419104306998
7.4,0.6901380026672214
7.45,0.6988730870073111
7.5,0.7061373815841061
7.550000000000001,0.7087056813816628
7.6000000000000005,0.7077057655023399
7.65,0.7074360138941087
7.7,0.7114012453122572
7.75,0.7192072875435201
7.800000000000001,0.7267900949637007
7.8500000000000005,0.7301249206282733
7.9,0.7291213992999538
7.95,0.7276341364216294
8.0,0.7297768627613029
8.05,0.7362862218762131
8.1,0.7438257660651819
8.15,0.7479093572301224
8.200000000000001,0.7471970963243986
8.25,0.744790539011581
8.3,0.7451540851820897
8.35,0.7500807099655402
8.4,0.7571737589653073
8.450000000000001,0.7618671929128057
8.5,0.7616791412963266
8.55,0.7586913341679494
8.6,0.7574210575066245
8.65,0.7605827914052349
8.700000000000001,0.7668307643160892
8.75,0.7718849222471511
8.8,0.7723605140033873
8.85,0.769139661027426
8.9,0.7664670384077618
8.950000000000001,0.767793998719909
9.0,0.7728465252266646
9.05,0.7779308638374678
9.1,0.7790940620163354
9.15,0.7759646129631298
9.200000000000001,0.772187179683115
9.25,0.7717184396972411
9.3,0.7753069592881846
9.35,0.7800512519260787
9.4,0.7818041857558619
9.450000000000001,0.7790313866067393
9.5,0.7744885846559894
9.55,0.7723608643385912
9.600000000000001,0.774318154522916
9.65,0.7783590879126758
9.700000000000001,0.7804945396630761
9.75,0.7782526026385531
9.8,0.7732969954971456
9.850000000000001,0.7697286348191718
9.9,0.7699941304490938
9.950000000000001,0.7730177358536817
10.0,0.7752494247013921
10.05,0.773599881028836
10.100000000000001,0.7685641710316312
10.15,0.7638359712134037
10.200000000000001,0.7624498678257849
10.25,0.7642225325300547
10.3,0.76622763626155
10.350000000000001,0.7651137566186006
10.4,0.7602763139184396
10.450000000000001,0.7547090891877513
10.5,0.7517994894165391
10.55,0.7521839913868039
10.600000000000001,0.7536492558623771
10.65,0.7529094484762734
10.700000000000001,0.7484635464660279
10.75,0.7423915941633101
10.8,0.7381582361278376
10.850000000000001,0.7371154093385702
10.9,0.7377776523124396
10.950000000000001,0.7371762678072815
11.0,0.7332095412086387
11.05,0.7269502538146352
11.100000000000001,0.7216464255766339
11.15,0.7192261610556313
11.200000000000001,0.7189001423747401
11.25,0.7181696325895157
11.3,0.7146594309952219
11.350000000000001,0.7084815708600821
11.4,0.7023939269225818
11.450000000000001,0.6987202925669915
11.5,0.6973109148924296
11.55,0.6961964162086387
11.600000000000001,0.6930236102051086
11.65,0.6871192111769521
11.700000000000001,0.6805445068032374
11.75,0.6757988201983491
11.8,0.6732989048606832
11.850000000000001,0.6715960832242625
11.9,0.6685753844751502
11.950000000000001,0.6630414652389647
12.0,0.6562601872180418
12.05,0.6506637630861914
12.100000000000001,0.6471416895998909
12.15,0.6447211293156476
12.200000000000001,0.641641652687617
12.25,0.6364769917524701
12.3,0.6297260623206234
12.350000000000001,0.6235223617934469
12.4,0.6191047924426396
12.450000000000001,0.6159203574920097
12.5,0.6125875368710215
12.55,0.6077066511387068
12.600000000000001,0.6011556746128673
12.65,0.5945907983776488
12.700000000000001,0.5894446194438645
12.75,0.5855275036763086
12.8,0.5817974982328935
12.850000000000001,0.577059635161788
12.9,0.5707962340048839
12.950000000000001,0.5640975266516757
13.0,0.5584129427687292
13.05,0.5538560786809603
13.100000000000001,0.5496563970807865
13.15,0.5449033171997845
13.200000000000001,0.5389321279565773
13.25,0.5322866333621089
13.3,0.5262613134283107
13.350000000000001,0.5211996409776032
13.4,0.5165338436017367
13.450000000000001,0.5116278883594146
13.5,0.5058848210726262
13.55,0.49942134929235477
13.600000000000001,0.49324465363822056
13.65,0.48783562101118466
13.700000000000001,0.4827741121687094
13.75,0.47762830833336
13.8,0.47200768015815264
13.850000000000001,0.46578711332522427
13.9,0.45962405369282494
13.950000000000001,0.45403056010895326
14.0,0.4486922767709395
14.05,0.44328684568888105
14.100000000000001,0.43767542677116933
14.15,0.4316928924943564
14.200000000000001,0.425669111022913
14.25,0.4200451061851727
14.3,0.4145756628375364
14.350000000000001,0.40895925146607265
14.4,0.4032694104494071
14.450000000000001,0.3974692259823405
14.5,0.3916599099952739
14.55,0.38613794032653354
14.600000000000001,0.38068871321941483
14.65,0.37496651878432397
14.700000000000001,0.36916114804307826
14.75,0.36346193195848153
14.8,0.3578881598685724
14.850000000000001,0.35256853380421027
14.9,0.3472791590645
14.950000000000001,0.34159265484550616
15.0,0.33569711603562213
15.05,0.330021497105934
15.100000000000001,0.32465647946429765
15.15,0.3195989376761915
15.200000000000001,0.31458384638828785
15.25,0.30908747656310404
15.3,0.303187430653668
15.350000000000001,0.29748946361620693
15.4,0.2922747197629044
15.450000000000001,0.28749463992122687
15.5,0.28283332678998346
15.55,0.2776725767852071
15.600000000000001,0.2718999687756038
15.65,0.26618412647709044
15.700000000000001,0.26105272037532967
15.75,0.2565241017641715
15.8,0.25225496530763736
15.850000000000001,0.24754845967333938
15.9,0.24206008936102255
15.950000000000001,0.23638816529888426
16.0,0.23128987074635013
16.05,0.22695625315146645
16.1,0.2230745946962833
16.150000000000002,0.21890126738288188
16.2,0.21385489510586655
16.25,0.2083403575132644
16.3,0.2032629139329251
16.35,0.19905528571269882
16.400000000000002,0.195516649793175
16.45,0.1919081739432384
16.5,0.1874402801547267
16.55,0.18223246210449628
16.6,0.17721414632081214
16.650000000000002,0.17307262341873955
16.7,0.16980246023684523
16.75,0.16674105787519317
16.8,0.16294893711901662
16.85,0.15821112962274497
16.900000000000002,0.15334223270264213
16.95,0.14923680948562515
17.0,0.14614625800987896
17.05,0.14356829653553566
17.1,0.14049788097466576
17.150000000000002,0.13638370055662963
17.2,0.1317972521852304
17.25,0.12774287068900791
17.3,0.12474867947585164
17.35,0.1225544922518693
17.400000000000002,0.12019458211818673
17.45,0.11682625879805256
17.5,0.1126805646170459
17.55,0.10874314109585403
17.6,0.10578812302491696
17.650000000000002,0.10385784921223716
17.7,0.10214120942342032
17.75,0.09959232982074923
17.8,0.09604902464663158
17.85,0.09234134593839266
17.900000000000002,0.08941106245708083
17.95,0.0876250057169391
18.0,0.0864366547786617
18.05,0.08472096771891147
18.1,0.08192231458981096
18.150000000000002,0.07859102197318588
18.2,0.07572299179996472
18.25,0.07398351154652459
18.3,0.0731760261009829
18.35,0.07224339219147752
18.400000000000002,0.07029188251254859
18.45,0.06749836337865624
18.5,0.06478180680979909
18.55,0.06303275918435432
18.6,0.06244735354526372
18.650000000000002,0.062187614235325324
18.7,0.061130103891546585
18.75,0.059028690943797354
18.8,0.05659501139204573
18.85,0.054834799022135824
18.900000000000002,0.05432552907319918
18.95,0.05458059106609189
19.0,0.05439862493209914
19.05,0.05311521811447301
19.1,0.05112130769004497
19.150000000000002,0.04940680568458377
19.200000000000003,0.04886403008128249
19.25,0.04944750025875791
19.3,0.05005515958834671
19.35,0.049668706883328605
19.400000000000002,0.04827618953368868
19.450000000000003,0.046716817776801145
19.5,0.04608562472939064
19.55,0.04680790645553623
19.6,0.04805817061549851
19.650000000000002,0.04858684845659487
19.700000000000003,0.04794043527332853
19.75,0.046683744202962195
19.8,0.04597376291638396
19.85,0.046669029071140206
19.900000000000002,0.04836890142338695
19.950000000000003,0.049762540813417154
20.0,0.049970086430209754
20.05,0.049181719496299986
20.1,0.04846647164251031
20.150000000000002,0.04901696553625085
20.200000000000003,0.05095029950886861
20.25,0.053090467770359
20.3,0.05420660032381198
20.35,0.05404801433540401
20.400000000000002,0.05345418197796538
20.450000000000003,0.05380738043944496
20.5,0.055762656179912946
20.55,0.05847144642580058
20.6,0.06048620286434235
20.650000000000002,0.061093148517572464
20.700000000000003,0.060782106698210374
20.75,0.060957561934674505
20.8,0.06275634450179786
20.85,0.06581399650257222
20.900000000000002,0.06864780537416577
20.950000000000003,0.07011173749562016
21.0,0.07025682607765649
21.05,0.0703416596232139
21.1,0.07186275921450228
21.150000000000002,0.07503268276194996
21.200000000000003,0.07853902041934677
21.25,0.08089285682389233
21.3,0.0816559444654613
21.35,0.08179031503437142
21.400000000000002,0.08298519866410312
21.450000000000003,0.08604314496476699
21.5,0.09001980636700105
21.55,0.09322911700553496
21.6,0.09473928610899054
21.650000000000002,0.09509494866729501
21.700000000000003,0.09599169883034162
21.75,0.09875437103311432
21.8,0.10296323115097314
21.85,0.1069239707567319
21.900000000000002,0.1092601563074715
21.950000000000003,0.1100159895260962
22.0,0.11071156033862894
22.05,0.11305952246278549
22.1,0.11725297483606821
22.150000000000002,0.12179689662258994
22.200000000000003,0.12497556648027519
22.25,0.12629364022461603
22.3,0.1269365331436954
22.35,0.1288272031427864
22.400000000000002,0.13277761944363303
22.450000000000003,0.13768605596528505
22.5,0.1416547682810691
22.55,0.14365954371821887
22.6,0.144426581200433
22.650000000000002,0.14589520005603443
22.700000000000003,0.14942246691412353
22.75,0.15444798122833672
22.8,0.15908574514926593
22.85,0.16184793355849547
22.900000000000002,0.1629191910852605
22.950000000000003,0.16406828909020932
23.0,0.1670603697224325
23.05,0.17195402710238758
23.1,0.17707938400893086
23.150000000000002,0.18060531344333752
23.200000000000003,0.18214061817115623
23.25,0.18312078706414928
23.3,0.18554355137432813
23.35,0.19008380443844164
23.400000000000002,0.19547097845096878
23.450000000000003,0.19969816650413774
23.5,0.20181740706742837
23.55,0.20280343734593587
23.6,0.20469838313433303
23.650000000000002,0.20871653667495113
23.700000000000003,0.21411869690335666
23.75,0.2189184497882785
23.8,0.22168688543464088
23.85,0.22285331328789992
23.900000000000002,0.2243244925736144
23.950000000000003,0.2277219799968198
24.0,0.23289888053076727
24.05,0.238086648809874
24.1,0.24150586472950059
24.150000000000002,0.24300499444651052
24.200000000000003,0.2441985633897137
24.25,0.24695292286002613
24.3,0.251698581370844
24.35,0.2570520772366382
24.400000000000002,0.2610572209715633
24.450000000000003,0.2630013854570854
24.5,0.2640820805640316
24.55,0.2662411073782472
24.6,0.2704064837722103
24.650000000000002,0.2756901214805865
24.700000000000003,0.2801542161050411
24.75,0.2826030468193018
24.8,0.2837314590385631
24.85,0.2853976754477462
24.900000000000002,0.28890399098019426
24.950000000000003,0.29389642560107665
25.0,0.2986423737581409
25.05,0.30159549784796347
25.1,0.3029087211466305
25.150000000000002,0.3042181469850255
25.200000000000003,0.3070584978064689
25.25,0.31157861283483007
25.3,0.31639861142604053
25.35,0.319794362702179
25.400000000000002,0.3213911736562504
25.450000000000003,0.32249085241927805
25.5,0.3247205285091016
25.55,0.3286468758439364
25.6,0.33332737798121204
25.650000000000002,0.33704833882330876
25.700000000000003,0.3389791621011451
25.75,0.3400070383271366
25.8,0.3417255377968451
25.85,0.3450053343815933
25.900000000000002,0.34935390256062293
25.950000000000003,0.3532398448119757
26.0,0.3555016182525772
26.05,0.3565707584629784
26.1,0.3579000165451613
26.150000000000002,0.3605461597896118
26.200000000000003,0.3644153092160246
26.25,0.3682830624811551
26.3,0.3708194934824624
26.35,0.37200711397768427
26.400000000000002,0.3730705008943069
26.450000000000003,0.3751479613022096
26.5,0.37845108183555104
26.55,0.3821191569057085
26.6,0.3848271984776083
26.650000000000002,0.38616814975577596
26.700000000000003,0.3870735086019179
26.75,0.38867891983276837
26.8,0.39139485553331754
26.85,0.394708863720878
26.900000000000002,0.39745196911834574
26.950000000000003,0.3989363918230385
27.0,0.3997644889066753
27.05,0.4010039543480831
27.1,0.4031694818182729
27.150000000000002,0.4060233131818076
27.200000000000003,0.40865089742925326
27.25,0.4102263552618713
27.3,0.4110244800055745
27.35,0.41199421912142736
27.400000000000002,0.41368666735687065
27.450000000000003,0.41603467254621435
27.5,0.4184054427097297
27.55,0.419984306384088
27.6,0.4207640140317245
27.650000000000002,0.4215367890985881
27.700000000000003,0.4228513726841459
27.75,0.42470860378676434
27.8,0.426713670722923
27.85,0.42818628951284166
27.900000000000002,0.42892451985323826
27.950000000000003,0.42954261570029184
28.0,0.43056993233764274
28.05,0.4320003903981521
28.1,0.43358115828876204
28.150000000000002,0.434834205819976
28.200000000000003,0.43547779046822477
28.25,0.43595158393580535
28.3,0.4367599367804884
28.35,0.43785582632349007
28.400000000000002,0.4390121770833209
28.450000000000003,0.43994979984499044
28.5,0.44042397604102307
28.55,0.4407344330410501
28.6,0.44135960567707266
28.650000000000002,0.4422167771079124
28.700000000000003,0.4430031058053566
28.75,0.44356684523712353
28.8,0.44378823059297234
28.85,0.4438920367024532
28.900000000000002,0.44433475446070536
28.950000000000003,0.445030101355499
29.0,0.4455397779447335
29.05,0.44572249311969425
29.1,0.44561587859245333
29.150000000000002,0.4454528319655574
29.200000000000003,0.4456823230010595
29.25,0.4462577758537913
29.3,0.44659963212311715
29.35,0.44644936616990405
29.400000000000002,0.445966016572947
29.450000000000003,0.4454690360436406
29.5,0.4454304308250633
29.55,0.4458858793325972
29.6,0.44615832108033393
29.650000000000002,0.44577022941969374
29.700000000000003,0.44490388105102097
29.75,0.4440119154472375
29.8,0.4436356689772717
29.85,0.4439305872846085
29.900000000000002,0.44419925066844806
29.950000000000003,0.4436967402636566
30.0,0.4424929415979792
30.05,0.4411660803137867
30.1,0.4403786110228629
30.150000000000002,0.44044028696806925
30.200000000000003,0.440723767466299
30.25,0.4402328913972222
30.3,0.4387882194337847
30.35,0.43702280072467664
30.400000000000002,0.43575834686533815
30.450000000000003,0.4354939560708856
30.5,0.4357596406668038
30.55,0.43538256294416017
30.6,0.43383248357001947
30.650000000000002,0.43167271979239324
30.700000000000003,0.42988644573923224
30.75,0.42919669104494307
30.8,0.429366081974086
30.85,0.42915949024866873
30.900000000000002,0.42765656936585733
30.950000000000003,0.42519889875232514
31.0,0.4228804462209317
31.05,0.4216735224849574
31.1,0.4216345618706469
31.150000000000002,0.42159731354308183
31.200000000000003,0.4202841514501786
31.25,0.4176715747284891
31.3,0.41485696970877567
31.35,0.4130624592005686
31.400000000000002,0.4126857249492331
31.450000000000003,0.4127574157466904
31.5,0.4117401535949161
31.55,0.4091460605948729
31.6,0.40592488120377507
31.650000000000002,0.4035073001970087
31.700000000000003,0.4026634284927826
31.75,0.4027329316095037
31.8,0.4020609772186924
31.85,0.3996647369778834
31.900000000000002,0.3961793976785673
31.950000000000003,0.39315044188682147
32.0,0.391727154530331
32.050000000000004,0.39164835302581374
32.1,0.3913042238974592
32.15,0.3892631670822986
32.2,0.3856983818328846
32.25,0.38212588457746727
32.300000000000004,0.38004384025703714
32.35,0.37965518067042126
32.4,0.3795557424458884
32.45,0.3779792880524455
32.5,0.37454200360333495
32.550000000000004,0.3705529123143698
32.6,0.3677797770843917
32.65,0.36692475317668094
32.7,0.36693257111229044
32.75,0.3658637645498644
32.800000000000004,0.36275640902293443
32.85,0.35853130229877683
32.9,0.3550929247814253
32.95,0.3536395783034314
33.0,0.35358138837808367
33.050000000000004,0.352989233961209
33.1,0.3503811246048139
33.15,0.3461391446774844
33.2,0.3421259468706278
33.25,0.3399842776241569
33.300000000000004,0.33967306689279775
33.35,0.339456445893775
33.4,0.33745893559712137
33.45,0.33343419936419344
33.5,0.32900048394497455
33.550000000000004,0.3261368762675727
33.6,0.3253945479186173
33.65,0.3253960913654663
33.7,0.32404625246203667
33.75,0.3204591245107784
33.800000000000004,0.31581346514224706
33.85,0.31226088032622107
33.9,0.3109394054636334
33.95,0.310966143334066
34.0,0.31022177875723933
34.050000000000004,0.30725002328515727
34.1,0.3026363708570143
34.15,0.2984985309660519
34.2,0.2964982467180576
34.25,0.29634544878471286
34.300000000000004,0.2960916827884766
34.35,0.293846862421794
34.4,0.2895181185258745
34.45,0.2849657758528749
34.5,0.28224973053574337
34.550000000000004,0.2817248644798758
34.6,0.28179031251441106
34.65,0.2803037360871438
34.7,0.27649162192045057
34.75,0.2717496842512859
34.800000000000004,0.2683527122008835
34.85,0.2672973323789305
34.9,0.26747649130047274
34.95,0.26669689456978773
35.0,0.26358322952945784
35.050000000000004,0.2589090395706209
35.1,0.2549399560614185
35.15,0.2532480551257627
35.2,0.25332627828890714
35.25,0.2531289504643466
35.300000000000004,0.25082346042898596
35.35,0.24647853061328287
35.4,0.24211395142499495
35.45,0.23974557821162218
35.5,0.23952355276218504
35.550000000000004,0.23972854463846677
35.6,0.2382570143532094
35.65,0.2344763359468441
35.7,0.22994545936572797
35.75,0.22693432166325506
35.800000000000004,0.22624983664755344
35.85,0.2266457155695823
35.9,0.22595010735930524
35.95,0.2229141178773919
36.0,0.21847533032635238
36.050000000000004,0.21492901943427178
36.1,0.21367451957707467
36.15,0.21404398584101553
36.2,0.21399375858838057
36.25,0.21180777395906594
36.300000000000004,0.20771976685236734
36.35,0.2038115601019279
36.4,0.20194630313747813
36.45,0.2020905808820475
36.5,0.20250253636316445
36.550000000000004,0.20118698465379362
36.6,0.19767859855124403
36.65,0.1936307272091368
36.7,0.19118641733169245
36.75,0.190946206066402
36.800000000000004,0.19160918551841763
36.85,0.19110177615108523
36.9,0.18834545083115334
36.95,0.18440516768782755
37.0,0.18148404967922135
37.050000000000004,0.18075554857806322
37.1,0.1814562507767242
37.15,0.1816249414402416
37.2,0.17971815496591553
37.25,0.17612951755752398
37.300000000000004,0.17289440028155975
37.35,0.17163932669964832
37.4,0.17218614439996738
37.45,0.17285003111400563
37.5,0.1718075679496719
37.550000000000004,0.16878305014154496
37.6,0.1654396987683654
37.65,0.1636884363181782
37.7,0.16393108431609477
37.75,0.1648854751390157
37.800000000000004,0.1646432353729375
37.85,0.16233964257494707
37.9,0.15911328121735355
37.95,0.1569605915200748
38.0,0.1568040692029845
38.050000000000004,0.15784600905724533
38.1,0.1582749717023046
38.15,0.15677747336439812
38.2,0.1538864117723552
38.25,0.15147975886643233
38.300000000000004,0.15089172121998212
38.35,0.15184285028685734
38.400000000000006,0.15277025410095021
38.45,0.15208681674579685
38.5,0.1497170340536879
38.550000000000004,0.147238528265339
38.6,0.14624954026667808
38.650000000000006,0.14697402746421245
38.7,0.14820809006902425
38.75,0.14827463299394206
38.800000000000004,0.14655920314305515
38.85,0.1442032709830349
38.900000000000006,0.14289990987095777
38.95,0.14331601946198114
39.0,0.14467054281042996
39.050000000000004,0.1453652832854468
39.1,0.14437173021187846
39.150000000000006,0.14232152654093636
39.2,0.14083301848692228
39.25,0.1409175427111968
39.300000000000004,0.1422333124919049
39.35,0.14339744134071258
39.400000000000006,0.1431246601017494
39.45,0.14153064283466582
39.5,0.14001062409484855
39.550000000000004,0.13979602743964614
39.6,0.14095671797388187
39.650000000000006,0.14241792856672492
39.7,0.14280259448493177
39.75,0.14176640792160544
39.800000000000004,0.14037225369192752
39.85,0.13993706473991632
39.900000000000006,0.140878203347276
39.95,0.14247362255360602
40.0,0.14340447006685747
40.050000000000004,0.14297036487560155
40.1,0.14184304131189088
40.150000000000006,0.14129684513843843
40.2,0.14200720596740818
40.25,0.14360274359058575
40.300000000000004,0.14494004138365676
40.35,0.14509472552830208
40.400000000000006,0.14434208736062462
40.45,0.14380729328933087
40.5,0.14432292314691764
40.550000000000004,0.14582676396100025
40.6,0.14742384097955336
40.650000000000006,0.1481042440581254
40.7,0.14779009205571525
40.75,0.14738323042563595
40.800000000000004,0.14777520605504685
40.85,0.14914399840729797
40.900000000000006,0.1508676994237326
40.95,0.15197496296144763
41.0,0.15211514072967428
41.050000000000004,0.15193054129311004
41.1,0.1522884646429274
41.150000000000006,0.1535256874913027
41.2,0.15527299792307878
41.25,0.156690264272196
41.300000000000004,0.15725587534848456
41.35,0.15735410794330312
41.400000000000006,0.15776807295080203
41.45,0.15891509747673263
41.5,0.16062375909473214
41.550000000000004,0.16223503582569893
41.6,0.16316177877118557
41.650000000000006,0.16356430061454685
41.7,0.16410835962599027
41.75,0.16522981506095566
41.800000000000004,0.16688153001964853
41.85,0.16858894826163023
41.900000000000006,0.1697907981048512
41.95,0.1704811066631641
42.0,0.17120095405077274
42.050000000000004,0.1723669982168629
42.1,0.17398281069979174
42.150000000000006,0.17571985837896714
42.2,0.17710492727201682
42.25,0.17803545735665188
42.300000000000004,0.17894215507968525
42.35,0.18021087983221934
42.400000000000006,0.18183951546531713
42.45,0.1835782754845684
42.5,0.18506459327390173
42.550000000000004,0.18616784350750437
42.6,0.18723817149053038
42.650000000000006,0.18864139091376037
42.7,0.19034259032034637
42.75,0.19209370598275155
42.800000000000004,0.1936227479871696
42.85,0.194824755692471
42.900000000000006,0.19600752770812035
42.95,0.19754249978666882
43.0,0.19936843966148896
43.050000000000004,0.20117353352880973
43.1,0.20271951302965946
43.150000000000006,0.2039537527861423
43.2,0.20518051411887656
43.25,0.20680886975949442
43.300000000000004,0.20878729818316719
43.35,0.21070485422863172
43.400000000000006,0.2122781292558977
43.45,0.21349803689250982
43.5,0.21469612010372657
43.550000000000004,0.21634976452416274
43.6,0.2184722390577229
43.650000000000006,0.2205593187931281
43.7,0.2222028629913193
43.75,0.2233913436806621
43.800000000000004,0.2244972750119842
43.85,0.22608971145584586
43.900000000000006,0.22830728564865513
43.95,0.23060053597492797
44.0,0.23237939789972817
44.050000000000004,0.2335538286254393
44.1,0.23452537033318352
44.150000000000006,0.23596610582119038
44.2,0.2381932029410854
44.25,0.24069304588755616
44.300000000000004,0.24267802936068247
44.35,0.24388951293909306
44.400000000000006,0.2447149705880581
44.45,0.24592451081385844
44.5,0.24805000082672185
44.550000000000004,0.25071142946146296
44.6,0.25295961840824455
44.650000000000006,0.2542857670727176
44.7,0.2549894338914834
44.75,0.2559127344952286
44.800000000000004,0.25781587639056186
44.85,0.26054794742440274
44.900000000000006,0.26308376026209435
44.95,0.2646152101624001
45.0,0.26525796499896037
45.050000000000004,0.2658748013185787
45.1,0.26744305869954876
45.150000000000006,0.2701173048627608
45.2,0.27291807766161846
45.25,0.27474021018411715
45.300000000000004,0.2754144850726223
45.35,0.2757457453891989
45.400000000000006,0.27689158742631614
45.45,0.27935770212350536
45.5,0.2823471326035866
45.550000000000004,0.2845198211671082
45.6,0.2853386232920373
45.650000000000006,0.2854478634152775
45.7,0.28612231734917576
45.75,0.28822811500602175
45.800000000000004,0.29127933708295506
45.85,0.2938185054213884
45.900000000000006,0.29489904909526293
45.95,0.2948888066728877
46.0,0.2950903753547207
46.050000000000004,0.296702520200801
46.1,0.29965053138360725
46.150000000000006,0.3025154725621642
46.2,0.3039591788768026
46.25,0.30396173271568155
46.300000000000004,0.3037399998214495
46.35,0.30476232630714367
46.400000000000006,0.3074235491936316
46.45,0.3105131026435019
46.5,0.31238495172086084
46.550000000000004,0.31254766094926484
46.6,0.3120013199398452
46.650000000000006,0.31238845995511655
46.7,0.3145839280515975
46.75,0.31774288120702365
46.800000000000004,0.3200539042011441
46.85,0.3205200948359194
46.900000000000006,0.3197893268690993
46.95,0.3195543979724002
47.0,0.32113270390390775
47.050000000000004,0.3241676423431367
47.1,0.32686430830025864
47.150000000000006,0.32775178825436885
47.2,0.3270051150426944
47.25,0.32622105326728573
47.300000000000004,0.3270777282855362
47.35,0.3297796309969202
47.400000000000006,0.33274284870037407
47.45,0.33412319814625063
47.5,0.3335393962179284
47.550000000000004,0.3323339890926084
47.6,0.33242505647386533
47.650000000000006,0.3345947613739437
47.7,0.3376493658273087
47.75,0.3395317276836816
47.800000000000004,0.33927820746392406
47.85,0.3378231009455349
47.900000000000006,0.3371717101535149
47.95,0.33864420557493224
48.0,0.34157763934828794
48.050000000000004,0.34390046070872454
48.1,0.3441105427348824
48.150000000000006,0.3426047252841841
48.2,0.3413006668650424
48.25,0.3419648795590352
48.300000000000004,0.3445519490811549
48.35,0.3471848947052143
48.400000000000006,0.34793730093307007
48.45,0.34658606086014065
48.5,0.34477845792353956
48.550000000000004,0.3445904145280605
48.6,0.3466200146570088
48.650000000000006,0.34937633371962384
48.7,0.35068052988170884
48.75,0.3496717053835224
48.800000000000004,0.347555411170006
48.85,0.3465438748124417
48.900000000000006,0.34784362116974954
48.95,0.35050113394417465
49.0,0.35229160731826753
49.050000000000004,0.351771910261687
49.1,0.3495684004440401
49.150000000000006,0.3478329791838852
49.2,0.34828858305195054
49.25,0.35061579277485205
49.300000000000004,0.35275690800175424
49.35,0.35281181540925227
49.400000000000006,0.35074589767990294
49.45,0.34844809521435016
49.5,0.34801562039905215
49.550000000000004,0.3497987139843368
49.6,0.3520997719506247
49.650000000000006,0.3527405330429255
49.7,0.35101504086283875
49.75,0.3483629412366719
49.800000000000004,0.3470733137445694
49.85,0.348140113056395
49.900000000000006,0.35037820569656963
49.95,0.35153867128785415
50.0,0.3503102247950115
50.050000000000004,0.34753777638826405
50.1,0.3454937562964708
50.150000000000006,0.345731766271525
50.2,0.3476785763303594
50.25,0.3492228936052964
50.300000000000004,0.34858237821223015
50.35,0.34592480961330485
50.400000000000006,0.3432910343475899
50.45,0.34265812134894935
50.5,0.3441063641089354
50.550000000000004,0.3458464849668178
50.6,0.345807715332563
50.650000000000006,0.343475482523955
50.7,0.34046235907647826
50.75,0.338989797219076
50.800000000000004,0.3397755814263847
50.85,0.3414955957299381
50.900000000000006,0.34199452298800587
50.95,0.3401490749186668
51.0,0.3369915546150747
51.050000000000004,0.3347799154903401
51.1,0.33479858926269046
51.150000000000006,0.33628168781877366
51.2,0.3371866329769822
51.25,0.3359217415520976
51.300000000000004,0.33285458617796904
51.35,0.3300632255391391
51.400000000000006,0.32927774420378214
51.45,0.3303314720309429
51.5,0.3314626986150594
51.550000000000004,0.33079473146084526
51.6,0.32802675327163844
51.650000000000006,0.32485771643239403
51.7,0.3232997367982493
51.75,0.32377607248259377
51.800000000000004,0.3249311663413228
51.85,0.324800355956511
51.900000000000006,0.322490977960561
51.95,0.31916833886555895
52.0,0.3169328603051834
52.050000000000004,0.316741159439108
52.1,0.31772170621095625
52.150000000000006,0.31800442353551656
52.2,0.31624629149234373
52.25,0.3129924808416556
52.300000000000004,0.31022697748047634
52.35,0.30933938394195637
52.400000000000006,0.30997458586012294
52.45,0.310504399144283
52.5,0.3093152882639143
52.550000000000004,0.3063268129749068
52.6,0.3032157262202224
52.650000000000006,0.3016657969691292
52.7,0.30182982768012123
52.75,0.30242336733467906
52.800000000000004,0.3017491657594849
52.85,0.2991749500836473
52.900000000000006,0.29592048967708834
52.95,0.29379627843399037
53.0,0.2934178834441954
53.050000000000004,0.29390075855921916
53.1,0.2936291639748259
53.150000000000006,0.2915550768433357
53.2,0.2883557293905314
53.25,0.28578853594837716
53.300000000000004,0.28485305355847623
53.35,0.28508147351072377
53.400000000000006,0.2850637964167838
53.45,0.283506382819163
53.5,0.2805352977022992
53.550000000000004,0.27768504363838686
53.6,0.27623015897865
53.650000000000006,0.2761053114418042
53.7,0.2761821068403687
53.75,0.27509303378879135
53.800000000000004,0.2724792195629587
53.85,0.26951732944442386
53.900000000000006,0.26762428479888056
53.95,0.2670984068448358
54.0,0.2671240521363842
54.050000000000004,0.2664046253406107
54.1,0.26422017980317825
54.150000000000006,0.2613111498254533
54.2,0.25909295105850105
54.25,0.25816779050218025
54.300000000000004,0.25802973727861883
54.35,0.25755265128405735
54.400000000000006,0.2558086934825537
54.45,0.25309216641751836
54.5,0.2506799041610665
54.550000000000004,0.24939941977357574
54.6,0.2490294243234147
54.650000000000006,0.24866334663156295
54.7,0.24731585153319421
54.75,0.24489167333115414
54.800000000000004,0.242419804841934
54.85,0.24085931174054107
54.900000000000006,0.2402359585872846
54.95,0.23986809129631023
55.0,0.23883276298157732
55.050000000000004,0.2367517327661387
55.1,0.23434327451443498
55.150000000000006,0.23259695008326292
55.2,0.23174060820168635
55.25,0.231293126090152
55.300000000000004,0.23046638121743965
55.35,0.22872887601716524
55.400000000000006,0.22648190235731133
55.45,0.22464999147844933
55.5,0.22361251132240895
55.550000000000004,0.22305046119850683
55.6,0.222332179525964
55.650000000000006,0.22089547863910225
55.7,0.2188728242174281
55.75,0.2170494108420477
55.800000000000004,0.2159012062416087
55.85,0.21523152072451246
55.900000000000006,0.214544898443791
55.95,0.21333814801392423
56.0,0.21156237328986705
56.050000000000004,0.2098244571635399
56.1,0.20864126131940802
56.150000000000006,0.2079043858669044
56.2,0.20720907906612088
56.25,0.20615298440400437
56.300000000000004,0.20460817355804511
56.35,0.20300699723696547
56.400000000000006,0.20185788639858918
56.45,0.20111468963258045
56.5,0.20041116205496462
56.550000000000004,0.19943827430067312
56.6,0.19807904132789056
56.650000000000006,0.1966349166081922
56.7,0.19557253832796712
56.75,0.19488950622237516
56.800000000000004,0.1942145561413703
56.85,0.19328583520370873
56.900000000000006,0.19205228426737125
56.95,0.19075422886690563
57.0,0.1898077994388165
57.050000000000004,0.1892431321788761
57.1,0.18865838865721876
57.150000000000006,0.18777263326553645
57.2,0.18660844976702
57.25,0.18541949869033547
57.300000000000004,0.18459107227241467
57.35,0.1841835286788985
57.400000000000006,0.18375985545151252
57.45,0.18295429984727024
57.5,0.1818241679258118
57.550000000000004,0.1806922264531754
57.6,0.17995681112036188
57.650000000000006,0.17971833263212694
57.7,0.17951940359154128
57.75,0.17886177401075593
57.800000000000004,0.17776427413349322
57.85,0.17663705753713782
57.900000000000006,0.17594709289068422
57.95,0.17585963153555584
58.0,0.17592755574639643
58.050000000000004,0.175501618891482
58.1,0.17447469490332468
58.150000000000006,0.17331606964182975
58.2,0.17261037496964848
58.25,0.1726270104799198
58.300000000000004,0.1729720665619855
58.35,0.17285979952476477
58.400000000000006,0.171977524640272
58.45,0.1707818634102822
58.5,0.16999838189772798
58.550000000000004,0.1700486379745747
58.6,0.17064424162575723
58.650000000000006,0.17090806564127556
58.7,0.1702693131321689
58.75,0.16907058327008884
58.800000000000004,0.1681612670021134
58.85,0.16816033999954424
58.900000000000006,0.16894354828461602
58.95,0.16961168767470627
59.0,0.16932293750747027
59.050000000000004,0.16819617917555751
59.1,0.16714150547111897
59.150000000000006,0.16700275009082036
59.2,0.16787999949429042
59.25,0.16893718729090967
59.300000000000004,0.1690927257088335
59.35,0.16814710330160373
59.400000000000006,0.1669673152995175
59.45,0.16661676997634806
59.5,0.16747412272502044
59.550000000000004,0.16885884423850406
59.6,0.16952190616692978
59.650000000000006,0.16888623082530874
59.7,0.16764665554192146
59.75,0.16703776641324727
59.800000000000004,0.16775460413783636
59.85,0.16936306559551095
59.900000000000006,0.17055109717097006
59.95,0.17035419989110406
60.0,0.1691629133297639
60.050000000000004,0.1682891559818584
60.1,0.16875392669427736
60.150000000000006,0.17045008503293235
60.2,0.1721264550088153
60.25,0.1724757309593336
60.300000000000004,0.17147321402028282
60.35,0.17037623270823266
60.400000000000006,0.17050251750718054
60.45,0.17213285289066474
60.5,0.1742062395933885
60.550000000000004,0.17516795617166162
60.6,0.1745098959375212
60.650000000000006,0.1732811942165635
60.7,0.1730220949128164
60.75,0.1744333416507858
60.800000000000004,0.17676486302929298
60.85,0.17834946541743674
60.900000000000006,0.1781851649729406
60.95,0.17696026075362914
61.0,0.17631904556471711
61.050000000000004,0.17737680169182654
61.1,0.1797938911766843
61.150000000000006,0.18194869240002837
61.2,0.18239839814575068
61.25,0.18134354528277363
61.300000000000004,0.18037872831417093
61.35,0.18098474273404094
61.400000000000006,0.18329991336444612
61.45,0.18591040034084003
61.5,0.1870451102056974
61.550000000000004,0.18633795789273927
61.6,0.18516155311107663
61.650000000000006,0.18526757207609346
61.7,0.18729963206116174
61.75,0.19019933338041192
61.800000000000004,0.19202631445193266
61.85,0.19183298042097582
61.900000000000006,0.1906015025153815
61.95,0.19021787413949384
62.0,0.1918129041826271
62.050000000000004,0.19480052211448082
62.1,0.1972569344563732
62.150000000000006,0.19770870352176964
62.2,0.1966074719648934
62.25,0.19580524996943044
62.300000000000004,0.19685474100323963
62.35,0.19971621866601158
62.400000000000006,0.20267205236557936
62.45,0.20384514981653556
62.5,0.2030674514622196
62.550000000000004,0.20197344586584104
62.6,0.2024274056552522
62.650000000000006,0.20495993174254273
62.7,0.20823008164141213
62.75,0.2101316709283473
62.800000000000004,0.2098552079929366
62.85,0.20864021018316145
62.900000000000006,0.20851371587655795
62.95,0.21054846608115657
63.0,0.21391238686599406
63.050000000000004,0.21647514035202484
63.1,0.2168387948558862
63.150000000000006,0.21569997788383874
63.2,0.2150724693395622
63.25,0.21649316884328548
63.300000000000004,0.21971939209650296
63.35,0.22280578186957106
63.400000000000006,0.22388994144890625
63.45,0.2230291531859719
63.5,0.22203659152904648
63.550000000000004,0.22279168895256835
63.6,0.22566375713922485
63.650000000000006,0.2290797662985349
63.7,0.23089319587856733
63.75,0.23049348119606147
63.800000000000004,0.22931422137601803
63.85,0.22942144263212735
63.900000000000006,0.23176167115755697
63.95,0.2352781503856446
64.0,0.23775363856900142
64.05,0.23795677764604278
64.10000000000001,0.23679257386780625
64.15,0.23633567459024885
64.2,0.23802361944628103
64.25,0.24140227226587582
64.3,0.24440209009975633
64.35000000000001,0.24529011328959957
64.4,0.2443441179372036
64.45,0.24346257581268277
64.5,0.24444604799186112
64.55,0.2474662826367976
64.60000000000001,0.250797016215312
64.65,0.2523804293620193
64.7,0.2518344093046726
64.75,0.250707458331726
64.8,0.2510051606856635
64.85000000000001,0.2534879772876157
64.9,0.2569227738940314
64.95,0.25913752334953
65.0,0.2591308018144643
65.05,0.2579575902175188
65.10000000000001,0.25765368036103165
65.15,0.259479394175109
65.2,0.2627843947851176
65.25,0.2654984385153143
65.3,0.26611118528538225
65.35000000000001,0.265089028293074
65.4,0.26432088480838367
65.45,0.26543866438702307
65.5,0.2683996784770526
65.55,0.27142855490941903
65.60000000000001,0.2726718406634322
65.65,0.27197466508586515
65.7,0.27091571394839004
65.75,0.2713443438802179
65.8,0.27378985120252136
65.85000000000001,0.27691911509946104
65.9,0.27873348799519343
65.95,0.27849268646237363
66.0,0.277332344234516
66.05,0.27715296443622706
66.10000000000001,0.27897031554591967
66.15,0.28198147324124373
66.2,0.2842446900627371
66.25,0.28453464847391274
66.3,0.28345740557784893
66.35000000000001,0.2827999522764819
66.4,0.28394298989179967
66.45,0.2866389302330378
66.5,0.289182023768663
66.55,0.29001238328912515
66.60000000000001,0.28917797160998715
66.65,0.288203516282232
66.7,0.28869140390432696
66.75,0.2909174796943667
66.8,0.29354685782761025
66.85000000000001,0.2948629519299409
66.9,0.29438952010070885
66.95,0.29327072404476795
67.0,0.2931791581210783
67.05,0.2948370136298949
67.10000000000001,0.29735912663658415
67.15,0.29905094533591514
67.2,0.2990031470534599
67.25,0.29790481986095974
67.3,0.2973517179469665
67.35000000000001,0.29840444488811374
67.4,0.3006490519536758
67.45,0.30256767096784065
67.5,0.3029513681122665
67.55,0.3020128723516658
67.60000000000001,0.3011409574701629
67.65,0.30160980113770725
67.7,0.3034481912895576
67.75,0.30542717733330826
67.8,0.3061918678965601
67.85000000000001,0.3055129835984839
67.9,0.30447152037282416
67.95,0.304425729934837
68.0,0.305781355349498
68.05,0.30765961076179116
68.10000000000001,0.308708638276096
68.15,0.30834044006831773
68.2,0.3072679697716478
68.25,0.30681018980741737
68.3,0.307660768887464
68.35000000000001,0.3093029411800804
68.4,0.3105101689270491
68.45,0.3104522719781643
68.5,0.3094618137351298
68.55,0.3087115612409563
68.60000000000001,0.3090833747745807
68.65,0.310394478163798
68.7,0.31162475498597253
68.75,0.31182972550800514
68.8,0.3109977107898839
68.85000000000001,0.3100751167479306
68.9,0.31003151812452845
68.95,0.31096369261366086
69.0,0.31209351453651824
69.05,0.3124782249670661
69.10000000000001,0.3118383594586799
69.15,0.3108497732944383
69.2,0.3104765733838585
69.25,0.3110276078327506
69.3,0.3119622272015055
69.35000000000001,0.3124246080082885
69.4,0.31196768669901614
69.45,0.31099425015433163
69.5,0.3103845696437022
69.55,0.31058947460707104
69.60000000000001,0.3112734441649242
69.65,0.311711800431053
69.7,0.3113919884191137
69.75,0.3104820435116535
69.8,0.3097226437528249
69.85000000000001,0.3096407394881901
69.9,0.31006034358040235
69.95,0.3103916054329743
70.0,0.3101387324870557
70.05,0.3093048733797826
70.10000000000001,0.30846522322495407
70.15,0.308165644709607
70.2,0.30834346976047056
70.25,0.30851677291081453
70.3,0.30825291760891976
70.35000000000001,0.3074743848483877
70.4,0.30659912800275535
70.45,0.3061473389134924
70.5,0.3061308713757259
70.55,0.30613380883018493
70.60000000000001,0.3057912395483524
70.65,0.3050219153702631
70.7,0.30412713715924095
70.75,0.3035742333466802
70.8,0.30342140936220385
70.85000000000001,0.3032779437441346
70.9,0.30281479713817905
70.95,0.30199617257114625
71.0,0.30106985124810265
71.05,0.3004455050609074
71.10000000000001,0.30021034451904055
71.15,0.2999712680713203
71.2,0.29938152847973204
71.25,0.2984588177047552
71.3,0.29746581791901217
71.35000000000001,0.29677502356291263
71.4,0.29649591271180037
71.45,0.2962243514437227
71.5,0.2955398194291516
71.55,0.2944782724588709
71.60000000000001,0.29336990331229434
71.65,0.2925934007300383
71.7,0.29228553942123203
71.75,0.2920408840880057
71.8,0.29132463140158804
71.85000000000001,0.2901225102867569
71.9,0.28884989219253704
71.95,0.2879481860403962
72.0,0.2876006096056501
72.05,0.28742423014585394
72.10000000000001,0.28675702391088204
72.15,0.28545201158247585
72.2,0.2839814081068371
72.25,0.282902374296218
72.3,0.2824791701421147
72.35000000000001,0.28238443982164774
72.4,0.28184720461102264
72.45,0.280514271937684
72.5,0.2788415201994212
72.55,0.2775313903645126
72.60000000000001,0.27697642845529297
72.65,0.27694430018727223
72.7,0.2766004339997483
72.75,0.27534111540556355
72.8,0.2735017974021375
72.85000000000001,0.27191867834189387
72.9,0.2711632682724054
72.95,0.2711433646465816
73.0,0.27102447761728554
73.05,0.2699495536639022
73.10000000000001,0.2680219403231625
73.15,0.26615007973286575
73.2,0.26512315628993394
73.25,0.26503944509476823
73.3,0.26513701042039656
73.35000000000001,0.26434615911835474
73.4,0.26244528833749087
73.45,0.26030740164942234
73.5,0.25894779339793644
73.55,0.2587075958182264
73.60000000000001,0.2589714935579167
73.65,0.25853410299714097
73.7,0.25679733058263154
73.75,0.2544619085170084
73.8,0.2527317871901471
73.85000000000001,0.2522370080266506
73.9,0.2525804929206046
73.95,0.25252139179582483
74.0,0.25108782122954354
74.05,0.24866878246075852
74.10000000000001,0.24656662197752285
74.15,0.24572639483011485
74.2,0.24603602902329447
74.25,0.24632859435642557
74.3,0.24531632320840102
74.35000000000001,0.24296371957044371
74.4,0.24053434965377557
74.45,0.23927841084585005
74.5,0.23942714621136982
74.55,0.2399945367161428
74.60000000000001,0.23948019745876056
74.65,0.2373626374061812
74.7,0.23470168429268645
74.75,0.23299353435199044
74.8,0.23285530898860496
74.85000000000001,0.23357896642548545
74.9,0.233583461115758
74.95,0.23186494387362577
75.0,0.22911542841034993
75.05,0.22696377781105145
75.10000000000001,0.22642840316343532
75.15,0.22716187366239904
75.2,0.22764473611975425
75.25,0.22646006593225237
75.3,0.2238002330355709
75.35000000000001,0.2212666621810097
75.4,0.22025407174480796
75.45,0.22083980152804578
75.5,0.2217027459681838
75.55,0.22113616490946245
75.60000000000001,0.21875948524042496
75.65,0.21596006732292272
75.7,0.21443296262420264
75.75,0.21471992501382287
75.8,0.21581839831198477
75.85000000000001,0.2158894084087167
75.9,0.2139796116507717
75.95,0.21107874204083094
76.0,0.2090523403058229
76.05,0.2089128584153443
76.10000000000001,0.21007322617448598
76.15,0.21073200128119485
76.2,0.20943738466534875
76.25,0.2066332819339009
76.3,0.20418050031405238
76.35000000000001,0.20352509544788744
76.4,0.20456464266518679
76.45,0.20569744669152448
76.5,0.20510910814011798
76.55,0.2026121635406104
76.60000000000001,0.19986251151539874
76.65,0.19865180157680185
76.7,0.19939893497711322
76.75,0.20084211912200073
76.80000000000001,0.20098005641304592
76.85000000000001,0.19898695167053318
76.9,0.19611790355736086
76.95,0.19437049249947105
77.0,0.19468311559183607
77.05000000000001,0.19624299426373093
77.10000000000001,0.19705240777812716
77.15,0.19572016550319318
77.2,0.1929408914402349
77.25,0.19073603331496453
77.30000000000001,0.19051669038009003
77.35000000000001,0.1919920862566745
77.4,0.19335019804375608
77.45,0.19277466412274566
77.5,0.19030350387776598
77.55000000000001,0.18777738410144573
77.60000000000001,0.1869841931842723
77.65,0.18818863188645835
77.7,0.1899204356988221
77.75,0.19012298136972094
77.80000000000001,0.18816155489381187
77.85000000000001,0.18549652667524594
77.9,0.1841490951138266
77.95,0.184930265858143
78.0,0.18683028604521823
78.05000000000001,0.18775494697531883
78.10000000000001,0.18646285252177366
78.15,0.1838699333633222
78.2,0.1820495129904558
78.25,0.18230437508714492
78.30000000000001,0.1841609426856711
78.35000000000001,0.18568222045085966
78.4,0.18515651632792537
78.45,0.18285271369813927
78.5,0.1806960354274575
78.55000000000001,0.180380591821058
78.60000000000001,0.1819993033058346
78.65,0.18393896223091433
78.7,0.18420193242322117
78.75,0.18238520139175496
78.80000000000001,0.180071909666928
78.85000000000001,0.17920509603014534
78.9,0.1804287819337401
78.95,0.18257860915311555
79.0,0.18357582897296315
79.05000000000001,0.18240129477318962
79.10000000000001,0.18013571172589182
79.15,0.17879713509575543
79.2,0.1795205389002808
79.25,0.181667417068498
79.30000000000001,0.18327624447968965
79.35000000000001,0.18283745559235304
79.4,0.18082640429921346
79.45,0.17914796863355725
79.5,0.17932617022400218
79.55000000000001,0.18127592915540777
79.60000000000001,0.18332272421794996
79.65,0.18364102588527673
79.7,0.18207037529432038
79.75,0.18022228821566183
79.80000000000001,0.1798725698220584
79.85000000000001,0.18146974990427822
79.9,0.18375277667199397
79.95,0.18477653035550087
80.0,0.18378970445374052
80.05000000000001,0.18196199792209228
80.10000000000001,0.1811593465560587
80.15,0.182300959435206
80.2,0.1846152812738369
80.25,0.18622891933642907
80.30000000000001,0.18591061626130634
80.35000000000001,0.18429203662374805
80.4,0.183158891878081
80.45,0.18380125619873405
80.5,0.18596201759916803
80.55000000000001,0.1880032251514117
80.60000000000001,0.18837093335814126
80.65,0.18712768060006327
80.7,0.18581895930583991
80.75,0.18597755698949137
80.80000000000001,0.18783870658830337
80.85000000000001,0.1901207381916089
80.9,0.19112540767743233
80.95,0.1903825284406372
81.0,0.18906741546993974
81.05000000000001,0.18881039432402344
81.10000000000001,0.19027691230016852
81.15,0.19261241444473015
81.2,0.19414809149125695
81.25,0.19397620072352045
81.30000000000001,0.19281863672133603
81.35000000000001,0.19225509164733434
81.4,0.19328789993238732
81.45,0.19551067447593148
81.5,0.19743137747826361
81.55000000000001,0.19784074156801976
81.60000000000001,0.19698085822772105
81.65,0.19624539732090324
81.7,0.1968591610286271
81.75,0.19884096524004688
81.80000000000001,0.20098189729621313
81.85000000000001,0.2019248234882734
81.9,0.20146365765417099
81.95,0.20069902833848846
82.0,0.2009538808580484
82.05000000000001,0.2026144132603701
82.10000000000001,0.20481400719910348
82.15,0.20619513575173998
82.2,0.2061847038338413
82.25,0.20552441519275527
82.30000000000001,0.20551320476295085
82.35000000000001,0.20682263705628853
82.4,0.20894199618268178
82.45,0.21063474884082392
82.5,0.21107494717946365
82.55000000000001,0.21062785215209215
82.60000000000001,0.21046081150620505
82.65,0.2114353775784298
82.7,0.2133723476677995
82.75,0.21523872978928818
82.80000000000001,0.21608158545217832
82.85000000000001,0.21592024532354098
82.9,0.21570905634529075
82.95,0.21640112926755015
83.0,0.21809733856625949
83.05000000000001,0.22000774921745608
83.10000000000001,0.2211684035172144
83.15,0.2213227130383816
83.2,0.22116582204454147
83.25,0.22165049084017616
83.30000000000001,0.223090988889953
83.35000000000001,0.22494078002762394
83.4,0.2263134388377543
83.45,0.2267704222500834
83.5,0.22674121275427692
83.55000000000001,0.2271015740200278
83.60000000000001,0.22830794069099264
83.65,0.2300281633061124
83.7,0.2315043255879014
83.75,0.2322142323932492
83.80000000000001,0.2323533260136738
83.85000000000001,0.23266656398308552
83.9,0.23368533152696913
83.95,0.23524626431888573
84.0,0.23673206070943192
84.05000000000001,0.23761995869153973
84.10000000000001,0.2379325087183942
84.15,0.23825844676678082
84.2,0.23914722783977072
84.25,0.24055466088662802
84.30000000000001,0.24198424385156053
84.35000000000001,0.2429653537057335
84.4,0.24342370523970197
84.45,0.24379700360088996
84.5,0.24461078542402284
84.55000000000001,0.24589634670640578
84.60000000000001,0.24723899751570966
84.65,0.2482352229403865
84.7,0.2487867124683353
84.75,0.24921338245815283
84.80000000000001,0.2499930767546332
84.85000000000001,0.25120088183361333
84.9,0.2524607172550677
84.95,0.25341540415369196
85.0,0.25399436092660277
85.05000000000001,0.2544528292843156
85.10000000000001,0.2552175044972572
85.15,0.256389890823747
85.2,0.2575985152687883
85.25,0.25848659749149905
85.30000000000001,0.2590288530863891
85.35000000000001,0.2594754272217497
85.4,0.26021889766675094
85.45,0.2613839031225914
85.5,0.2625877396170349
85.55000000000001,0.26341916699157375
85.60000000000001,0.26387671876630314
85.65,0.2642549066953067
85.7,0.2649467041123046
85.75,0.26610933257746616
85.80000000000001,0.2673543666372545
85.85000000000001,0.2681699770350665
85.9,0.26852308357293664
85.95,0.2687757471738316
86.0,0.26936605861502655
86.05000000000001,0.2705044410928684
86.10000000000001,0.2718215027043472
86.15,0.27268204224008075
86.2,0.2729461523756528
86.25,0.27302892072778673
86.30000000000001,0.2734568254635816
86.35000000000001,0.27452340491008986
86.4,0.2759168220978261
86.45,0.2768872761583914
86.5,0.2771129223175858
86.55000000000001,0.27700676358029164
86.60000000000001,0.2772109278222639
86.65,0.2781380220786857
86.7,0.2795796062789614
86.75,0.28071201295165527
86.80000000000001,0.280977085104442
86.85000000000001,0.2806976186376
86.9,0.28062838048194305
86.95,0.28133704948362653
87.0,0.28276617262395826
87.05000000000001,0.28408438925432755
87.10000000000001,0.28447980282987745
87.15,0.28408104580307425
87.2,0.2837124841440722
87.25,0.28412352092347376
87.30000000000001,0.2854528517159046
87.35000000000001,0.28694226204705436
87.4,0.2875535496910166
87.45,0.28712448738184254
87.5,0.28646468000410574
87.55000000000001,0.2865106025025328
87.60000000000001,0.2876361898266928
87.65,0.28924021367734454
87.7,0.29012858834003624
87.75,0.28978222370405493
87.80000000000001,0.2888796399533845
87.85000000000001,0.28851658829913945
87.9,0.28933057678689766
87.95,0.2909543920678074
88.0,0.29214104685898096
88.05000000000001,0.29199719406489155
88.10000000000001,0.2909412686838168
88.15,0.2901595920409586
88.2,0.2905638952523382
88.25,0.2920843994530046
88.30000000000001,0.29354115190932734
88.35000000000001,0.2937057808566291
88.4,0.2926203606483752
88.45,0.2914524361778311
88.5,0.29137197655968056
88.55000000000001,0.2926520498995013
88.60000000000001,0.29430008284543224
88.65,0.294845036888123
88.7,0.29387460320463393
88.75,0.29239823720177793
88.80000000000001,0.29179263618816287
88.85000000000001,0.29269740134767236
88.9,0.2944141762093062
88.95,0.29536123337818704
89.0,0.2946513744299892
89.05000000000001,0.2929872349207065
89.10000000000001,0.29185992873753924
89.15,0.2922728845878363
89.2,0.29390576055331197
89.25,0.29521820443515373
89.30000000000001,0.29489333130738865
89.35000000000001,0.2931954552287201
89.4,0.2915991175873147
89.45,0.2914365180541395
89.5,0.29282058620674534
89.55000000000001,0.29440390480898593
89.60000000000001,0.29454618943043775
89.65,0.2929857420642952
89.7,0.2910227770287411
89.75,0.29024512621559456
89.80000000000001,0.2912224483851259
89.85000000000001,0.29293392022218
89.9,0.2935675126599921
89.95,0.29231146688250326
90.0,0.29012844464770815
90.05000000000001,0.28874826613365634
90.10000000000001,0.28918602676547905
90.15,0.29085129153071343
90.2,0.29193495140236936
90.25,0.2911227997501732
90.30000000000001,0.28889826017833
90.35000000000001,0.286983339707298
90.4,0.2867891004527208
90.45,0.28822276108989875
90.5,0.289652342404009
90.55000000000001,0.2893748675823604
90.60000000000001,0.2873009699093835
90.65,0.28497222450897747
90.7,0.28410516697641014
90.75,0.2851322165386959
90.80000000000001,0.2867524537124375
90.85000000000001,0.2870365801323945
90.9,0.28529646140684706
90.95,0.28271971326381556
91.0,0.2811972074609025
91.05000000000001,0.2816725265508283
91.10000000000001,0.28329583556837973
91.15,0.2840985620650501
91.2,0.2828425973838037
91.25,0.28021405164598107
91.30000000000001,0.27811304110491414
91.35000000000001,0.2779370594742627
91.4,0.279366029828485
91.45,0.28057864243202113
91.5,0.27990360062309316
91.55000000000001,0.27742980622619623
91.60000000000001,0.27488251032854133
91.65,0.2740119848243087
91.7,0.2750620742984054
91.75,0.2765237649165338
91.80000000000001,0.2764587466477329
91.85000000000001,0.2743330932880916
91.9,0.2715166606482765
91.95,0.2699701038284843
92.0,0.27048963929333325
92.05000000000001,0.27200789873092024
92.10000000000001,0.27250982906096544
92.15,0.27088883038598643
92.2,0.2680090673941801
92.25,0.2658665948836124
92.30000000000001,0.2657521819498916
92.35000000000001,0.2671263483932852
92.4,0.26808592102333706
92.45,0.26706919753321295
92.5,0.26433940944390555
92.55000000000001,0.26173681208482463
92.60000000000001,0.2609432493907452
92.65,0.26198754575996325
92.7,0.2632444056429457
92.75,0.2628620532862298
92.80000000000001,0.26047920706357697
92.85000000000001,0.25759617293872433
92.9,0.25614064463357716
92.95,0.2567037790721377
93.0,0.2580679905644674
93.05000000000001,0.2582778158539083
93.10000000000001,0.2563993009720033
93.15,0.2534421566677707
93.2,0.2514027563786922
93.25,0.2513823068718156
93.30000000000001,0.2526582502126341
93.35000000000001,0.25335342712746756
93.4,0.25207821554317844
93.45,0.2492583978773227
93.5,0.2467670707870876
93.55000000000001,0.24611798373865085
93.60000000000001,0.24712691204286139
93.65,0.24815250065186717
93.7,0.24751015864566037
93.75,0.24502070486041724
93.80000000000001,0.24225076632859874
93.85000000000001,0.24098804552277509
93.9,0.24158643720395043
93.95,0.24276151200083146
94.0,0.24271122975943368
94.05000000000001,0.24070452772405193
94.10000000000001,0.23785328440431408
94.15,0.23604924214477152
94.2,0.23614138084459219
94.25,0.2372827138878223
94.30000000000001,0.23772256171607975
94.35000000000001,0.236293009783136
94.4,0.23356075750761665
94.45,0.23133719578396933
94.5,0.23088162889658925
94.55000000000001,0.23182510823095404
94.60000000000001,0.23260963190389272
94.65,0.23178441202495131
94.7,0.2293520612527261
94.75,0.22686773867158821
94.80000000000001,0.22587806692979973
94.85000000000001,0.22649510053479366
94.9,0.22745774057080953
94.95,0.22719756489375953
95.0,0.22520600042795394
95.05000000000001,0.2226399909475384
95.10000000000001,0.22118073197770705
95.15,0.22138834072746946
95.2,0.22236446144625474
95.25,0.2225741899039885
95.30000000000001,0.2211087968740996
95.35000000000001,0.21864096361643587
95.4,0.21681916466543494
95.45,0.2165838022638917
95.5,0.2174304888862264
95.55000000000001,0.21797745894787557
95.60000000000001,0.21706074814323867
95.65,0.2148514092493709
95.7,0.2128045542439327
95.75,0.21214054946156055
95.80000000000001,0.2127505583648392
95.85000000000001,0.21348691241974968
95.9,0.2130808243545849
95.95,0.21125244968280676
96.0,0.20913329647380471
96.05000000000001,0.208097092312946
96.10000000000001,0.2084059479064824
96.15,0.20919063715948996
96.2,0.20920817596499508
96.25,0.20783222891691028
96.30000000000001,0.20579165266951488
96.35000000000001,0.20447287009976295
96.4,0.20445956182030434
96.45,0.20517618722874553
96.5,0.20550004604158684
96.55000000000001,0.2045915884473423
96.60000000000001,0.20276120050971322
96.65,0.20127128016623722
96.7,0.20095394136861824
96.75,0.20152194586182565
96.80000000000001,0.20202630787400527
96.85000000000001,0.20154768575846957
96.9,0.20002465150802906
96.95,0.19848372000921352
97.0,0.1979119493220214
97.05000000000001,0.19829042241818212
97.10000000000001,0.1988615879588952
97.15,0.19873467964158054
97.2,0.19757140488077674
97.25,0.19609422901931556
97.30000000000001,0.19533948806197088
97.35000000000001,0.1955244348537367
97.4,0.19607647355054264
97.45,0.19620109817489756
97.5,0.1954020125846084
97.55000000000001,0.19408439248603812
97.60000000000001,0.1932294809969522
97.65,0.19324642919371754
97.7,0.19372948620208907
97.75,0.1940041839302996
97.80000000000001,0.19353067507433674
97.85000000000001,0.192438145292325
97.9,0.19156642194715207
97.95,0.19146054559961334
98.0,0.1918612781140126
98.05000000000001,0.19220219327012825
98.10000000000001,0.19198507117334748
98.15,0.191145997853243
98.2,0.1903309678374671
98.25,0.1901566176838313
98.30000000000001,0.19049194975890213
98.35000000000001,0.19084611549713312
98.4,0.19080326387112548
98.45,0.1902080789587679
98.5,0.18950420671425194
98.55000000000001,0.18931514720870055
98.60000000000001,0.18962166604533948
98.65,0.18997242995978134
98.7,0.1900280283040258
98.75,0.1896353580704065
98.80000000000001,0.18907130814935752
98.85000000000001,0.18891238694713472
98.9,0.18923407191406802
98.95,0.18959828932586895
99.0,0.18969955387407117
99.05000000000001,0.18944856358135642
99.10000000000001,0.1890242504790445
99.15,0.18892488544360853
99.2,0.18930154623618636
99.25,0.18971996800850832
99.30000000000001,0.1898479009878411
99.35000000000001,0.18967467670041
99.4,0.1893632697592187
99.45,0.18933308706555976
99.5,0.18979116167199278
99.55000000000001,0.1903146974919962
99.60000000000001,0.1904867158987572
99.65,0.19034138534219602
99.7,0.19009667210366202
99.75,0.19012376204872447
99.80000000000001,0.19067031143800184
99.85000000000001,0.19134531758345263
99.9,0.19160948382658763
99.95,0.19147038988267212
100.0,0.19123877121532967
100.05000000000001,0.19129113917786678
100.10000000000001,0.19191122654024484
100.15,0.19276667508284398
100.2,0.19318908291129339
100.25,0.1930708079026369
100.30000000000001,0.1928059861807376
100.35000000000001,0.19283665175474798
100.4,0.19349392677680588
100.45,0.19453249343412182
100.5,0.19518071678024962
100.55000000000001,0.19513401582048895
100.60000000000001,0.19481151848982742
100.65,0.19476724053339634
100.7,0.19540743781558714
100.75,0.19660151636865045
100.80000000000001,0.19752761979503547
100.85000000000001,0.19763105570608358
100.9,0.19725941606030561
100.95,0.1970922454131006
101.0,0.19764931912566872
101.05000000000001,0.1989420176476648
101.10000000000001,0.20016840902504032
101.15,0.20051326692788307
101.2,0.20013909976976352
101.25,0.19981909473662401
101.30000000000001,0.20022367887715017
101.35000000000001,0.20153415897410248
101.4,0.20304470921667833
101.45,0.20371617612812115
101.5,0.20342148047700043
101.55000000000001,0.20294825069093608
101.60000000000001,0.2031379279187674
101.65,0.20437007007699476
101.7,0.2061077273311567
101.75,0.20716603314898097
101.80000000000001,0.20705760042288004
101.85000000000001,0.20646812360999725
101.9,0.20639858647702308
101.95,0.20745185069971034
102.0,0.20932274927823416
102.05000000000001,0.21078785984862647
102.10000000000001,0.21098032342148865
102.15,0.21035083516552106
102.2,0.21000653951918324
102.25,0.2107879201759965
102.30000000000001,0.2126709745517598
102.35000000000001,0.2145135982926346
102.4,0.2151090501050476
102.45,0.21454971686368735
102.5,0.21395224803785426
102.55000000000001,0.2143882635180301
102.60000000000001,0.2161485869976258
102.65,0.21828895719911182
102.7,0.21935685324868498
102.75,0.21899924904031662
102.80000000000001,0.21821153510728716
102.85000000000001,0.21825916479245905
102.9,0.21976339093544178
102.95,0.2220778392342798
103.0,0.22363893377915448
103.05000000000001,0.22361779782044736
103.10000000000001,0.22274262343476406
103.15,0.22239801351803354
103.2,0.22352965820984766
103.25,0.22586370571804604
103.30000000000001,0.22788100245859377
103.35000000000001,0.2283130473686849
103.4,0.2274850545990482
103.45,0.2267887478524752
103.5,0.2274620025612593
103.55000000000001,0.22964778851106638
103.60000000000001,0.23202616852080923
103.65,0.23298952747345456
103.7,0.23236094670774057
103.75,0.23139846840393175
103.80000000000001,0.23156912593955575
103.85000000000001,0.23344457936130553
103.9,0.2360391745157399
103.95,0.23755719432346234
104.0,0.23727875767812107
104.05000000000001,0.2361757031343576
104.10000000000001,0.23584819992844228
104.15,0.23727542275622357
104.2,0.23990729871751654
104.25,0.24193973576175365
104.30000000000001,0.24213934958572852
104.35000000000001,0.2410507008417297
104.4,0.2402805028347886
104.45,0.24116125174895295
104.5,0.24363784514978717
104.55000000000001,0.24608122553756046
104.60000000000001,0.2468437446933619
104.65,0.24593796017395336
104.7,0.24482877211557696
104.75,0.24511552383562255
104.80000000000001,0.24725272832495898
104.85000000000001,0.24994998021159442
104.9,0.2513015924660066
104.95,0.2507409630171463
105.0,0.24943657365796013
105.05000000000001,0.2491382676806979
105.10000000000001,0.25078111674272946
105.15,0.2535389450244958
105.2,0.2554391137977838
105.25,0.2553587905726767
105.30000000000001,0.2540298321636978
105.35000000000001,0.2532119057105139
105.4,0.2542513438544763
105.45,0.2568625533599591
105.5,0.25920523968929066
105.55000000000001,0.25969398541349953
105.60000000000001,0.2585204972900552
105.65,0.2572992442300798
105.7,0.25768330023761865
105.75,0.25995063053370865
105.80000000000001,0.2625748701280955
105.85000000000001,0.26366072958034426
105.9,0.2628121267708112
105.95,0.26134377470854725
106.0,0.2610823187803922
106.05000000000001,0.2628404065160076
106.10000000000001,0.26554863420110514
106.15,0.26719220686330575
106.2,0.2668069475949186
106.25,0.2652722273717091
106.30000000000001,0.2644352345475909
106.35000000000001,0.2655679604424367
106.4,0.26814914941414175
106.45,0.2702459881688245
106.5,0.2704137200771492
106.55000000000001,0.2689991523016672
106.60000000000001,0.26770893867253626
106.65,0.26816040430471644
106.7,0.2704144160346969
106.75,0.272806483071592
106.80000000000001,0.2735555096760619
106.85000000000001,0.27243315058738027
106.9,0.2708514296949077
106.95,0.27062985973095666
107.0,0.2723894860463801
107.05000000000001,0.2748839414326461
107.10000000000001,0.27617632684074245
107.15,0.27548421782385046
107.2,0.27379513396123506
107.25,0.2729698836372803
107.30000000000001,0.2741177962619887
107.35000000000001,0.27651009261933973
107.4,0.2782456013915927
107.45,0.2780714900296692
107.5,0.2764621126806988
107.55000000000001,0.2751545717825602
107.60000000000001,0.27563350587849234
107.65,0.27773113734500776
107.7,0.27975967567624077
107.75,0.28013052163694774
107.80000000000001,0.2787706619506742
107.85000000000001,0.277140211458505
107.9,0.2769558717927959
107.95,0.27859929566374964
108.0,0.2807399377658667
108.05000000000001,0.2816191317797784
108.10000000000001,0.2806427047087243
108.15,0.27886911487583665
108.2,0.27808623948515954
108.25,0.2791643340193054
108.30000000000001,0.2812278044426328
108.35000000000001,0.2825209012506567
108.4,0.2820112516207115
108.45,0.28027513633180406
108.5,0.279007757203496
108.55000000000001,0.27946639535420964
108.60000000000001,0.281277367586497
108.65,0.28284564589057176
108.7,0.28282708980447857
108.75,0.28129031187046794
108.80000000000001,0.2796875475261078
108.85000000000001,0.279531088909621
108.9,0.2809469719323513
108.95,0.28262663786524095
109.0,0.2830638007256886
109.05000000000001,0.28185200361174156
109.10000000000001,0.28008084697138314
109.15,0.2793672870259288
109.2,0.28029116266082144
109.25,0.2819149250652871
109.30000000000001,0.28272028683622785
109.35000000000001,0.281909849978353
109.4,0.28013653905652397
109.45,0.27896757691778423
109.5,0.27935427871750285
109.55000000000001,0.28077167514168083
109.60000000000001,0.28182025695581386
109.65,0.28143173170212993
109.7,0.2798034986261666
109.75,0.2783109471627657
109.80000000000001,0.2781665315184141
109.85000000000001,0.2792598808173307
109.9,0.2804085821158183
109.95,0.2804079231067688
110.0,0.27903716247381705
110.05000000000001,0.27736710438982914
110.10000000000001,0.2767428436287666
110.15,0.27743687394162564
110.2,0.2785450099468269
110.25,0.2788526916060323
110.30000000000001,0.27780569777669256
110.35000000000001,0.2761017927046294
110.4,0.2750841989800905
110.45,0.27534886145879317
110.5,0.2762962771451063
110.55000000000001,0.2768028954745461
110.60000000000001,0.2760950650872465
110.65,0.27448255050187564
110.7,0.27318090618220536
110.75,0.2730281861343035
110.80000000000001,0.2737280238714022
110.85000000000001,0.2743136053715525
110.9,0.2739122328620048
110.95,0.27248439717898565
111.0,0.2710170484511158
111.05000000000001,0.27049339067527073
111.10000000000001,0.2708979629991483
111.15,0.2714513523212163
111.2,0.27128588896722594
111.25,0.2700949379855305
111.30000000000001,0.2685754500952449
111.35000000000001,0.26775161603208164
111.4,0.2678514514954941
111.45,0.2682861361945632
111.5,0.26826427944576764
111.55000000000001,0.26731831326533384
111.60000000000001,0.26584263495212573
111.65,0.2648025357582139
111.7,0.2646200288128906
111.75,0.264883651468187
111.80000000000001,0.26491028112481074
111.85000000000001,0.2641773684794819
111.9,0.2628133801425499
111.95,0.26164296414465904
112.0,0.2612228040682223
112.05000000000001,0.261299179603573
112.10000000000001,0.2612943880679348
112.15,0.2607134869355893
112.2,0.2594945091924287
112.25,0.2582714225143077
112.30000000000001,0.2576699977907041
112.35000000000001,0.25757422900511423
112.4,0.25748680507520333
112.45,0.25698378764171853
112.5,0.25590752123968685
112.55000000000001,0.2546921882627192
112.60000000000001,0.25396763108330755
112.65,0.25373635976046943
112.7,0.2535501286591798
112.75,0.2530558474255511
112.80000000000001,0.2520895891073938
112.85000000000001,0.25091855927690004
112.9,0.2501223516936486
112.95,0.24980189621314336
113.0,0.24953404157332232
113.05000000000001,0.24900066287085765
113.10000000000001,0.248092489588547
113.15,0.24697516005046677
113.2,0.24614562485787878
113.25,0.245780626215913
113.30000000000001,0.2454730300468393
113.35000000000001,0.24488505894970203
113.4,0.24397924558390102
113.45,0.24289908887974365
113.5,0.24205685740951455
113.55000000000001,0.24168128064005906
113.60000000000001,0.24138744574139492
113.65,0.2407650073337897
113.7,0.23981867380268435
113.75,0.23873962924642816
113.80000000000001,0.23788531978818778
113.85000000000001,0.23751663232816342
113.9,0.23728746556616775
113.95,0.2366812267143013
114.0,0.2356785518690226
114.05000000000001,0.2345562388322846
114.10000000000001,0.23367088584454923
114.15,0.23330737459968037
114.2,0.23317887729418618
114.25,0.23265798837562765
114.30000000000001,0.23161857829427226
114.35000000000001,0.23041468757054462
114.4,0.22946361166233856
114.45,0.22908437759220834
114.5,0.22906931548981124
114.55000000000001,0.22870534129274844
114.60000000000001,0.22768452454729315
114.65,0.22638156665362844
114.7,0.22532209153366456
114.75,0.22488930821445396
114.80000000000001,0.22497365101603362
114.85000000000001,0.2248241898104521
114.9,0.2239048607962586
114.95,0.22251785312219452
115.0,0.22131047971545495
115.05000000000001,0.22077382344855662
115.10000000000001,0.2209176229161683
115.15,0.22101302597296493
115.2,0.22029067136869718
115.25,0.21887262856974735
115.30000000000001,0.2174941587379205
115.35000000000001,0.2167975847243086
115.4,0.21693932467727595
115.45,0.21727481784455105
115.5,0.21683896634620312
115.55000000000001,0.21547824303169838
115.60000000000001,0.21393430646094874
115.65,0.21302525868026592
115.7,0.2130886318125091
115.75,0.2136226530000639
115.80000000000001,0.21353872621779169
115.85000000000001,0.21234807755591822
115.9,0.21068200032339163
115.95,0.20952258442327526
116.0,0.2094249537954131
116.05000000000001,0.21008316427363866
116.10000000000001,0.2103784000869397
116.15,0.2094775907410691
116.2,0.20777285037417306
116.25,0.20635161187649886
116.30000000000001,0.20601377542628674
116.35000000000001,0.20669735244036583
116.4,0.2073532883624984
116.45,0.20684864254283142
116.5,0.2052233066637964
116.55000000000001,0.2035653990243499
116.60000000000001,0.202922379027005
116.65,0.20351897072700864
116.7,0.204471349839149
116.75,0.20443635226666493
116.80000000000001,0.20302963427350268
116.85000000000001,0.20120275140985042
116.9,0.200215024111355
116.95,0.2006110020813408
117.0,0.20175642231486302
117.05000000000001,0.20221716660479902
117.10000000000001,0.20117009031416846
117.15,0.19928386642125898
117.2,0.19794782007005626
117.25,0.19804089096066152
117.30000000000001,0.19924847299433684
117.35000000000001,0.2001765484804191
117.4,0.19961017781490542
117.45,0.1978078545870001
117.5,0.19616361901904097
117.55000000000001,0.19587513380502708
117.60000000000001,0.19700110113675845
117.65,0.19831481703200887
117.7,0.19831016450804076
117.75,0.19675294709720834
117.80000000000001,0.1948874524541218
117.85000000000001,0.19417369496744374
117.9,0.19507694245362228
117.95,0.19665012428228168
118.0,0.19723352557051113
118.05000000000001,0.19607976006187644
118.10000000000001,0.1941232311891783
118.15,0.19298461260268715
118.2,0.1935418048528758
118.25,0.19521819643811092
118.30000000000001,0.19635474230144107
118.35000000000001,0.19573737174736855
118.4,0.19385248889655937
118.45,0.19233915989220518
118.5,0.1924583291835679
118.55000000000001,0.19406910672270658
118.60000000000001,0.1956650235394148
118.65,0.19567134307634076
118.7,0.19403577962933577
118.75,0.19224802164879384
118.80000000000001,0.19187981520412414
118.85000000000001,0.19326181967759265
118.9,0.19517496969652892
118.95,0.19583234516298176
119.0,0.1946169317153878
119.05000000000001,0.19269905425918565
119.10000000000001,0.19184469513300673
119.15,0.19285747148752075
119.2,0.19491383787478916
119.25,0.196183877876408
119.30000000000001,0.19552980306745474
119.35000000000001,0.19365720678691536
119.4,0.19237205097537705
119.45,0.19291233919920525
119.5,0.19492571516443075
119.55000000000001,0.1967077190623941
119.60000000000001,0.1967066262183843
119.65,0.1950670082039731
119.7,0.19345856642250658
119.75,0.19347128772100913
119.80000000000001,0.19526340755974447
119.85000000000001,0.1974061926632382
119.9,0.19808663169163288
119.95,0.19685765853752024
120.0,0.19507732445181658
120.05000000000001,0.19456227577025942
120.10000000000001,0.1959811113635674
120.15,0.1983009667006813
120.2,0.19962350845200993
120.25,0.19895027289152298
120.30000000000001,0.19717882157662553
120.35000000000001,0.19619233404285472
120.4,0.19712694539347464
120.45,0.19942873149512547
120.5,0.2012904387109956
120.55000000000001,0.20126634712059227
120.60000000000001,0.19969439857972326
120.65,0.19834532834681848
120.7,0.19873625152044033
120.75,0.20083461712533088
120.80000000000001,0.20308188824105802
120.85000000000001,0.2037361817080775
120.9,0.20254197053853046
120.95,0.20098175773113358
121.0,0.2008263187194053
121.05000000000001,0.20256449041461133
121.10000000000001,0.20501193433764633
121.15,0.20630591674629994
121.2,0.20563352986198333
121.25,0.20404075180876052
121.30000000000001,0.2033929419547417
121.35000000000001,0.20465730161390783
121.4,0.20710953127175474
121.45,0.20894202839028536
121.5,0.20888349999393624
121.55000000000001,0.2074442677950887
121.60000000000001,0.20640903821444248
121.65,0.2071384749441944
121.7,0.20941161405732428
121.75,0.21163257395880186
121.80000000000001,0.21221675230218046
121.85000000000001,0.21110322921804253
121.9,0.20982540381448028
121.95,0.21001504459570758
122.0,0.21195523083790324
122.05000000000001,0.21438504927150703
122.10000000000001,0.21557505379365316
122.15,0.21492502887113873
122.2,0.21357357318771017
122.25,0.21327292348849242
122.30000000000001,0.21476993539282507
122.35000000000001,0.2172213114862508
122.4,0.21892091987398976
122.45,0.21882151422678592
122.5,0.21757059023998188
122.55000000000001,0.21687642160363343
122.60000000000001,0.2178714897225458
122.65,0.22017050332579985
122.7,0.22223826879943737
122.75,0.22271637606505304
122.80000000000001,0.22172531068293105
122.85000000000001,0.22076992584692223
122.9,0.22125759766890982
122.95,0.2232612006509196
123.0,0.22552982273385125
123.05000000000001,0.2265508468751139
123.10000000000001,0.22594563198045223
123.15,0.2248815011195973
123.2,0.22490601101837715
123.25,0.22651405004683028
123.30000000000001,0.22881175923574448
123.35000000000001,0.23028681800720852
123.4,0.23014584156323964
123.45,0.2291280463519198
123.5,0.22877500398883063
123.55000000000001,0.22993597467707386
123.60000000000001,0.23210657607274415
123.65,0.23390688007769964
123.7,0.23425314595554367
123.75,0.2334215193324644
123.80000000000001,0.23280594879253552
123.85000000000001,0.23351666500304777
123.9,0.23543540707406113
123.95,0.23741130393088125
124.0,0.23821245379997136
124.05000000000001,0.23767562574662413
124.10000000000001,0.23692755424752449
124.15,0.2372276319256139
124.2,0.23881106844272482
124.25,0.24081250495528936
124.30000000000001,0.24198867071372993
124.35000000000001,0.24181226489986618
124.4,0.2410612360056229
124.45,0.24102368519930212
124.5,0.24223291839293506
124.55000000000001,0.2441279674692805
124.60000000000001,0.24556611694125888
124.65,0.2457669681697675
124.7,0.24512704645536074
124.75,0.24484638514512447
124.80000000000001,0.245684223174018
124.85000000000001,0.24737286586723878
124.9,0.24894514417175667
124.95,0.24949259779298372
125.0,0.2490495810769539
125.05000000000001,0.24862883451124418
125.10000000000001,0.24913223138749818
125.15,0.25055365385124484
125.2,0.2521365145568704
125.25,0.2529607307076391
125.30000000000001,0.25276328042933127
125.35000000000001,0.25230112459520404
125.4,0.2525306813162621
125.45,0.25366368798322153
125.5,0.2551545126473841
125.55000000000001,0.25616044751199907
125.60000000000001,0.25621656332728926
125.65,0.255795794419301
125.7,0.25582410487767715
125.75,0.2566815396563155
125.80000000000001,0.25801000551822784
125.85000000000001,0.25909464985095815
125.9,0.25937427842483834
125.95,0.25905275987797094
126.0,0.258953104972221
126.05000000000001,0.2595721163265113
126.10000000000001,0.2607046924483821
126.15,0.26177446794858994
126.2,0.262218084827332
126.25,0.2620232774389474
126.30000000000001,0.2618597756388579
126.35000000000001,0.2622901826987477
126.4,0.2632275727137675
126.45,0.26421269828527344
126.5,0.26474459850043414
126.55000000000001,0.2646725956759017
126.60000000000001,0.26449256759082873
126.65,0.26478547079326953
126.7,0.26555423247805165
126.75,0.2664174405843603
126.80000000000001,0.2669614680495193
126.85000000000001,0.2669810195214871
126.9,0.26681010952407874
126.95,0.26700837732411986
127.0,0.26764898907551465
127.05000000000001,0.26838712120790903
127.10000000000001,0.26888192135299577
127.15,0.2689432000716741
127.2,0.2687837063496843
127.25,0.26891528476220494
127.30000000000001,0.2694693614610237
127.35000000000001,0.27010787128790625
127.4,0.27051866693049476
127.45,0.2705656138085389
127.5,0.2703983941397574
127.55000000000001,0.27047276287428157
127.60000000000001,0.27097190179981134
127.65,0.27155379185745004
127.7,0.2718782463325746
127.75,0.2718624349613052
127.80000000000001,0.27165252252609645
127.85000000000001,0.27166022214222696
127.9,0.2721182304209018
127.95,0.2726900601837593
128.0,0.27295694433096207
128.05,0.2728503102630492
128.1,0.2725558887813826
128.15,0.27247089969420013
128.20000000000002,0.27288019552025555
128.25,0.27347824005890375
128.3,0.27373914090593615
128.35,0.2735428428606556
128.4,0.2731265233744513
128.45000000000002,0.2729112826885479
128.5,0.27324337965453893
128.55,0.27388270637798817
128.6,0.2741985504560803
128.65,0.2739457839737383
128.70000000000002,0.27338637520101794
128.75,0.27299918265657186
128.8,0.2732085887342305
128.85,0.27387690353210875
128.9,0.2743022133554826
128.95000000000002,0.27405393389058474
129.0,0.2733563694587153
129.05,0.27276069523185403
129.1,0.27279135910766705
129.15,0.2734482717903044
129.20000000000002,0.27401651066012445
129.25,0.2738505286092191
129.3,0.2730515547959146
129.35,0.2722262835514295
129.4,0.2720198017866627
129.45000000000002,0.2726010450782391
129.5,0.2733140198678415
129.55,0.27330945156872943
129.6,0.27247722211554437
129.65,0.2714262822318618
129.70000000000002,0.2709312258320217
129.75,0.27135662284885026
129.8,0.2721798497225948
129.85,0.27240003752009584
129.9,0.2716268716079045
129.95000000000002,0.2703862599813211
130.0,0.26956797280814443
130.05,0.2697516972447109
130.1,0.2706162388348188
130.15,0.2710936556083568
130.20000000000002,0.27048267788337066
130.25,0.2691228629105167
130.3,0.26797283185047505
130.35,0.26783465007416835
130.4,0.26864462712482823
130.45000000000002,0.2693708251243636
130.5,0.26901867048048045
130.55,0.2676408949190998
130.6,0.26618437999874944
130.65,0.26566086655332455
130.70000000000002,0.26630497623770133
130.75,0.2672274623083775
130.8,0.2672062886110536
130.85,0.2659323751706473
130.9,0.2642326531668027
130.95000000000002,0.2632875718687787
131.0,0.26365265550359773
131.05,0.2646790369562517
131.1,0.265021415541741
131.15,0.26397808568104725
131.20000000000002,0.2621356764375475
131.25,0.26076867336823484
131.3,0.2607535808790733
131.35,0.2617618854478354
131.4,0.26245160077443913
131.45000000000002,0.2617516956846962
131.5,0.25989748259468715
131.55,0.2581499911208919
131.6,0.25767842917134676
131.65,0.25853154260477695
131.70000000000002,0.2595020636612718
131.75,0.25922600764615206
131.8,0.2575082200213203
131.85,0.2554652475119782
131.9,0.25449667678063753
131.95000000000002,0.2550585372893516
132.0,0.256199292562174
132.05,0.25638034856363157
132.1,0.254946725978532
132.15,0.2527332533048353
132.20000000000002,0.2512710320242566
132.25,0.2514224897649235
132.3,0.25259155874614614
132.35,0.2532077798240513
132.4,0.25218552405270206
132.45000000000002,0.24995679511830304
132.5,0.24805266279429442
132.55,0.24770547727808165
132.6,0.2487463119331526
132.65,0.2497207374842771
132.70000000000002,0.24919768075834237
132.75,0.24712369167621492
132.8,0.24487754581047255
132.85,0.2439855262030141
132.9,0.24474502884638005
132.95000000000002,0.24595398390057152
133.0,0.24596446764257474
133.05,0.24421026712883176
133.1,0.24176428196938798
133.15,0.2403308539073845
133.20000000000002,0.2406764847802872
133.25,0.24196429285850082
133.3,0.24248247373982834
133.35,0.24118708679085774
133.4,0.2387137625884213
133.45000000000002,0.23679525482845035
133.5,0.2366295301508302
133.55,0.23782695849999766
133.6,0.23876880999544312
133.65,0.23802629757981938
133.70000000000002,0.23571102884385808
133.75,0.23341489493453182
133.8,0.23268630697889936
133.85,0.23362982778511124
133.9,0.2348633704961225
133.95000000000002,0.23470945734508303
134.0,0.23272946029917035
134.05,0.23020675766332915
134.1,0.22891655050564141
134.15,0.22946594468986292
134.20000000000002,0.230827694103225
134.25,0.23123447958022425
134.3,0.2297370480694905
134.35,0.22716900591891173
134.4,0.22537333427689918
134.45000000000002,0.22542598009880663
134.5,0.22674065291951484
134.55,0.22762037034531651
134.6,0.22670403169688735
134.65,0.22428348519610605
134.70000000000002,0.22209043759764496
134.75,0.22159143186233682
134.8,0.22269179697461283
134.85,0.22390880982205216
134.9,0.2236107504401948
134.95000000000002,0.2215204083395261
135.0,0.2190814617833579
135.05,0.21802923511273725
135.1,0.21877355068025475
135.15,0.22016224655772845
135.20000000000002,0.22045433712934473
135.25,0.21884491553611674
135.3,0.21634083335382562
135.35,0.2147880790384766
135.4,0.21507350860561894
135.45000000000002,0.2164588674997714
135.5,0.21725297411179303
135.55,0.2162247630844824
135.6,0.2138468054263165
135.65,0.21189649996933219
135.70000000000002,0.21166784444234513
135.75,0.21288539758992742
135.8,0.21404684720269368
135.85,0.21363799871254152
135.9,0.21156641682644717
135.95000000000002,0.20936274105244054
136.0,0.2086164491826858
136.05,0.20952902003221424
136.1,0.21089557910420648
136.15,0.2110792860218227
136.20000000000002,0.20946206783541246
136.25,0.20717637820140655
136.3,0.20596001415642856
136.35,0.20646972285130197
136.4,0.20787262792787434
136.45000000000002,0.20856365601692972
136.5,0.20749898034208752
136.55,0.20531170739939938
136.6,0.2037190007180377
136.65,0.20377410043385671
136.70000000000002,0.20505771310811208
136.75,0.20612690139864065
136.8,0.20565245422951817
136.85,0.20373278091236574
136.9,0.2018943320947418
136.95000000000002,0.201491191426629
137.0,0.20252863784771644
137.05,0.20382248942697523
137.1,0.20391366023766844
137.15,0.20239973912273
137.20000000000002,0.20046965328373728
137.25,0.1996504801895438
137.3,0.20035385504453562
137.35,0.20171557462766232
137.4,0.20229283277911816
137.45000000000002,0.20127575634132014
137.5,0.19941503015272813
137.55,0.19826186593906556
137.6,0.19858680848178917
137.65,0.1998752539369587
137.70000000000002,0.20081916112801357
137.75,0.20033361334792021
137.8,0.19869190633213474
137.85,0.1973172673766848
137.9,0.19726259185145034
137.95000000000002,0.19836648571296406
138.0,0.1995373294301253
138.05,0.19956076265055295
138.1,0.1982589680248764
138.15,0.19679354074857847
138.20000000000002,0.1963969659341881
138.25,0.19724303993027467
138.3,0.1985013484250156
138.35,0.19896187135929524
138.4,0.19807831492343342
138.45000000000002,0.19665644794233567
138.5,0.19598740253367758
138.55,0.1965425016329146
138.6,0.19776686384558892
138.65,0.19855823561838606
138.70000000000002,0.19812109180478482
138.75,0.19686542187196046
138.8,0.19601565238345622
138.85,0.1962838295153696
138.9,0.19738338089848967
138.95000000000002,0.19838407761707294
139.0,0.1983716184906275
139.05,0.19737879118637072
139.1,0.1964513387512289
139.15,0.1964674314479542
139.20000000000002,0.1973877657578373
139.25,0.1984803953932777
139.3,0.19882916415617782
139.35,0.19815896277985534
139.4,0.19725616899375475
139.45000000000002,0.1970773027372445
139.5,0.1978000201315237
139.55,0.19888754987121615
139.6,0.1995068762188179
139.65,0.1991768899475586
139.70000000000002,0.19838843412156035
139.75,0.19808456303416982
139.8,0.19862178703657468
139.85,0.19963800600665133
139.9,0.2004279302567586
139.95000000000002,0.2004150739242591
140.0,0.1998074726069915
140.05,0.19945171886349294
140.1,0.19983748162575854
140.15,0.20075055089042604
140.20000000000002,0.20161956948408363
140.25,0.2018684427866371
140.3,0.20147770886634356
140.35,0.2011370947569125
140.4,0.20141748972681228
140.45000000000002,0.2022269386572108
140.5,0.20310617555507415
140.55,0.20354275873098382
140.6,0.20337178829786112
140.65,0.20309901960992452
140.70000000000002,0.20332262921529398
140.75,0.20405137026772846
140.8,0.20490272232276818
140.85,0.20545067858280291
140.9,0.20547229408974518
140.95000000000002,0.2052994561103409
141.0,0.20550903977187623
141.05,0.20619264285530192
141.1,0.20700986285491657
141.15,0.20760611407587543
141.20000000000002,0.20777161688678342
141.25,0.20770679936399133
141.3,0.20793279834677023
141.35,0.20860833012729035
141.4,0.20941153066769386
141.45000000000002,0.21001795442517865
141.5,0.21026979197914322
141.55,0.21029757075755048
141.6,0.2105537602490451
141.65,0.21125007616389319
141.70000000000002,0.21207540367142758
141.75,0.2126843967981144
141.8,0.21297049539185814
141.85,0.21305674525891136
141.9,0.2133383201802166
141.95000000000002,0.21406903137592143
142.0,0.21495601159855254
142.05,0.21558902803641716
142.1,0.2158758121057757
142.15,0.21597652868783326
142.20000000000002,0.2162609318027246
142.25,0.21702059672570595
142.3,0.2179997871359058
142.35,0.2186994467288127
142.4,0.2189807318351187
142.45000000000002,0.21905358010821238
142.5,0.21930431628633304
142.55,0.22006789258626427
142.6,0.22115106097623627
142.65,0.22196870356560106
142.70000000000002,0.22226847691933962
142.75,0.22228494636206075
142.8,0.2224583546773008
142.85,0.22318364814425815
142.9,0.224357925466254
142.95000000000002,0.22533928862582767
143.0,0.22570766718400231
143.05,0.22566328474316
143.1,0.22571773265146855
143.15,0.22635045398829678
143.20000000000002,0.2275770269666809
143.25,0.22874892034368402
143.3,0.22925199744211108
143.35,0.22917220419902262
143.4,0.2290785212623086
143.45000000000002,0.22955950392050536
143.5,0.23077663190778522
143.55,0.23213708280607848
143.6,0.23284262473468656
143.65,0.2327826621375975
143.70000000000002,0.2325340427082267
143.75,0.23280806984120989
143.8,0.23393766286804113
143.85,0.2354511678572501
143.9,0.23641294195578116
143.95000000000002,0.23645125701172684
144.0,0.23607056055743644
144.05,0.2360960250300532
144.1,0.23705274037200474
144.15,0.23865120960509253
144.20000000000002,0.23989495870652855
144.25,0.24012096034735184
144.3,0.23966349142578028
144.35,0.23942178578001574
144.4,0.24012353553334342
144.45000000000002,0.24171250676771583
144.5,0.24322620629723873
144.55,0.24372439605435345
144.6,0.24327489141004904
144.65,0.2427781034878826
144.70000000000002,0.24315690837339599
144.75,0.24462583511528382
144.8,0.24635598918929652
144.85,0.24718929240799395
144.9,0.24685287423571023
144.95000000000002,0.24614821182518798
145.0,0.2461603772313494
145.05,0.24739536863908468
145.1,0.24924993490066072
145.15,0.2504453024208119
145.20000000000002,0.2503333587296647
145.25,0.2495028920543999
145.3,0.2491374631107829
145.35,0.2500347722464922
145.4,0.2518921179832016
145.45000000000002,0.25343109840753875
145.5,0.25364415845266425
145.55,0.25279902047309016
145.6,0.2520834179156141
145.65,0.25256214482657197
145.70000000000002,0.2542844799073402
145.75,0.25610055733533854
145.8,0.2567109899321619
145.85,0.25598006257383343
145.9,0.25498180666148196
145.95000000000002,0.25499456115472335
146.0,0.2564437406474258
146.05,0.2584269887200448
146.1,0.2594645784918564
146.15,0.25897875768079504
146.20000000000002,0.25780237681720686
146.25,0.25734290783379743
146.3,0.2583963999009681
146.35,0.2604046938805751
146.4,0.2618477707425844
146.45000000000002,0.26172190956822017
146.5,0.26050059354184046
146.55,0.2596075847444739
146.6,0.2601726778796463
146.65,0.2620476188158968
146.70000000000002,0.26382148663624566
146.75,0.2641368147937644
146.8,0.263019114562401
146.85,0.2617755037574143
146.9,0.26180031153186656
146.95000000000002,0.26338537436963144
147.0,0.2653684915582575
147.05,0.2661585005743244
147.1,0.26529129442241206
147.15,0.2638186934989599
147.20000000000002,0.2632990213247566
147.25,0.2644573370914192
147.3,0.26649432177896715
147.35,0.26773669696732816
147.4,0.2672465384509559
147.45000000000002,0.2656947145266079
147.5,0.26467626040878034
147.55,0.2653058169452784
147.6,0.26722518965438713
147.65,0.268841408825905
147.70000000000002,0.2688170003357327
147.75,0.2673489790938439
147.8,0.2659246300580998
147.85,0.26596933430263536
147.9,0.26760322745206805
147.95000000000002,0.26946611759297157
148.0,0.26994479886989914
148.05,0.2687189202198345
148.1,0.26702114958177214
148.15,0.26647690308187516
148.20000000000002,0.26767988438230755
148.25,0.26962801502481687
148.3,0.2705887071475684
148.35,0.2697397431163511
148.4,0.2679284245751834
148.45000000000002,0.2668439435436635
148.5,0.2675085669365292
148.55,0.2693651811181249
148.6,0.27072922486544293
148.65,0.2703512249008401
148.70000000000002,0.2685976465369306
148.75,0.2670701453545236
148.8,0.2671376495724919
148.85,0.2687311605018175
148.9,0.270371126745209
148.95000000000002,0.27050475470709556
149.0,0.2689732410719511
149.05,0.2671393482381402
149.1,0.26660479311811036
149.15,0.2677878450124548
149.20000000000002,0.2695429726617288
149.25,0.27016960999902256
149.3,0.2689988253146068
149.35,0.2670213367385907
149.4,0.26593317325034993
149.45000000000002,0.26659782968587264
149.5,0.2682935921281321
149.55,0.26933743668887894
149.6,0.268623926129516
149.65,0.26667534261604137
149.70000000000002,0.26512985661144073
149.75,0.26521741509922026
149.8,0.26668610117589525
149.85,0.2680240972346247
149.9,0.2678106826415976
149.95000000000002,0.2660549683375102
150.0,0.2641862661720202
150.05,0.26369119355300863
150.1,0.26479044813086844
150.15,0.266268461325128
150.20000000000002,0.2665395869145136
150.25,0.2651141409963632
150.3,0.26308049461678357
150.35,0.26204876697502805
150.4,0.2626757122279851
150.45000000000002,0.26412825644360083
150.5,0.26481330004554693
150.55,0.2638135521433797
150.6,0.2617811403109063
150.65,0.26030372967745813
150.70000000000002,0.2604033414986492
150.75,0.261673641987045
150.8,0.2626577851083644
150.85,0.26212685562901566
150.9,0.26025230165641566
150.95000000000002,0.25845472381277756
151.0,0.25802223166071186
151.05,0.2589795872800263
151.1,0.2601204195897241
151.15,0.2600457520556292
151.20000000000002,0.2584593133922131
151.25,0.2564881937487446
151.3,0.25556610916055533
151.35,0.25611831880109287
151.4,0.2572653033881306
151.45000000000002,0.2575830809370721
151.5,0.2563747065846784
151.55,0.2543824115943924
151.6,0.2530532273305658
151.65,0.2531530112756192
151.70000000000002,0.254166524087582
151.75,0.2547732456755051
151.8,0.25398373240654987
151.85,0.25211235607581406
151.9,0.2504880413235549
151.95000000000002,0.25013355981185675
152.0,0.250900534173111
152.05,0.25166971794887955
152.1,0.2512886710205388
152.15,0.2496550291897023
152.20000000000002,0.24786435767946152
152.25,0.24709478692559853
152.3,0.24753893335428012
152.35,0.24833992321300957
152.4,0.2483111453564243
152.45000000000002,0.2469947433012334
152.5,0.24516943998139457
152.55,0.24405695393340845
152.6,0.24414280011603912
152.65,0.24485834978288795
152.70000000000002,0.24509185628882474
152.75,0.24412780824048488
152.8,0.2423886184442478
152.85,0.24102809444385725
152.9,0.24075932400648842
152.95000000000002,0.2412990940701429
153.0,0.24168756529553773
153.05,0.24106595091911115
153.1,0.23951001261416724
153.15,0.2380075371798469
153.20000000000002,0.2374209658119557
153.25,0.2377291481238259
153.3,0.23816569518073658
153.35,0.2378378008412328
153.4,0.23652897526752606
153.45000000000002,0.2349900166065527
153.5,0.23414686613000463
153.55,0.2342035287837903
153.60000000000002,0.23459744782014044
153.65,0.23448795762737323
153.70000000000002,0.23345179857113563
153.75,0.23196989839026663
153.8,0.23094587108630507
153.85000000000002,0.23076290063564595
153.9,0.23105068559602007
153.95000000000002,0.231073542750105
154.0,0.23029814471809323
154.05,0.22894517195397515
154.10000000000002,0.227820417726589
154.15,0.22743378318675445
154.20000000000002,0.22758387756261422
154.25,0.22765865734795582
154.3,0.22710166239267113
154.35000000000002,0.2259209148552505
154.4,0.22477060105406935
154.45000000000002,0.22423091064316028
154.5,0.22424215305494097
154.55,0.2243076738609534
154.60000000000002,0.22390841228818484
154.65,0.2229119025292776
154.70000000000002,0.22179793759021754
154.75,0.22116096776008995
154.8,0.22105600872574876
154.85000000000002,0.22107861292227438
154.9,0.2207730770283139
154.95000000000002,0.2199439732280172
155.0,0.21890853281431966
155.05,0.21822682715596864
155.10000000000002,0.2180426199220485
155.15,0.21801787949580712
155.20000000000002,0.21775341205134505
155.25,0.2170537505172893
155.3,0.21611546944730875
155.35000000000002,0.21543154086528443
155.4,0.21520917539531317
155.45000000000002,0.21515733371140552
155.5,0.21490386554354965
155.55,0.21428645993661535
155.60000000000002,0.21344024025648875
155.65,0.21278159476607186
155.70000000000002,0.21255732159229043
155.75,0.21251413507152458
155.8,0.21226959137704413
155.85000000000002,0.21169188472805162
155.9,0.21091299914820955
155.95000000000002,0.21028919452098904
156.0,0.21008773543378986
156.05,0.2100931764016295
156.10000000000002,0.20988207687410568
156.15,0.2093189361709933
156.20000000000002,0.20857138576057896
156.25,0.20797352126467256
156.3,0.20780401818811117
156.35000000000002,0.20789138602623192
156.4,0.20775728299240584
156.45000000000002,0.2072097393709081
156.5,0.20645777821095135
156.55,0.20586094321521944
156.60000000000002,0.20571541759317907
156.65,0.20590285887623086
156.70000000000002,0.20589663210012105
156.75,0.20539439815258168
156.8,0.20461508384166233
156.85000000000002,0.20398413435873253
156.9,0.20383821012542222
156.95000000000002,0.20412374156095253
157.0,0.20429053810391773
157.05,0.20388758159523762
157.10000000000002,0.20308154696670036
157.15,0.20238001868830785
157.20000000000002,0.20219580538562462
157.25,0.20255601377366378
157.3,0.20292363313880252
157.35000000000002,0.20268774034616796
157.4,0.20188542121236985
157.45000000000002,0.20108651649322326
157.5,0.20081772708379642
157.55,0.20120967601243034
157.60000000000002,0.20178054206671264
157.65,0.20177919153695564
157.70000000000002,0.20104057776091236
157.75,0.2001382622118054
157.8,0.19973760819677516
157.85000000000002,0.20010323758584087
157.9,0.20085104970763196
157.95000000000002,0.20113666597487034
158.0,0.20054408467165974
158.05,0.19956176088405833
158.10000000000002,0.19899029055332315
158.15,0.19926268734687846
158.20000000000002,0.20013376251432
158.25,0.20073137247435555
158.3,0.20037646281682425
158.35000000000002,0.19937075327206827
158.4,0.1986081306928339
158.45000000000002,0.19871926876487772
158.5,0.1996377807203453
158.55,0.2005373434696431
158.60000000000002,0.200504768677504
158.65,0.19956273866819269
158.70000000000002,0.19861673618979225
158.75,0.1985063861920727
158.8,0.19938233325095667
158.85000000000002,0.20053684285918189
158.9,0.20088802241896597
158.95000000000002,0.20011755532000441
159.0,0.19903057353532438
159.05,0.19865590974900016
159.10000000000002,0.19939467002952427
159.15,0.2007239060142128
159.20000000000002,0.20148397052467243
159.25,0.2009986061600949
159.3,0.19984911803027577
159.35000000000002,0.19919410904368928
159.4,0.19970669217218076
159.45000000000002,0.20110553523335734
159.5,0.20225589068966968
159.55,0.20215679711597956
159.60000000000002,0.2010543458858467
159.65,0.20013749143082118
159.70000000000002,0.20035083168688467
159.75,0.20170055491057498
159.8,0.20317817705188995
159.85000000000002,0.2035366582114571
159.9,0.20261030711165695
159.95000000000002,0.20148894866830222
160.0,0.20135562534511475
160.05,0.20253652055805288
160.10000000000002,0.20423975370582045
160.15,0.205083610944298
160.20000000000002,0.20446523226012
160.25,0.20323476473047483
160.3,0.20274134312459202
160.35000000000002,0.203645305915871
160.4,0.20544484670339763
160.45000000000002,0.20675107266091752
160.5,0.20655615877812433
160.55,0.20534311412303413
160.60000000000002,0.20451599706782114
160.65,0.20505805189961857
160.70000000000002,0.20681116151077505
160.75,0.208506121860095
160.8,0.20881552239430629
160.85000000000002,0.2077646060678497
160.9,0.20667209012227816
160.95000000000002,0.20680009216972148
161.0,0.2083659431178134
161.05,0.21033276422289968
161.10000000000002,0.21117869181046195
161.15,0.21043517671927944
161.20000000000002,0.2091845275418726
161.25,0.2088863439640327
161.3,0.210140665684765
161.35000000000002,0.2122323362917799
161.4,0.21359116598681602
161.45000000000002,0.213281230652322
161.5,0.21201013377813901
161.55,0.21131753984549353
161.60000000000002,0.21216518690236938
161.65,0.2142211255154653
161.70000000000002,0.21601418074645135
161.75,0.2162264688682282
161.8,0.2150891314009375
161.85000000000002,0.21407761293884292
161.9,0.2144621361642981
161.95000000000002,0.21632574758307738
162.0,0.21842777680690903
162.05,0.21919943168138928
162.10000000000002,0.21834872075650902
162.15,0.21713252218466725
162.20000000000002,0.21704214518728626
162.25,0.2185771252054058
162.3,0.22083087617566166
162.35000000000002,0.22214054991784027
162.4,0.22170857211806586
162.45000000000002,0.22043076658941957
162.5,0.21990034455152754
162.55,0.22100402709078854
162.60000000000002,0.22323846685819698
162.65,0.22500751633994595
162.70000000000002,0.22508766827274346
162.75,0.22390573878406095
162.8,0.22301439245313698
162.85000000000002,0.22362706603250346
162.9,0.22567648022674947
162.95000000000002,0.22777806967118477
163.0,0.22841160175491745
163.05,0.2274798871014338
163.10000000000002,0.22634418685466662
163.15,0.22645386816758942
163.20000000000002,0.2281752747178975
163.25,0.23044975749759722
163.3,0.2316192332746401
163.35000000000002,0.23107040549299698
163.4,0.22983331680208918
163.45000000000002,0.22947587816563295
163.5,0.23076277586187843
163.55,0.23303679191981355
163.60000000000002,0.23466763047021752
163.65,0.2345958935309841
163.70000000000002,0.23341219874334357
163.75,0.2326670217304675
163.8,0.2334582695050127
163.85000000000002,0.23556460665904533
163.9,0.23753445247577698
163.95000000000002,0.23798318181551273
164.0,0.23700269999288867
164.05,0.23598424717369046
164.10000000000002,0.23626763863005915
164.15,0.23806307137021734
164.20000000000002,0.24021738168251996
164.25,0.24117337010673223
164.3,0.2405238787797612
164.35000000000002,0.239369816946643
164.4,0.23918053636456627
164.45000000000002,0.2405594708500484
164.5,0.24273072868432483
164.55,0.24412613961445123
164.60000000000002,0.2438982904068977
164.65,0.24275510073286352
164.70000000000002,0.24216967062808517
164.75,0.24307230792225398
164.8,0.24509982770942784
164.85000000000002,0.24682161037428157
164.9,0.24705815317218177
164.95000000000002,0.24606551650720404
165.0,0.24519210109415723
165.05,0.24560676690578565
165.10000000000002,0.24735419554937976
165.15,0.24925940038829864
165.20000000000002,0.24995057748758193
165.25,0.249226168943087
165.3,0.248192248586095
165.35000000000002,0.24815233719838078
165.4,0.24952058781694153
165.45000000000002,0.2514550281634752
165.5,0.2525410854360632
165.55,0.25216764848617906
165.60000000000002,0.25110619162548053
165.65,0.25068272050297796
165.70000000000002,0.25161703731670426
165.75,0.25343427364354326
165.8,0.25481482328705923
165.85000000000002,0.25483138697030916
165.9,0.25386675947382564
165.95000000000002,0.25315780912212965
166.0,0.253648722988543
166.05,0.25522646690896605
166.10000000000002,0.2567751988969443
166.15,0.25717393494203844
166.20000000000002,0.25640890792116205
166.25,0.25552728191254037
166.3,0.2556061492720211
166.35000000000002,0.2568578372600332
166.4,0.2584401084976877
166.45000000000002,0.25916956488074455
166.5,0.2586748666376577
166.55,0.25773523797419107
166.60000000000002,0.2574656957846051
166.65,0.25834600162271704
166.70000000000002,0.259836358939766
166.75,0.260810750309973
166.8,0.2606185612899011
166.85000000000002,0.2597252641198902
166.9,0.25919221616318455
166.95000000000002,0.25969641888709155
167.0,0.2609932345064764
167.05,0.26210634305582575
167.10000000000002,0.2622088381131385
167.15,0.261445381220198
167.20000000000002,0.26074309679737107
167.25,0.26090124183105784
167.3,0.26193631732915856
167.35000000000002,0.2630776435341558
167.4,0.2634310730562349
167.45000000000002,0.26285240020092693
167.5,0.2620730655873269
167.55,0.26194054672800965
167.60000000000002,0.2626826087617403
167.65,0.263752957399812
167.70000000000002,0.2642868679953114
167.75,0.2639153063485707
167.8,0.2631390600010489
167.85000000000002,0.2627855113549239
167.9,0.263237728877954
167.95000000000002,0.264161554082503
168.0,0.26479175371597075
168.05,0.26461736225389265
168.10000000000002,0.2639045826946226
168.15,0.26340283187936214
168.20000000000002,0.2635955520504769
168.25,0.26432809445188704
168.3,0.2649711293879996
168.35000000000002,0.26495668509420045
168.4,0.26434313626580064
168.45000000000002,0.26375956365844766
168.5,0.26374016156458924
168.55,0.2642685238913937
168.60000000000002,0.2648550159252705
168.65,0.2649451492911437
168.70000000000002,0.2644404817910273
168.75,0.2638276356575058
168.8,0.263649582875591
168.85000000000002,0.26398813905704904
168.9,0.26447249363436964
168.95000000000002,0.2646056305499325
169.0,0.2641955755192798
169.05,0.2635874744365619
169.10000000000002,0.26330047771470566
169.15,0.26348209423043295
169.20000000000002,0.26384683410528076
169.25,0.26396785498790093
169.3,0.2636201072690475
169.35000000000002,0.26303040845786607
169.4,0.26267290184886927
169.45000000000002,0.26273811923299534
169.5,0.2629922566913859
169.55,0.2630634103255099
169.60000000000002,0.2627366310478152
169.65,0.26215973411350024
169.70000000000002,0.26175434289447036
169.75,0.26174079319000043
169.8,0.26191293734337784
169.85000000000002,0.2619207336886785
169.9,0.2615753923689291
169.95000000000002,0.26099046404395837
170.0,0.26054250487390174
170.05,0.2604764566701911
170.10000000000002,0.26060443463479166
170.15,0.26056101417034955
170.20000000000002,0.26017014383669
170.25,0.2595478436715388
170.3,0.2590466057543524
170.35000000000002,0.25893780197528365
170.4,0.2590571877789109
170.45000000000002,0.25899586224280374
170.5,0.2585534785619017
170.55,0.2578647555832313
170.60000000000002,0.2572872143468299
170.65,0.2571273482553564
170.70000000000002,0.25726131419519643
170.75,0.2572272869980358
170.8,0.2567524294392637
170.85000000000002,0.255978193035962
170.9,0.25529481432451295
170.95000000000002,0.2550593194915282
171.0,0.2552116960983183
171.05,0.25525004518169403
171.10000000000002,0.2547851866486773
171.15,0.2539251117149032
171.20000000000002,0.2531073384493836
171.25,0.25275980018075117
171.3,0.25291234763496573
171.35000000000002,0.2530559033658447
171.4,0.25265969553280015
171.45000000000002,0.2517381524392192
171.5,0.250766911631967
171.55,0.2502653447393227
171.60000000000002,0.25037927864694687
171.65,0.2506389293844344
171.70000000000002,0.25037458546327895
171.75,0.2494419055601244
171.8,0.24831604816584651
171.85000000000002,0.24762039338703554
171.9,0.2476414415861314
171.95000000000002,0.24800071707572435
172.0,0.24792239925535647
172.05,0.24705047072724337
172.10000000000002,0.2457936172375751
172.15,0.2448738881833843
172.20000000000002,0.24473975453373048
172.25,0.24515449868048456
172.3,0.2452945645561198
172.35000000000002,0.24456697262040503
172.4,0.24323102142658273
172.45000000000002,0.2420754370927788
172.5,0.2417245268329602
172.55,0.24212738371136266
172.60000000000002,0.24248712660814165
172.65,0.24198538961294552
172.70000000000002,0.2406491710977945
172.75,0.23927132320739813
172.8,0.23865179903897255
172.85000000000002,0.23896039129640273
172.9,0.2395060730133922
172.95000000000002,0.23929458010732385
173.0,0.23805689841179875
173.05,0.2365006653789964
173.10000000000002,0.23557913190431448
173.15,0.2357063928484336
173.20000000000002,0.23637117711536332
173.25,0.2364838685075978
173.3,0.23545135945535076
173.35000000000002,0.23379211516788573
173.4,0.23256129111497256
173.45000000000002,0.23242643909842164
173.5,0.23311762936965347
173.55,0.23354913759076526
173.60000000000002,0.23282068422537244
173.65,0.23116157512588698
173.70000000000002,0.2296461655577404
173.75,0.22918513228451137
173.8,0.22979520949254312
173.85000000000002,0.23049820400570983
173.9,0.23014868382896425
173.95000000000002,0.22861146321590126
174.0,0.22687120544798056
174.05,0.2260457064977623
174.10000000000002,0.226465240899301
174.15,0.22735438695124846
174.20000000000002,0.22742092080645515
174.25,0.2261319519938827
174.3,0.22426069419582187
174.35000000000002,0.22306534962023977
174.4,0.22319594223094652
174.45000000000002,0.22415757384136942
174.5,0.22463104771190293
174.55,0.22370434162371142
174.60000000000002,0.22182423189757383
174.65,0.22029113465926248
174.70000000000002,0.22005697283583647
174.75,0.22096261992858388
174.8,0.22178616480893565
174.85000000000002,0.22130630864460232
174.9,0.21955682990939443
174.95000000000002,0.21775681661370977
175.0,0.21711394771908593
175.05,0.2178354419823828
175.10000000000002,0.2189101065758388
175.15,0.21891830300351367
175.20000000000002,0.21744092084747194
175.25,0.21548072776834584
175.3,0.21442352799165926
175.35000000000002,0.21484755076547138
175.4,0.21604399804008143
175.45000000000002,0.2165299907111416
175.5,0.21545034150495462
175.55,0.2134650343057658
175.60000000000002,0.21202947395004465
175.65,0.21206993923621964
175.70000000000002,0.2132439948861899
175.75,0.2141455012860788
175.8,0.21355596977097435
175.85000000000002,0.21169662394009486
175.9,0.20995987828297605
175.95000000000002,0.20956719652523015
176.0,0.21057667313973263
176.05,0.21178641233240178
176.10000000000002,0.21173227434674072
176.15,0.21014980418450985
176.20000000000002,0.2082257234920935
176.25,0.2073925100803955
176.3,0.2081129268347095
176.35000000000002,0.20949185484835742
176.4,0.20996369879935697
176.45000000000002,0.20879077002800725
176.5,0.20682090519235757
176.55,0.20558395132572682
176.60000000000002,0.20592139176102126
176.65,0.20731572045149146
176.70000000000002,0.20824968384264844
176.75,0.20758346882867754
176.8,0.2057238588037792
176.85000000000002,0.2041622166777285
176.9,0.20406233993811418
176.95000000000002,0.20532152315713387
177.0,0.20660731119768386
177.05,0.2064961236938228
177.10000000000002,0.20490084745326614
177.15,0.20312987390027545
177.20000000000002,0.2025827461092192
177.25,0.20357586605692568
177.3,0.2050710056200966
177.35000000000002,0.2055073880662311
177.4,0.20431077836497136
177.45000000000002,0.20247213032185962
177.5,0.20151291752445005
177.55,0.2021416101314871
177.60000000000002,0.20368933469284908
177.65,0.20461101377175103
177.70000000000002,0.20391113286284074
177.75,0.20215912776518885
177.8,0.2008648069087514
177.85000000000002,0.20107174309221573
177.9,0.20251952411833074
177.95000000000002,0.20381809681819651
178.0,0.2036642883316207
178.05,0.20214970550551142
178.10000000000002,0.20063196179788625
178.15,0.20040466989204542
178.20000000000002,0.20162070457288417
178.25,0.2031564055061775
178.3,0.2035432772801003
178.35000000000002,0.20239641825923316
178.4,0.2007910004724609
178.45000000000002,0.20016129880628797
178.5,0.2010470414687537
178.55,0.2026668836125779
178.60000000000002,0.2035359712190195
178.65,0.20285136626531838
178.70000000000002,0.20130448824807037
178.75,0.20034398464450612
178.8,0.20084177677413184
178.85000000000002,0.2023979901967996
178.9,0.20364686103352375
178.95000000000002,0.2034721487962997
179.0,0.20212504593633063
179.05,0.2009371842402674
179.10000000000002,0.201032906058033
179.15,0.20239892948263877
179.20000000000002,0.20389602273861618
179.25,0.204227075785017
179.3,0.2032004109744227
179.35000000000002,0.20190958983598228
179.4,0.20163083351229993
179.45000000000002,0.20271294948117408
179.5,0.20431541314406515
179.55,0.20509875003512792
179.60000000000002,0.20447899878317483
179.65,0.2032174868566336
179.70000000000002,0.20262800084251104
179.75,0.20337174779915074
179.8,0.20494318224578667
179.85000000000002,0.20608531835348665
179.9,0.20591532763766174
179.95000000000002,0.2048090664726519
180.0,0.20400024627012336
180.05,0.20439169203076418
180.10000000000002,0.20581706558687254
180.15,0.20719907773373045
180.20000000000002,0.20747454767048631
180.25,0.20662936198561327
180.3,0.20570953795598246
180.35000000000002,0.20577215324175335
180.4,0.20696803561255672
180.45000000000002,0.20846263303235343
180.5,0.2091353243803316
180.55,0.20862536776010865
180.60000000000002,0.20770770695512464
180.65,0.20749587480360016
180.70000000000002,0.20841523899082437
180.75,0.20990330274999255
180.8,0.2108905125206483
180.85000000000002,0.21075077817289892
180.9,0.20994081778878987
180.95000000000002,0.20953103233078776
181.0,0.21016289751835587
181.05,0.211546820752526
181.10000000000002,0.21274540987884286
181.15,0.21296971135051745
181.20000000000002,0.212353808743532
181.25,0.21183451106307022
181.3,0.21219941673907614
181.35000000000002,0.21341148753455705
181.4,0.2147138368370048
181.45000000000002,0.21525881706738517
181.5,0.21489499252956393
181.55,0.214355911474739
181.60000000000002,0.21449854429645798
181.65,0.21550376800964807
181.70000000000002,0.21681273446106605
181.75,0.21760734636839046
181.8,0.21751995262483886
181.85000000000002,0.2170418382978807
181.9,0.2170221308299263
181.95000000000002,0.21781597381775547
182.0,0.21905629035192817
182.05,0.22001507445151938
182.10000000000002,0.22019434493532186
182.15,0.21984008123770085
182.20000000000002,0.21972390435878353
182.25,0.22032621563863847
182.3,0.22145069649554713
182.35000000000002,0.22248836450579956
182.4,0.2228951656754147
182.45000000000002,0.22270332829799305
182.5,0.22255366088097053
182.55,0.22300038487816662
182.60000000000002,0.22399048947747194
182.65,0.22503504639566757
182.70000000000002,0.22561020632677817
182.75,0.22559206706831042
182.8,0.2254613524503278
182.85000000000002,0.22579561370727302
182.9,0.22665706569136806
182.95000000000002,0.22765905900569217
183.0,0.22833568275083282
183.05,0.2284763500490747
183.10000000000002,0.22840066803555764
183.15,0.2286645107026353
183.20000000000002,0.22941950135371242
183.25,0.23035588766770254
183.3,0.23107235496180856
183.35000000000002,0.23133616116148456
183.4,0.23133181233038314
183.45000000000002,0.23155947145932598
183.5,0.2322373592809571
183.55,0.23310968444236835
183.60000000000002,0.23382077468984136
183.65,0.23416025145422015
183.70000000000002,0.23422327546628083
183.75,0.23443647857217692
183.8,0.23506483180350043
183.85000000000002,0.2358926152250161
183.9,0.23657652689093808
183.95000000000002,0.23694351857313167
184.0,0.2370524551185135
184.05,0.23725798128028655
184.10000000000002,0.23785540651988546
184.15,0.23866651681346787
184.20000000000002,0.239326400505594
184.25,0.23968326009749105
184.3,0.23980505979098782
184.35000000000002,0.23999463281840466
184.4,0.24056625456006547
184.45000000000002,0.2413864830305655
184.5,0.24204629585210638
184.55,0.24237488103524796
184.60000000000002,0.24247331523787508
184.65,0.24262582628126658
184.70000000000002,0.24316169351341646
184.75,0.24400564266910085
184.8,0.2447013600481322
184.85000000000002,0.2450078162961802
184.9,0.24505313182677158
184.95000000000002,0.24513908805955648
185.0,0.2456153146073847
185.05,0.24648021423380778
185.10000000000002,0.24724839817254848
185.15,0.24756248336952746
185.20000000000002,0.24754056278144787
185.25,0.2475284617803842
185.3,0.2479106279314319
185.35000000000002,0.24877394247793413
185.4,0.24964013876875377
185.45000000000002,0.25000897221020135
185.5,0.24992805787927588
185.55,0.24979206696205816
185.60000000000002,0.250040315999925
185.65,0.25086120958312585
185.70000000000002,0.2518305533999104
185.75,0.2523079027297971
185.8,0.2522011463389088
185.85000000000002,0.2519290741869885
185.9,0.25200435481620187
185.95000000000002,0.2527284108810883
186.0,0.2537802317627703
186.05,0.25441347114965085
186.10000000000002,0.25433622110592535
186.15,0.25393641844703074
186.20000000000002,0.2538073444292015
186.25,0.2543735216662951
186.3,0.2554608332894987
186.35000000000002,0.2562782480784186
186.4,0.2563000096554199
186.45000000000002,0.2558056652958134
186.5,0.2554554015110933
186.55,0.2558040883115885
186.60000000000002,0.2568578527011976
186.65,0.25785889752138796
186.70000000000002,0.2580510868407083
186.75,0.25752051937002246
186.8,0.25695294344515796
186.85000000000002,0.2570340946564814
186.9,0.2579712883466678
186.95000000000002,0.2591217639746389
187.0,0.2595434264512341
187.05,0.25905548546243
187.10000000000002,0.25829967620586436
187.15,0.2580802486304976
187.20000000000002,0.25881420548590545
187.25,0.2600472843601886
187.3,0.26073155952092164
187.35000000000002,0.26037612524120335
187.4,0.25948810443606374
187.45000000000002,0.25895820883657983
187.5,0.2594095568633262
187.55,0.26063241564759054
187.60000000000002,0.26157651328613063
187.65,0.2614411726881818
187.70000000000002,0.2605018997891057
187.75,0.2596791710895009
187.8,0.2597858851093014
187.85000000000002,0.26089066503557806
187.9,0.2620514618853009
187.95000000000002,0.2622064734974455
188.0,0.26131546413879697
188.05,0.26024712160078906
188.10000000000002,0.2599726367249695
188.15,0.2608497709241786
188.20000000000002,0.26214601166373264
188.25,0.26263033335570424
188.3,0.26189497397911504
188.35000000000002,0.2606569811667497
188.4,0.2599957628194437
188.45000000000002,0.2605475076667321
188.5,0.2618682824344216
188.55,0.2626794840859306
188.60000000000002,0.26220105994847753
188.65,0.26089382312014414
188.70000000000002,0.2598741142272853
188.75,0.26002638620383234
188.8,0.26124437247005927
188.85000000000002,0.26233462354251347
188.9,0.26219304244008285
188.95000000000002,0.26093332642403577
189.0,0.25961693637587235
189.05,0.2593281367286474
189.10000000000002,0.2603153024299504
189.15,0.2615944570257316
189.20000000000002,0.26183432525972306
189.25,0.26074358823242816
189.3,0.25922260254828444
189.35000000000002,0.2584887803717381
189.4,0.2591320013832903
189.45000000000002,0.2604773982902942
189.5,0.2610982107456905
189.55,0.26028833002628765
189.60000000000002,0.2586786241039636
189.65,0.2575348729342522
189.70000000000002,0.2577492246207908
189.75,0.25902052844590734
189.8,0.25997315308239466
189.85000000000002,0.2595313606987424
189.9,0.2579629325463113
189.95000000000002,0.25648122507963106
190.0,0.2562194103194387
190.05,0.2572759487448513
190.10000000000002,0.2584664231984431
190.15,0.2584419072098966
190.20000000000002,0.25704640159024056
190.25,0.2553301616907142
190.3,0.2545873804330891
190.35000000000002,0.2553051616075972
190.4,0.25660537308235065
190.45000000000002,0.2570001369962958
190.5,0.25589652341834385
190.55,0.2540722302134397
190.60000000000002,0.25288652158844777
190.65,0.25317245656108806
190.70000000000002,0.25443592544291965
190.75,0.25520197353851415
190.8,0.25448203737868325
190.85000000000002,0.2526882031253378
190.9,0.2511367422413118
190.95000000000002,0.25093839110007077
191.0,0.2520184646155996
191.05,0.25306225962208967
191.10000000000002,0.2527781202201693
191.15,0.2511522030391148
191.20000000000002,0.24934419980846267
191.25,0.24865433134220122
191.3,0.2494218184671955
191.35000000000002,0.25061552020603256
191.4,0.2507715181313756
191.45000000000002,0.24943575645752125
191.5,0.24750259574510655
191.55,0.2463587094179197
191.60000000000002,0.2467163676264426
191.65,0.24791400068067304
191.70000000000002,0.24846481633395734
191.75,0.24751251233297794
191.8,0.2455957562657913
191.85000000000002,0.24407526983182462
191.9,0.24396741860825932
191.95000000000002,0.24502320120907672
192.0,0.24587900567930018
192.05,0.24536322725811935
192.10000000000002,0.24360121091197076
192.15,0.2418132306620927
192.20000000000002,0.24122982557161324
192.25,0.2420156408749053
192.3,0.24305369115090164
192.35000000000002,0.242980445836867
192.4,0.24149448840054785
192.45000000000002,0.23956905989626265
192.5,0.23854450361238344
192.55,0.23896392486866455
192.60000000000002,0.24004469019789393
192.65,0.24037216387696442
192.70000000000002,0.23925381879431679
192.75,0.23732948016262564
192.8,0.23593705820965377
192.85000000000002,0.2359342674416024
192.9,0.23691929482048552
192.95000000000002,0.23756374764256938
193.0,0.23686484098981975
193.05,0.23507532432961575
193.10000000000002,0.23341838268863968
193.15,0.23298143963041001
193.20000000000002,0.23374996832036288
193.25,0.23459756514935762
193.3,0.23432478767789622
193.35000000000002,0.23278590217304873
193.4,0.2309868354705941
193.45000000000002,0.23014573668230448
193.5,0.23060756896742987
193.55,0.23153016648319924
193.60000000000002,0.23164552013670575
193.65,0.23044354416292115
193.70000000000002,0.22863152499033845
193.75,0.2274521158164876
193.8,0.22755524600802227
193.85000000000002,0.22842734758152294
193.9,0.22885479637585995
193.95000000000002,0.22803793485514579
194.0,0.22633626104524837
194.05,0.2249112689784446
194.10000000000002,0.2246439347238239
194.15,0.22535790168206238
194.20000000000002,0.22599534271229055
194.25,0.2255697560962864
194.3,0.22408380236113426
194.35000000000002,0.22252215582182946
194.4,0.22190996948899627
194.45000000000002,0.22238715652514418
194.5,0.22312166210754908
194.55,0.22305309145888624
194.60000000000002,0.2218600724204411
194.65,0.22027545329427747
194.70000000000002,0.21937486726545324
194.75,0.21957141812634146
194.8,0.22029497708652923
194.85000000000002,0.22051607590272984
194.9,0.2196579941857762
194.95000000000002,0.2181574385592463
195.0,0.21704694232906882
195.05,0.21695418904359798
195.10000000000002,0.21757713942985682
195.15,0.21799946574578527
195.20000000000002,0.2174805274097785
195.25,0.21615393085286688
195.3,0.2149241862518933
195.35000000000002,0.2145645869535611
195.4,0.2150245995463126
195.45000000000002,0.21555315252415133
195.5,0.21534244116396062
195.55,0.21425399902935377
195.60000000000002,0.21299780518075304
195.65,0.21241790028884872
195.70000000000002,0.21268352033291765
195.75,0.2132310767878875
195.8,0.21327039628240557
195.85000000000002,0.21245315242119067
195.9,0.21125590415738582
195.95000000000002,0.21051782313963713
196.0,0.21058683634605307
196.05,0.21108539301898038
196.10000000000002,0.2113011020312728
196.15,0.21075568554019294
196.20000000000002,0.20968696070802473
196.25,0.20885970333145298
196.3,0.20875358571159056
196.35000000000002,0.20916096144839225
196.4,0.20947764350427278
196.45000000000002,0.2091758022054237
196.5,0.20828285379717912
196.55,0.20743413120841134
196.60000000000002,0.20719033054190064
196.65,0.20749120609829844
196.70000000000002,0.2078444781525331
196.75,0.2077371818203468
196.8,0.20704126019533955
196.85000000000002,0.2062303392552972
196.9,0.20589408166370612
196.95000000000002,0.20609607103737945
197.0,0.2064419559874388
197.05,0.20647082471399325
197.10000000000002,0.20596720272255534
197.15,0.20523908489319165
197.20000000000002,0.20485595261211623
197.25,0.20498230989729868
197.3,0.20530140743210246
197.35000000000002,0.20541132191349878
197.4,0.2050734889169114
197.45000000000002,0.20445485999448848
197.5,0.20406479980211345
197.55,0.20414581123975897
197.60000000000002,0.20444178284234366
197.65,0.2045920647467201
197.70000000000002,0.2043797965065519
197.75,0.20387735592915007
197.8,0.20351029899134376
197.85000000000002,0.20357525296417628
197.9,0.20386850686415522
197.95000000000002,0.2040402291925133
198.0,0.20391030447362335
198.05,0.20351210779768056
198.10000000000002,0.20318516513656054
198.15,0.20325619881545529
198.20000000000002,0.2035747039859637
198.25,0.2037725275950971
198.3,0.20369003941565705
198.35000000000002,0.20337019279157714
198.4,0.20308644678369356
198.45000000000002,0.203174815050504
198.5,0.20354440499239904
198.55,0.20379264369143965
198.60000000000002,0.2037404386393593
198.65,0.2034668466077928
198.70000000000002,0.20321595531114922
198.75,0.20332062982120808
198.8,0.2037569227888107
198.85000000000002,0.2040909446974975
198.9,0.20407491552703622
198.95000000000002,0.20381895663240976
199.0,0.2035799109943834
199.05,0.20368807284237023
199.10000000000002,0.20419140612464734
199.15,0.2046465635709012
199.20000000000002,0.20469534388417338
199.25,0.20444160647632162
199.3,0.2041878393439445
199.35000000000002,0.20427681479441906
199.4,0.20483066626964924
199.45000000000002,0.20543139718948253
199.5,0.2055902923903306
199.55,0.2053441286535551
199.60000000000002,0.20505070737530848
199.65,0.2050911041077822
199.70000000000002,0.2056636598608847
199.75,0.2064151351201844
199.8,0.20673552995794603
199.85000000000002,0.2065263682749981
199.9,0.2061783247472151
199.95000000000002,0.20613835231007838
200.0,0.20668638378249707
