Jt,m3_t
0.05,0.9909328809165936
0.1,0.9721326676856832
0.15000000000000002,0.9607528158699166
0.2,0.9668748661643864
0.25,0.9845994725959101
0.30000000000000004,0.9972115088197608
0.35000000000000003,0.9924401211934829
0.4,0.9741128390398426
0.45,0.9584072783542578
0.5,0.9587617735278702
0.55,0.9739106243753016
0.6000000000000001,0.9889441100486067
0.65,0.9887737244774902
0.7000000000000001,0.9723654067765376
0.75,0.9535970159189107
0.8,0.9481445777096007
0.8500000000000001,0.9594124536485507
0.9,0.9754832516726485
0.9500000000000001,0.9797472899657205
1.0,0.9664627604721097
1.05,0.9461005419359423
1.1,0.9352714128036531
1.1500000000000001,0.9416739015151505
1.2000000000000002,0.9572763474301315
1.25,0.9653591318983243
1.3,0.9560502496957385
1.35,0.9356257024708234
1.4000000000000001,0.9202707643820535
1.4500000000000002,0.9212354852319573
1.5,0.9348934451915455
1.55,0.9457993152332017
1.6,0.9408915263246066
1.6500000000000001,0.9218520721700492
1.7000000000000002,0.9031519297570986
1.75,0.8985652695966855
1.8,0.9089782596173996
1.85,0.921439440934745
1.9000000000000001,0.9209035459970365
1.9500000000000002,0.9044788586232276
2.0,0.8838220918598724
2.0500000000000003,0.8740270662652523
2.1,0.8801950321796309
2.15,0.8928063439281481
2.2,0.8961774938118667
2.25,0.8832725017720301
2.3000000000000003,0.8621174529670577
2.35,0.847864301651865
2.4000000000000004,0.8491772385853495
2.45,0.860542551563613
2.5,0.8669835889582225
2.5500000000000003,0.8581083683331178
2.6,0.8378441466420344
2.6500000000000004,0.820200952242668
2.7,0.8164839643306253
2.75,0.8253578024204709
2.8000000000000003,0.8337595010199251
2.85,0.8290018648429396
2.9000000000000004,0.8108235420341288
2.95,0.7910587138094808
3.0,0.7825687972091879
3.0500000000000003,0.7879769804328709
3.1,0.7970837997561353
3.1500000000000004,0.7961257474458436
3.2,0.7809362073564227
3.25,0.7603874776954956
3.3000000000000003,0.747764448147248
3.35,0.7490902923467578
3.4000000000000004,0.7576373646769212
3.45,0.7598121271755205
3.5,0.748159227813213
3.5500000000000003,0.7281045494265697
3.6,0.7122842186073585
3.6500000000000004,0.7093112739919701
3.7,0.7161569280588709
3.75,0.7205393871005028
3.8000000000000003,0.7125926813049924
3.85,0.6941370982655465
3.9000000000000004,0.6762391763187713
3.95,0.6691472279117499
4.0,0.6733858051352504
4.05,0.6789057555753335
4.1000000000000005,0.6744726545925137
4.15,0.6584621846442112
4.2,0.6396678234428563
4.25,0.6289850659411858
4.3,0.6300272326660048
4.3500000000000005,0.6355925395582407
4.4,0.634169944713721
4.45,0.6211393606701314
4.5,0.6025734726654665
4.55,0.5890934544494042
4.6000000000000005,0.5867054708665183
4.65,0.5913209907926252
4.7,0.59217524520825
4.75,0.5823321426671395
4.800000000000001,0.5649637295837171
4.8500000000000005,0.5496399247102509
4.9,0.5439388865444083
4.95,0.5468074129703167
5.0,0.5490729660110983
5.050000000000001,0.5423163727789355
5.1000000000000005,0.5268865175613413
5.15,0.5107195640299678
5.2,0.5021276954808708
5.25,0.5027213318763782
5.300000000000001,0.5055068154492692
5.3500000000000005,0.5014753044456084
5.4,0.4884579304433884
5.45,0.4723903905819972
5.5,0.46155706860049933
5.550000000000001,0.4596512487053836
5.6000000000000005,0.4621409092640114
5.65,0.4602828518466983
5.7,0.449878687660084
5.75,0.4347097945345271
5.800000000000001,0.4224141622170883
5.8500000000000005,0.4180816352332952
5.9,0.41962049691199343
5.95,0.419277623534213
6.0,0.41143782054376676
6.050000000000001,0.39776660516772994
6.1000000000000005,0.384815655938628
6.15,0.3783834446104451
6.2,0.37853639413350626
6.25,0.37903105812728644
6.300000000000001,0.37350409802156553
6.3500000000000005,0.36170435590910494
6.4,0.34884092840207565
6.45,0.3408186266590355
6.5,0.33939683351876465
6.550000000000001,0.3401132633112417
6.6000000000000005,0.3365072714085374
6.65,0.32673296303806604
6.7,0.3145653500824795
6.75,0.3055571685397307
6.800000000000001,0.3026096544650396
6.8500000000000005,0.3030601327112785
6.9,0.30091225344145467
6.95,0.29312800303646147
7.0,0.2820884433691129
7.050000000000001,0.27270333784760237
7.1000000000000005,0.26847655932823333
7.15,0.26834504304487106
7.2,0.267189788238787
7.25,0.26121870520904344
7.300000000000001,0.251552784988646
7.3500000000000005,0.24232643710372706
7.4,0.23719963498166477
7.45,0.23635792732903832
7.5,0.23578711410626754
7.550000000000001,0.23136732103421664
7.6000000000000005,0.22315127802490645
7.65,0.2144907846375772
7.7,0.2088986319983755
7.75,0.20739376615156058
7.800000000000001,0.2071017356060643
7.8500000000000005,0.20394344810037884
7.9,0.1971224672935261
7.95,0.18927996048719348
8.0,0.1836358602324423
8.05,0.1816515329383612
8.1,0.1814608469495126
8.15,0.17929711226144854
8.200000000000001,0.17373553062963384
8.25,0.16681153866788564
8.3,0.16144432538379183
8.35,0.15924339433617535
8.4,0.15910826452435428
8.450000000000001,0.15773406152060987
8.5,0.1532680896419796
8.55,0.14724033194289993
8.6,0.14235420283099826
8.65,0.14021258622005262
8.700000000000001,0.14019995915907527
8.75,0.13949601025634906
8.8,0.1359807972785679
8.85,0.13075025006484797
8.9,0.12641309371888296
8.950000000000001,0.12455703908699817
9.0,0.12480842695359232
9.05,0.1247476998843926
9.1,0.12209271005051542
9.15,0.11753682089629626
9.200000000000001,0.11369669834015175
9.25,0.11225478913237039
9.3,0.11293519117053766
9.35,0.11357175582005977
9.4,0.11176086348620196
9.450000000000001,0.1077838803526015
9.5,0.10430834138930764
9.55,0.10328677909883491
9.600000000000001,0.10452970397845421
9.65,0.1059714945781097
9.700000000000001,0.10506648135421782
9.75,0.10163865113613943
9.8,0.09836783243546326
9.850000000000001,0.0976530189888402
9.9,0.09951191318046773
9.950000000000001,0.10188108604563516
10.0,0.10200911742545785
10.05,0.09918933585572323
10.100000000000001,0.09599203856431734
10.15,0.09537923674301971
10.200000000000001,0.09779498032988276
10.25,0.10118177963972294
10.3,0.10250894980715453
10.350000000000001,0.10044857663234004
10.4,0.09727091839265944
10.450000000000001,0.09651289109972087
10.5,0.09930434497482578
10.55,0.10372222575918304
10.600000000000001,0.10641653990090696
10.65,0.10534493989589691
10.700000000000001,0.1022433716657809
10.75,0.10110938833535485
10.8,0.10398972615543874
10.850000000000001,0.10934028504545346
10.9,0.11352867396947203
10.950000000000001,0.1137232574631632
11.0,0.11087703592910711
11.05,0.10921113748381121
11.100000000000001,0.11182776395298384
11.15,0.1178832411406425
11.200000000000001,0.12360840200731532
11.25,0.12535342555375295
11.3,0.12305524758272546
11.350000000000001,0.12082333320274924
11.4,0.1228146500603427
11.450000000000001,0.12922322601693226
11.5,0.13640701230347732
11.55,0.13994628173697335
11.600000000000001,0.13857305026920144
11.65,0.13589083471420688
11.700000000000001,0.13694994142787636
11.75,0.14326512074640146
11.8,0.15168538735542367
11.850000000000001,0.15717451255179302
11.9,0.15714268242893795
11.950000000000001,0.154280162661124
12.0,0.15421440196258782
12.05,0.15994525959340414
12.100000000000001,0.16923202225334533
12.15,0.1766961788692094
12.200000000000001,0.17840765902619815
12.25,0.17576960926971102
12.3,0.1745458225370947
12.350000000000001,0.17922079600344745
12.4,0.18887509300043426
12.450000000000001,0.1981783063185345
12.5,0.20196354492018878
12.55,0.20004903291610654
12.600000000000001,0.197817104496594
12.65,0.20105127959953506
12.700000000000001,0.21048650142067127
12.75,0.22131798892857543
12.8,0.22738287799272455
12.850000000000001,0.22672940007763998
12.9,0.22382041844143252
12.950000000000001,0.22537547173918077
13.0,0.2339768569834432
13.05,0.2458585746988752
13.100000000000001,0.2542414352546915
13.15,0.255360802967084
13.200000000000001,0.25226012632739286
13.25,0.25208735890720546
13.3,0.2592817707869486
13.350000000000001,0.27159881953921233
13.4,0.28214306818812257
13.450000000000001,0.2854566844605987
13.5,0.2827556745160766
13.55,0.2810154987324511
13.600000000000001,0.286341362046019
13.65,0.29839353441195915
13.700000000000001,0.31074055700655595
13.75,0.3165214188346622
13.8,0.3148541510418857
13.850000000000001,0.31190922835272294
13.9,0.31507616940774086
13.950000000000001,0.32614526965178503
14.0,0.339750280673299
14.05,0.3480782231257927
14.100000000000001,0.3480509092926136
14.15,0.3444340498410814
14.200000000000001,0.3453634062298008
14.25,0.3547878921966303
14.3,0.36895899345493977
14.350000000000001,0.3796945333791468
14.4,0.3818157454418366
14.450000000000001,0.37817698879777306
14.5,0.3770175088721511
14.55,0.38426427879911024
14.600000000000001,0.39822172436137543
14.65,0.4110023559263234
14.700000000000001,0.41562163592746204
14.75,0.41266123256914466
14.8,0.40977818918063524
14.850000000000001,0.4145014593754055
14.9,0.4274508248139478
14.950000000000001,0.4417116027844597
15.0,0.44897297524178476
15.05,0.4473681506372252
15.100000000000001,0.4433078987497144
15.15,0.4453871128878114
15.200000000000001,0.4565974123438485
15.25,0.47161502786258946
15.3,0.48143052013580767
15.350000000000001,0.4817640182052693
15.4,0.47719906211396634
15.450000000000001,0.47675117050912175
15.5,0.48562768706498954
15.55,0.5005841520788358
15.600000000000001,0.5126307217201456
15.65,0.5153284343841434
15.700000000000001,0.5109899832268872
15.75,0.5083554183411538
15.8,0.5144975510566147
15.850000000000001,0.5285565457548121
15.9,0.5422977050738416
15.950000000000001,0.5475815016308397
16.0,0.5441872341631308
16.05,0.5398926052881644
16.1,0.5431293762848614
16.150000000000002,0.5555159718139082
16.2,0.5702468016631038
16.25,0.5781072111534094
16.3,0.576291719028468
16.35,0.5709949802611202
16.400000000000002,0.5713944877537271
16.45,0.5814680032449295
16.5,0.5963792926796273
16.55,0.6065710272327152
16.6,0.6068254674923376
16.650000000000002,0.601250764630896
16.7,0.5991039644612087
16.75,0.6064145570663884
16.8,0.6206689285902802
16.85,0.6327302662646732
16.900000000000002,0.6353564665395608
16.95,0.630226078754681
17.0,0.6260089056560983
17.05,0.6303310918287626
17.1,0.6431418184849883
17.150000000000002,0.6564364792986003
17.2,0.6615193528339623
17.25,0.6574893993956192
17.3,0.6518096998045727
17.35,0.6531498506664575
17.400000000000002,0.6638522803990229
17.45,0.677629707468633
17.5,0.6850304088876936
17.55,0.6826356973843868
17.6,0.6761724398314677
17.650000000000002,0.6747515074982646
17.7,0.6828579787919092
17.75,0.6963252500828481
17.8,0.7056959065297029
17.85,0.7053078665971486
17.900000000000002,0.6987497323353697
17.95,0.694966080153467
18.0,0.7001979189177445
18.05,0.7125944632681188
18.1,0.7234133708378543
18.150000000000002,0.7252137334334076
18.2,0.7192028655161014
18.25,0.713582346619927
18.3,0.7158764763135728
18.35,0.7265419771055514
18.400000000000002,0.7381658407037487
18.45,0.7421376475788775
18.5,0.7372225798693591
18.55,0.7303636213173543
18.6,0.7298556144334138
18.650000000000002,0.7382823762963056
18.7,0.7500097666217665
18.75,0.7559462525466611
18.8,0.752546364615758
18.85,0.7450669169839652
18.900000000000002,0.7420559590650229
18.95,0.7479196157290698
19.0,0.7590578541500547
19.05,0.7665884591143575
19.1,0.7649710658968896
19.150000000000002,0.7574623605209925
19.200000000000003,0.7523657795757491
19.25,0.7555320883300397
19.3,0.7654588654046951
19.35,0.7740899478313974
19.400000000000002,0.7743604194307869
19.450000000000003,0.7673501891454249
19.5,0.7606555610730552
19.55,0.76116530859756
19.6,0.7693769622768706
19.650000000000002,0.7785428278223168
19.700000000000003,0.7806477346377356
19.75,0.7745735351883071
19.8,0.7667950575517016
19.85,0.764832766110106
19.900000000000002,0.7709734098299954
19.950000000000003,0.7800914741475637
20.0,0.7838342833798106
20.05,0.7790262587556922
20.1,0.7706696407810909
20.150000000000002,0.7665239391176865
20.200000000000003,0.7703931966401761
20.25,0.7789160495498082
20.3,0.7839840381096911
20.35,0.7806560465151476
20.400000000000002,0.772193349662694
20.450000000000003,0.766217120271272
20.5,0.7677583194651525
20.55,0.7752156696464965
20.6,0.7812154105702984
20.650000000000002,0.7794636515305359
20.700000000000003,0.7713170927957818
20.75,0.763893931208567
20.8,0.7631682226835445
20.85,0.7691934127403589
20.900000000000002,0.7756907165785454
20.950000000000003,0.7754994028176609
21.0,0.7680316762825499
21.05,0.7595523646530097
21.1,0.7567064363232844
21.150000000000002,0.7610452383932909
21.200000000000003,0.7676043008630957
21.25,0.7688580112400376
21.3,0.7623664211823444
21.35,0.7532158576246877
21.400000000000002,0.7484511805591887
21.450000000000003,0.7509542744889994
21.5,0.7571705430649304
21.55,0.7596724113058709
21.6,0.7543848534973332
21.650000000000002,0.7449370588576495
21.700000000000003,0.7384869455138049
21.75,0.7390909035826836
21.8,0.7446131878998439
21.85,0.7481071127367489
21.900000000000002,0.7441791634873337
21.950000000000003,0.7347963008812569
22.0,0.7269140184380491
22.05,0.7256178238341972
22.1,0.7301574322507326
22.150000000000002,0.7343514308783744
22.200000000000003,0.7318648722974208
22.25,0.7228959937679823
22.3,0.7138536126771035
22.35,0.7106980984523275
22.400000000000002,0.7140258365290651
22.450000000000003,0.7186130383039442
22.5,0.7175765939764825
22.55,0.7093529423798118
22.6,0.6994474602072233
22.650000000000002,0.6945034827121009
22.700000000000003,0.6964383865347061
22.75,0.7011124376059632
22.8,0.7014651890967389
22.85,0.6942907896049519
22.900000000000002,0.6838521494247359
22.950000000000003,0.6772202626699049
23.0,0.6776160388593359
23.05,0.6820790453051813
23.1,0.6836961794148283
23.150000000000002,0.6778344151236685
23.200000000000003,0.6672297733179553
23.25,0.6590504907503929
23.3,0.6577860991041506
23.35,0.6617494510064975
23.400000000000002,0.6644491220745276
23.450000000000003,0.6601073550239935
23.5,0.6497372913222682
23.55,0.6402076953894618
23.6,0.637187128236422
23.650000000000002,0.6403679932215939
23.700000000000003,0.643917691470815
23.75,0.6412324315017701
23.8,0.6315172086342086
23.85,0.6209075718002324
23.900000000000002,0.6160710003509059
23.950000000000003,0.6181891159586237
24.0,0.6223103629438497
24.05,0.6213350568952155
24.1,0.6126917261685877
24.150000000000002,0.6013554718632314
24.200000000000003,0.5947003226718712
24.25,0.5954802244965185
24.3,0.5998516764058006
24.35,0.6005482596571485
24.400000000000002,0.5933615884267015
24.450000000000003,0.581733374854667
24.5,0.5733405513265324
24.55,0.572523223560867
24.6,0.5767839489802427
24.650000000000002,0.5790183947891946
24.700000000000003,0.5736097536767534
24.75,0.5621892192032083
24.8,0.5522475155129083
24.85,0.5496128521211315
24.900000000000002,0.5533689674668194
24.950000000000003,0.5569106592833766
25.0,0.553509036722566
25.05,0.5428309713955768
25.1,0.5316523472083344
25.150000000000002,0.5270504412805057
25.200000000000003,0.5298887267018347
25.25,0.5344137789566894
25.3,0.5331322408001442
25.35,0.523726766260945
25.400000000000002,0.5117466661677035
25.450000000000003,0.5051327375395608
25.5,0.5066439093567041
25.55,0.5117434019772367
25.6,0.5125630758724282
25.650000000000002,0.5049111821618381
25.700000000000003,0.492671053141572
25.75,0.4841367111611238
25.8,0.4839487684149124
25.85,0.48914372310244
25.900000000000002,0.4919063026584942
25.950000000000003,0.4863965522323148
26.0,0.4745092983433253
26.05,0.46430247699093774
26.1,0.4621215175434108
26.150000000000002,0.4668866922044973
26.200000000000003,0.47129590135153465
26.25,0.46818741198733693
26.3,0.45728978826506317
26.35,0.44581725797875743
26.400000000000002,0.44147022579860845
26.450000000000003,0.44526798433289755
26.5,0.45090045763599895
26.55,0.45029585741648
26.6,0.4409940058846262
26.650000000000002,0.42880347040604144
26.700000000000003,0.42227535435115776
26.75,0.4245989395009466
26.8,0.43092523255314213
26.85,0.43275571073054436
26.900000000000002,0.42557082767382487
26.950000000000003,0.4133134250015559
27.0,0.4047711637566229
27.05,0.4051940744537767
27.1,0.4116104869143785
27.150000000000002,0.4156338314061467
27.200000000000003,0.41095439044118764
27.25,0.3993319551043674
27.3,0.3891289397611316
27.35,0.38735453576182816
27.400000000000002,0.3932256513794725
27.450000000000003,0.3990374754594264
27.5,0.3970829122318968
27.55,0.3867868159324477
27.6,0.37544508099715634
27.650000000000002,0.37134885326613215
27.700000000000003,0.37605904545277147
27.75,0.3831171077040353
27.8,0.38391597569274655
27.85,0.3755653264058746
27.900000000000002,0.3637364675195261
27.950000000000003,0.35739330320447965
28.0,0.3604032105502059
28.05,0.36806440435530396
28.1,0.3714482932851288
28.150000000000002,0.36553475712997147
28.200000000000003,0.35394430288354756
28.25,0.34563480371989175
28.3,0.34653657629903756
28.35,0.3541053739117674
28.400000000000002,0.3597186720547798
28.450000000000003,0.3565635645955221
28.5,0.3459461039259047
28.55,0.33613929435864626
28.6,0.33470301898946886
28.650000000000002,0.34148870985904134
28.700000000000003,0.34881356941903907
28.75,0.34854073044507966
28.8,0.33957409359856705
28.85,0.3288878880636802
28.900000000000002,0.32509167534846795
28.950000000000003,0.3304698232540964
29.0,0.33886513415130115
29.05,0.34139105592406915
29.1,0.33463726577315217
29.150000000000002,0.32378182818486834
29.200000000000003,0.31781987506590953
29.25,0.32129155441081964
29.3,0.3300439392034323
29.35,0.33508507512181396
29.400000000000002,0.33094401218739344
29.450000000000003,0.3206557338421527
29.5,0.3129220159856215
29.55,0.3141632636420033
29.6,0.32254683998367506
29.650000000000002,0.329643054832475
29.700000000000003,0.32832242927042776
29.75,0.31929717506723193
29.8,0.31034651140611885
29.85,0.3092406690323003
29.900000000000002,0.31658068312338644
29.950000000000003,0.3251331670597259
30.0,0.3266361146830602
30.05,0.3194696377054902
30.1,0.3099616688898085
30.150000000000002,0.306609196112333
30.200000000000003,0.31234303728091617
30.25,0.32166429854715184
30.3,0.3257941921751403
30.35,0.3209356085533539
30.400000000000002,0.31156979861156603
30.450000000000003,0.3062735090886888
30.5,0.3100016883312213
30.55,0.31937418165029646
30.6,0.32575521623313014
30.650000000000002,0.32347683187845766
30.700000000000003,0.31492739955448645
30.75,0.3081551856366091
30.8,0.3096751900879209
30.85,0.318413743559467
30.900000000000002,0.32652530235185323
30.950000000000003,0.32690960134664965
31.0,0.31976830556647157
31.05,0.31209923553776464
31.1,0.31141707792149653
31.150000000000002,0.31892889276924413
31.200000000000003,0.3281512239302621
31.25,0.3310940049798023
31.3,0.3258264006154915
31.35,0.3178886106067856
31.400000000000002,0.31520622914089913
31.450000000000003,0.32104139954385014
31.5,0.33070937840042036
31.55,0.3359370572707524
31.6,0.3328549349024993
31.650000000000002,0.3252644078826462
31.700000000000003,0.32094516485386715
31.75,0.324830969999086
31.8,0.33429161217829295
31.85,0.34139040324451686
31.900000000000002,0.34064041732879835
31.950000000000003,0.3339485175040526
32.0,0.3284668677322549
32.050000000000004,0.3303208758920565
32.1,0.3389890547597439
32.15,0.3474436591161988
32.2,0.3490102473207119
32.25,0.3436652432812587
32.300000000000004,0.3375491735266188
32.35,0.33746938761856055
32.4,0.34487539703376335
32.45,0.3541145166529127
32.5,0.3578343733039425
32.550000000000004,0.3541589389974115
32.6,0.34793436702931946
32.65,0.34616863126253355
32.7,0.35199138584923234
32.75,0.3614366541119541
32.800000000000004,0.36702206875998716
32.85,0.36520577332705273
32.9,0.3593506744049376
32.95,0.3562513574002776
33.0,0.360332535917693
33.050000000000004,0.36944645193692305
33.1,0.3765152693234923
33.15,0.3766190582383408
33.2,0.37153215074825374
33.25,0.36750466791373304
33.300000000000004,0.36984199209804836
33.35,0.3781696081452687
33.4,0.38627985598268216
33.45,0.38824881245702514
33.5,0.3842340443449428
33.550000000000004,0.37968835992374894
33.6,0.38040996120478465
33.65,0.38760896194226013
33.7,0.3962959821471701
33.75,0.39997709442753326
33.800000000000004,0.3972418930249415
33.85,0.3925546166707559
33.9,0.39188014254827364
33.95,0.39773503447924685
34.0,0.40654825255520366
34.050000000000004,0.41171096935066515
34.1,0.41037405152476814
34.15,0.4058655877711991
34.2,0.40406227158564484
34.25,0.4084808014854249
34.300000000000004,0.4170164300108521
34.35,0.42337479519758714
34.4,0.42347869582638104
34.45,0.4194060138958514
34.5,0.41674857789284037
34.550000000000004,0.4197418579161896
34.6,0.4276674041966368
34.65,0.4349030115763064
34.7,0.43642728044678125
34.75,0.43298929080995546
34.800000000000004,0.4297310450829764
34.85,0.43138234732242164
34.9,0.4384493142463068
34.95,0.446234056613665
35.0,0.44910674765820485
35.050000000000004,0.4464569042408047
35.1,0.44281615539893876
35.15,0.443245901438427
35.2,0.44928880497700324
35.25,0.45730564162941184
35.300000000000004,0.46141250401465744
35.35,0.4596726108240809
35.4,0.4558344002715103
35.45,0.4551696439945614
35.5,0.46009223353039846
35.550000000000004,0.46805147870067004
35.6,0.4732434766533368
35.65,0.4725137404562298
35.7,0.46864309330416504
35.75,0.46699843505471844
35.800000000000004,0.47075111021780164
35.85,0.47839964078279396
35.9,0.48449973292019216
35.95,0.48486232924197425
36.0,0.4811226079556964
36.050000000000004,0.4785962960624035
36.1,0.4811511803480789
36.15,0.4882728917033239
36.2,0.4950824701036592
36.25,0.4965984330570634
36.300000000000004,0.49316767526077565
36.35,0.4898524978646414
36.4,0.49118354188903707
36.45,0.4975913614833624
36.5,0.5048958228461116
36.550000000000004,0.507597097293857
36.6,0.5046764402666746
36.65,0.5006810072901061
36.7,0.5007553878469483
36.75,0.50627769796302
36.800000000000004,0.5138499109244317
36.85,0.5177293811389566
36.9,0.5155403348060581
36.95,0.5110135673428733
37.0,0.5097976969025056
37.050000000000004,0.5142642520555553
37.1,0.5218647465684733
37.15,0.5268668813967146
37.2,0.5256374212617456
37.25,0.5207882273185005
37.300000000000004,0.5182676492961703
37.35,0.521501081231985
37.4,0.5288748454004246
37.45,0.5348886017393456
37.5,0.5348308576478725
37.550000000000004,0.5299362468116173
37.6,0.5261446612077346
37.65,0.5279628695481537
37.7,0.5348344377476468
37.75,0.541688847146022
37.800000000000004,0.5429728493388313
37.85,0.5383706874418807
37.9,0.5334204426237088
37.95,0.5336525877637786
38.0,0.5397229399288471
38.050000000000004,0.5471850195441377
38.1,0.5499132506203507
38.15,0.5459795880105023
38.2,0.5400850013476148
38.25,0.5386000667685468
38.300000000000004,0.5435498618231671
38.35,0.5513245678987937
38.400000000000006,0.5555111467416233
38.45,0.5526255297181956
38.5,0.5461116368373795
38.550000000000004,0.5428546323137289
38.6,0.5463578119592848
38.650000000000006,0.5540906776709219
38.7,0.5596474228129736
38.75,0.558151956776179
38.800000000000004,0.5514443834612668
38.85,0.5464723339851963
38.900000000000006,0.5482220114710554
38.95,0.5555063900229824
39.0,0.5622364858719422
39.050000000000004,0.562395212375907
39.1,0.5559909505567169
39.150000000000006,0.5494997387649407
39.2,0.5492449784681038
39.25,0.555636677545294
39.300000000000004,0.5632357911037564
39.35,0.565200212435708
39.400000000000006,0.5596230748286394
39.45,0.5519573536914795
39.5,0.5495458508099424
39.550000000000004,0.5545877034804075
39.6,0.5626523938072151
39.650000000000006,0.5664372003803776
39.7,0.5621846572273181
39.75,0.5538261686992786
39.800000000000004,0.5492450251380069
39.85,0.5525023070523272
39.900000000000006,0.5605461747612446
39.95,0.5660171269134909
40.0,0.5635065032044853
40.050000000000004,0.5550404158328467
40.1,0.5484460931032407
40.150000000000006,0.5495509291471102
40.2,0.5570295461811979
40.25,0.5639037471287471
40.300000000000004,0.5634252872751221
40.35,0.5554885010315141
40.400000000000006,0.5472180787171502
40.45,0.545917824040106
40.5,0.5522633871213442
40.550000000000004,0.5601212846755379
40.6,0.5618037522419775
40.650000000000006,0.555022469494302
40.7,0.545581394598
40.75,0.541783406625505
40.800000000000004,0.5464488746505063
40.85,0.5547572143839513
40.900000000000006,0.5585491904705926
40.95,0.5534747210847906
41.0,0.5435005594713239
41.050000000000004,0.537304709570134
41.1,0.5398150002074762
41.150000000000006,0.5479601730913392
41.2,0.5536278343719762
41.25,0.5506793863202716
41.300000000000004,0.5408855967218787
41.35,0.532596834842274
41.400000000000006,0.5326020281569435
41.45,0.5399331930935107
41.5,0.5470736749613213
41.550000000000004,0.5464950693784272
41.6,0.537602429312374
41.650000000000006,0.5277186583420881
41.7,0.5250419400839554
41.75,0.5309224938502515
41.800000000000004,0.5389911466879072
41.85,0.5408256518304919
41.900000000000006,0.5334909017005962
41.95,0.5226656856675079
42.0,0.5173378274918157
42.050000000000004,0.521202171169475
42.1,0.5295518268737016
42.150000000000006,0.5336364467798238
42.2,0.5283876972151955
42.25,0.5173718691897282
42.300000000000004,0.5096449600170732
42.35,0.51105544911085
42.400000000000006,0.5189857015309
42.45,0.5249639768384934
42.5,0.5221506654013598
42.550000000000004,0.5117206163552707
42.6,0.502056566265544
42.650000000000006,0.5007537358913215
42.7,0.5075677150264108
42.75,0.5149187273437479
42.800000000000004,0.5146810381332773
42.85,0.5055635365307305
42.900000000000006,0.4945970106743058
42.95,0.4905354291309061
43.0,0.4956004236417591
43.050000000000004,0.5036811283079985
43.1,0.5059406273883968
43.150000000000006,0.4987440995823157
43.2,0.4872240079587904
43.25,0.48058701613810073
43.300000000000004,0.48339378158276103
43.35,0.4914915955260607
43.400000000000006,0.4959621473587556
43.45,0.4911226164423055
43.5,0.47983998639206044
43.550000000000004,0.47102924352111764
43.6,0.47124347222389823
43.650000000000006,0.47863572958381795
43.7,0.48485199074951835
43.75,0.4825989242613741
43.800000000000004,0.4723110632822293
43.85,0.4619107776061051
43.900000000000006,0.45940969389896225
43.95,0.4654258743062125
44.0,0.4727858223784908
44.050000000000004,0.4731298048450415
44.1,0.46449074357823517
44.150000000000006,0.4532107901992724
44.2,0.4480987434067121
44.25,0.4521803439702325
44.300000000000004,0.45999804677967093
44.35,0.462739271534862
44.400000000000006,0.456244712018804
44.45,0.44485044443511346
44.5,0.43744988199271656
44.550000000000004,0.4392018431429898
44.6,0.44676653724554694
44.650000000000006,0.4515211227184322
44.7,0.44747309628580517
44.75,0.43671166716422066
44.800000000000004,0.427529616498378
44.85,0.4267569109149287
44.900000000000006,0.4333940989550203
44.95,0.4396342735606097
45.0,0.43812727418728464
45.050000000000004,0.42866028646479437
45.1,0.41833460661651223
45.150000000000006,0.4150585006413662
45.2,0.4201881488920143
45.25,0.4272921309835306
45.300000000000004,0.4282194636148263
45.35,0.42056991365050733
45.400000000000006,0.40980303887748454
45.45,0.404253868168221
45.5,0.4074401571046123
45.550000000000004,0.4147476203594625
45.6,0.4178246565054028
45.650000000000006,0.41234300648107625
45.7,0.40183279966946933
45.75,0.39441959874069565
45.800000000000004,0.3954065356779123
45.85,0.40227550688616986
45.900000000000006,0.40707561710690504
45.95,0.40392630766667165
46.0,0.3943035310083579
46.050000000000004,0.38556476123143374
46.1,0.384292808045783
46.150000000000006,0.39015355412966646
46.2,0.3961524319335524
46.25,0.3953190841139084
46.300000000000004,0.3870990015509319
46.35,0.37764191828417204
46.400000000000006,0.3742428915863003
46.45,0.37864397697763796
46.5,0.3852684068430784
46.550000000000004,0.3865739705664834
46.6,0.3801263344335549
46.650000000000006,0.3705643125189605
46.7,0.3653350106720464
46.75,0.36797664018325366
46.800000000000004,0.3746540502276345
46.85,0.37779140938108613
46.900000000000006,0.37332945317974686
46.95,0.36422637040844463
47.0,0.35758501728098235
47.050000000000004,0.35833549054377983
47.1,0.3645406448486231
47.150000000000006,0.36910943022847964
47.2,0.36669540534961725
47.25,0.35852406011713844
47.300000000000004,0.35095677167391376
47.35,0.34984967386657057
47.400000000000006,0.35514467063804334
47.45,0.360690749990063
47.5,0.3602536585157705
47.550000000000004,0.3533717884984562
47.6,0.34537795007457395
47.650000000000006,0.3425905235192128
47.7,0.34665419476621834
47.75,0.35270898887359764
47.800000000000004,0.354069677426515
47.85,0.34871338975326716
47.900000000000006,0.3407585495227023
47.95,0.33657499571839256
48.0,0.3392182914366304
48.050000000000004,0.3453353958973597
48.1,0.3482348185543266
48.150000000000006,0.34452611324426874
48.2,0.33700879519498017
48.25,0.3317751676446142
48.300000000000004,0.33294050363367167
48.35,0.33872706318821744
48.400000000000006,0.3428547256115485
48.45,0.34081800639971577
48.5,0.334053323046263
48.550000000000004,0.32813228001192846
48.6,0.3278771723927585
48.650000000000006,0.3330173182490916
48.7,0.33803807391073704
48.75,0.33762033226676236
48.800000000000004,0.331839396862871
48.85,0.32557280756146584
48.900000000000006,0.3240410052647506
48.95,0.3283088471020381
49.0,0.3338869165527584
49.050000000000004,0.3349773693121846
49.1,0.33033830453546525
49.150000000000006,0.3240235136838861
49.2,0.32140949524398094
49.25,0.3246700544908872
49.300000000000004,0.33048927615941076
49.35,0.3329360019071006
49.400000000000006,0.3295406057067939
49.45,0.3234226077631411
49.5,0.31993685123593796
49.550000000000004,0.3221350803578099
49.6,0.32791417747235957
49.650000000000006,0.3315370186300554
49.7,0.3294471760070647
49.75,0.3237249910666244
49.800000000000004,0.31956722562705386
49.85,0.3207076222716009
49.900000000000006,0.3262090938368665
49.95,0.33080923699528025
50.0,0.33005869445444086
50.050000000000004,0.3249009534286598
50.1,0.32024653963481475
50.150000000000006,0.3203681837197842
50.2,0.32539974268662447
50.25,0.33076675193943605
50.300000000000004,0.33136621351682966
50.35,0.3269292196085232
50.400000000000006,0.3219303449993749
50.45,0.32108363735168477
50.5,0.3254921898869252
50.550000000000004,0.33140898227649657
50.6,0.3333448208748495
50.650000000000006,0.3297865361161698
50.7,0.32458596914476856
50.75,0.32281726975616865
50.800000000000004,0.3264771557071761
50.85,0.332722868266323
50.900000000000006,0.33595140778728927
50.95,0.33343669460802455
51.0,0.32818850925454734
51.050000000000004,0.325537046562157
51.1,0.3283361413138955
51.150000000000006,0.3346865373391134
51.2,0.339126523192765
51.25,0.3378218396561213
51.300000000000004,0.33271174315575075
51.35,0.32921994095228585
51.400000000000006,0.3310485150749519
51.45,0.3372738901170865
51.5,0.3427994839284217
51.550000000000004,0.34285817186575995
51.6,0.33811631068229464
51.650000000000006,0.33385088529100626
51.7,0.33459816131186365
51.75,0.34045969904210954
51.800000000000004,0.3468954763949485
51.85,0.34843699571265957
51.900000000000006,0.34433822926514634
51.95,0.3394161163029435
52.0,0.33897794690610333
52.050000000000004,0.34422480683698825
52.1,0.351343334726511
52.150000000000006,0.3544308274544216
52.2,0.35128074347388727
52.25,0.3458921008071498
52.300000000000004,0.34419033576144037
52.35,0.34856080612570634
52.400000000000006,0.35608291159265043
52.45,0.36070328632733895
52.5,0.3588117061090587
52.550000000000004,0.3532324703098031
52.6,0.3502430852512091
52.650000000000006,0.3534732599710648
52.7,0.36107129456857534
52.75,0.367120933353757
52.800000000000004,0.36676740306113287
52.85,0.361356094666418
52.900000000000006,0.35714002042644283
52.95,0.35898228422287914
53.0,0.3662873813995729
53.050000000000004,0.3735651393199102
53.1,0.374962336661916
53.150000000000006,0.3701393617790351
53.2,0.36486816090709817
53.25,0.365119373047573
53.300000000000004,0.3717344027829037
53.35,0.37994236727902747
53.400000000000006,0.3832033258690807
53.45,0.3794149030783621
53.5,0.3733836260000073
53.550000000000004,0.371919835874977
53.6,0.3774398937371115
53.650000000000006,0.38619176406490735
53.7,0.3913056009219441
53.75,0.3889776466683316
53.800000000000004,0.38259941146631427
53.85,0.3794110997686693
53.900000000000006,0.3834525095238982
53.95,0.39228946072859816
54.0,0.3991084415497045
54.050000000000004,0.39859756746118286
54.1,0.39237807232095906
54.150000000000006,0.38759823031101237
54.2,0.3898351509757665
54.25,0.39824932758911485
54.300000000000004,0.40648825909654807
54.35,0.40803721811865723
54.400000000000006,0.40253152554494465
54.45,0.39644903815260274
54.5,0.39665424349240164
54.550000000000004,0.40412007895320323
54.6,0.413367671556529
54.650000000000006,0.41707133875090024
54.7,0.4128288063959795
54.75,0.405881738500387
54.800000000000004,0.4039657149765557
54.85,0.4099786669702772
54.900000000000006,0.41971983651084255
54.95,0.4255056663180178
55.0,0.4230110387771729
55.050000000000004,0.41575806680670785
55.1,0.41179911004233893
55.150000000000006,0.41592000373222887
55.2,0.42556789449987953
55.25,0.4331924432893777
55.300000000000004,0.432811511495572
55.35,0.42588395955407204
55.400000000000006,0.4201421182092818
55.45,0.4220433421995254
55.5,0.43097974561379826
55.550000000000004,0.4400408792088923
55.6,0.4419778908529989
55.650000000000006,0.43601854856537386
55.7,0.4289282920718345
55.75,0.42843617079245133
55.800000000000004,0.4360585761970305
55.85,0.44602170320099005
55.900000000000006,0.4502933844176024
55.95,0.445890635715385
56.0,0.43803064504880973
56.050000000000004,0.43515715352531165
56.1,0.44092969743036714
56.150000000000006,0.4511657322415791
56.2,0.4575940665295156
56.25,0.4552204128229631
56.300000000000004,0.447263057237576
56.35,0.44222029242602723
56.400000000000006,0.4457244830625408
56.45,0.455556937156773
56.5,0.4637804073870312
56.550000000000004,0.46374329208482135
56.6,0.4563901074795201
56.650000000000006,0.44958285874726384
56.7,0.4505625611938488
56.75,0.45932081380812045
56.800000000000004,0.4688220582567015
56.85,0.47123247834637494
56.900000000000006,0.46514440398288326
56.95,0.45713951161250144
57.0,0.45553388720998533
57.050000000000004,0.46260905737861646
57.1,0.4727558823808892
57.150000000000006,0.477517328163078
57.2,0.47324909650511865
57.25,0.46472429344826044
57.300000000000004,0.46068277106346306
57.35,0.4655817135978514
57.400000000000006,0.47567791818786964
57.45,0.4824954309265415
57.5,0.48044235423587595
57.550000000000004,0.4721209496837953
57.6,0.465996160137837
57.650000000000006,0.4683882167711866
57.7,0.47773038271838675
57.75,0.4861374494226169
57.800000000000004,0.48650036621175086
57.85,0.47908054315272025
57.900000000000006,0.47139829561124175
57.95,0.4711490157288828
58.0,0.47908504222923576
58.050000000000004,0.48848479737184497
58.1,0.4912558619366341
58.150000000000006,0.48534399461761013
58.2,0.47675315802836576
58.25,0.4739397510179453
58.300000000000004,0.479924407395539
58.35,0.48964101645413655
58.400000000000006,0.4946100917388043
58.45,0.490666316070039
58.5,0.48187495413105763
58.550000000000004,0.47678003641038896
58.6,0.48042233661730205
58.650000000000006,0.4897581849197468
58.7,0.4965373762222784
58.75,0.49483910698159544
58.800000000000004,0.4865455104372644
58.85,0.4796286555864832
58.900000000000006,0.4807257718760352
58.95,0.48901990419400776
59.0,0.4970824396358013
59.050000000000004,0.4977083640820597
59.1,0.49053617708635167
59.150000000000006,0.4823863075733411
59.2,0.4809394389260093
59.25,0.48762248289423044
59.300000000000004,0.49635156687404225
59.35,0.4991856487529939
59.400000000000006,0.4936310391213249
59.45,0.48490595441379736
59.5,0.48111531510712524
59.550000000000004,0.485755964944291
59.6,0.4944990906676196
59.650000000000006,0.49925188148489685
59.7,0.49564808428648044
59.75,0.4870095416866764
59.800000000000004,0.481248377076132
59.85,0.4835866681522248
59.900000000000006,0.49171088058510537
59.95,0.49795417907887796
60.0,0.4964555059377175
60.050000000000004,0.4885086939500612
60.1,0.48127949345197746
60.150000000000006,0.48124288874385224
60.2,0.48818649328687536
60.25,0.4953969788333265
60.300000000000004,0.4959813671333345
60.35,0.48922625299612055
60.400000000000006,0.48110533662423344
60.45,0.47880531393752435
60.5,0.484121567869827
60.550000000000004,0.4917291129045256
60.6,0.49421612870481024
60.650000000000006,0.48901543486347837
60.7,0.48059401739692903
60.75,0.4763033688480568
60.800000000000004,0.479691968316003
60.85,0.4871285646981724
60.900000000000006,0.49120871998602317
60.95,0.48777396207641055
61.0,0.4796040796950764
61.050000000000004,0.47371812174998285
61.1,0.4750410821188028
61.150000000000006,0.48178650292051284
61.2,0.4870576429949029
61.25,0.48545162751346876
61.300000000000004,0.4780038348842559
61.35,0.4709914805083974
61.400000000000006,0.4702715265999014
61.45,0.47589199052536
61.5,0.4818989409745469
61.550000000000004,0.4820510724428014
61.6,0.4756879769316092
61.650000000000006,0.4680403626671391
61.7,0.4654422091398466
61.75,0.469618587408741
61.800000000000004,0.47589279451348326
61.85,0.47762276526719377
61.900000000000006,0.4725890427846548
61.95,0.46477356199212594
62.0,0.4605711559489246
62.050000000000004,0.46311391817937475
62.1,0.46921020648596357
62.150000000000006,0.47225595932083264
62.2,0.4686824246585543
62.25,0.46110845108760784
62.300000000000004,0.4556437493360819
62.35,0.4564931151091168
62.400000000000006,0.4620208838889418
62.45,0.46606765764061076
62.5,0.4639850102993056
62.550000000000004,0.4569846641508259
62.6,0.45062509403906265
62.650000000000006,0.44983679314387615
62.7,0.45448313798297973
62.75,0.45919138473184634
62.800000000000004,0.45854876098052394
62.85,0.4523725513072163
62.900000000000006,0.4454743844896182
62.95,0.443193787311833
63.0,0.4467364344918961
63.050000000000004,0.45176706324609983
63.1,0.4524513166776409
63.150000000000006,0.44727535979447586
63.2,0.4401586316365057
63.25,0.4365882493222921
63.300000000000004,0.4388970926342814
63.35,0.44393274935189564
63.400000000000006,0.44578588478822145
63.45,0.44172549438767145
63.5,0.4346631397149229
63.550000000000004,0.4300299271359644
63.6,0.43105747136610195
63.650000000000006,0.43581855997903485
63.7,0.43865227868662965
63.75,0.43577647020953897
63.800000000000004,0.4289967693785395
63.85,0.42352572028395485
63.900000000000006,0.4232886986435703
63.95,0.4275428877903644
64.0,0.4311502527553878
64.05,0.42949295155843414
64.10000000000001,0.42319117822944646
64.15,0.4170901567469427
64.2,0.41564653796771533
64.25,0.41921091133151345
64.3,0.42337551535306106
64.35000000000001,0.4229413775938494
64.4,0.4172946275590243
64.45,0.41075248043387136
64.5,0.40817938078417515
64.55,0.4109153720527891
64.60000000000001,0.4154182143451032
64.65,0.41618314422162256
64.7,0.4113622192405674
64.75,0.4045586547922144
64.8,0.40093675076587054
64.85000000000001,0.4027394884380058
64.9,0.40736338308274755
64.95,0.4092713804652713
65.0,0.4054452171582294
65.05,0.39856769660591473
65.10000000000001,0.3939763251751338
65.15,0.3947616216408545
65.2,0.39929278776638777
65.25,0.40225135770004516
65.3,0.399582184775315
65.35000000000001,0.3928431152392058
65.4,0.387367520445078
65.45,0.3870608940976168
65.5,0.3912877215682616
65.55,0.39516378854789186
65.60000000000001,0.39379403632483523
65.65,0.38744149666150496
65.7,0.3811902500858273
65.75,0.37972250392889306
65.8,0.38343239824155084
65.85000000000001,0.38804986483083637
65.9,0.38808398771413816
65.95,0.38240107033844684
66.0,0.37552848790949805
66.05,0.37284116778205173
66.10000000000001,0.3758175787437514
66.15,0.3809568568692509
66.2,0.38244216868135045
66.25,0.3777331710440486
66.3,0.3704595513354443
66.35000000000001,0.36652115815733016
66.4,0.3685438712941248
66.45,0.3739433360682578
66.5,0.3768536675510149
66.55,0.3734188186593569
66.60000000000001,0.36604123603680405
66.65,0.3608718866416843
66.7,0.3617238496159516
66.75,0.36708340989522964
66.8,0.37130824144553226
66.85000000000001,0.36941139861849126
66.9,0.3622997244121303
66.95,0.3559988930020951
67.0,0.3554819040759011
67.05,0.3604695969003549
67.10000000000001,0.36580988379212465
67.15,0.3656450123378421
67.2,0.35922127648117697
67.25,0.3519912604291416
67.3,0.3499507642810201
67.35000000000001,0.35421401982613215
67.4,0.36038479074192453
67.45,0.3620468768688596
67.5,0.3567500136397651
67.55,0.34890760369901413
67.60000000000001,0.34526402947666085
67.65,0.3484474823388198
67.7,0.35508680506327367
67.75,0.35855146509487795
67.8,0.35479279828878724
67.85000000000001,0.34676353215667743
67.9,0.34154481148917687
67.95,0.3433158581193575
68.0,0.34999991688429494
68.05,0.3551139871698698
68.10000000000001,0.35323066741068354
68.15,0.34552358740498845
68.2,0.33889159896650334
68.25,0.338973240363802
68.3,0.3452377084781501
68.35000000000001,0.35172123469533095
68.4,0.35193492195754006
68.45,0.34509998230501315
68.5,0.33736344706959037
68.55,0.3355716063230142
68.60000000000001,0.34093971754832686
68.65,0.3483985251854843
68.7,0.35078513868962463
68.75,0.3453591543055599
68.8,0.3369672801163528
68.85000000000001,0.33324736698364044
68.9,0.3372646641126641
68.95,0.34521223139334944
69.0,0.3496862045806034
69.05,0.34613553817814785
69.10000000000001,0.33765018947918
69.15,0.3321059963743692
69.2,0.3343805100918572
69.25,0.342267943386671
69.3,0.34858192268634686
69.35000000000001,0.3472504956651563
69.4,0.3392989778010982
69.45,0.332206766677657
69.5,0.33245153995360227
69.55,0.3397046056590271
69.60000000000001,0.3474635882372291
69.65,0.34853338240205406
69.7,0.3417479300810794
69.75,0.33355019186460483
69.8,0.331623111362997
69.85000000000001,0.3376850604844101
69.9,0.34637289100014523
69.95,0.3498414817046798
70.0,0.3447941891941652
70.05,0.33607084997245334
70.10000000000001,0.3320053599045954
70.15,0.33638346784437073
70.2,0.3453992976989231
70.25,0.3510759758021836
70.3,0.34821860057228765
70.35000000000001,0.3396376654388545
70.4,0.33365779069493096
70.45,0.3359702131170968
70.5,0.3446725626946962
70.55,0.35219205874332005
70.60000000000001,0.35180885652744814
70.65,0.34406253701099326
70.7,0.33657713271456424
70.75,0.3365952265984832
70.8,0.344351224552931
70.85000000000001,0.35320241300436017
70.9,0.35538144826542234
70.95,0.3491166553438125
71.0,0.34069084630371493
71.05,0.3383710883280702
71.10000000000001,0.3446080075761058
71.15,0.3541742651190539
71.2,0.35879934668260294
71.25,0.35455236173034077
71.3,0.3458581170777402
71.35000000000001,0.3413577538325176
71.4,0.34561312009683853
71.45,0.35522090609635826
71.5,0.3619833064646235
71.55,0.36012734327257306
71.60000000000001,0.35187906173450895
71.65,0.3455510329590465
71.7,0.3475166194915342
71.75,0.35648888160856224
71.8,0.3649159124713503
71.85000000000001,0.36562759565222397
71.9,0.3585114302287624
71.95,0.35087689709655023
72.0,0.3504312918152217
72.05,0.3581421398085937
72.10000000000001,0.36763862585804674
72.15,0.3708859680816171
72.2,0.3654926707060643
72.25,0.35719314968738364
72.3,0.3544177807974265
72.35000000000001,0.36034443597927945
72.4,0.37024289518795733
72.45,0.37579408812517884
72.5,0.3725641999123209
72.55,0.3642989752523011
72.60000000000001,0.3594738542946088
72.65,0.36324135079842634
72.7,0.37285680188715087
72.75,0.38030674729844405
72.8,0.37949435484637917
72.85000000000001,0.3719515617908956
72.9,0.3655295618289327
72.95,0.3669434062800855
73.0,0.3756288010900293
73.05,0.3844390595136607
73.10000000000001,0.3860968686972914
73.15,0.379887685124893
73.2,0.3724495025211829
73.25,0.37151189821379194
73.3,0.3787100673446233
73.35000000000001,0.38825760290668876
73.4,0.3922426931116607
73.45,0.3878471964132701
73.5,0.3800424848794502
73.55,0.37694909303910346
73.60000000000001,0.3822369015748487
73.65,0.39186720862138363
73.7,0.39786429581620836
73.75,0.39559502204057817
73.8,0.38807766575528274
73.85000000000001,0.38319423423473353
73.9,0.38631465387858477
73.95,0.39539513615453376
74.0,0.40295284107164125
74.05,0.4029386571935105
74.10000000000001,0.39630508038171947
74.15,0.39012627437722786
74.2,0.3910046295874232
74.25,0.39897424758234806
74.3,0.4075496039921871
74.35000000000001,0.4097391086068083
74.4,0.40447763227634426
74.45,0.39757338784392887
74.5,0.39631538231667246
74.55,0.40272662987503893
74.60000000000001,0.4117334319085203
74.65,0.41591455226212515
74.7,0.41237134285486055
74.75,0.40532824859658206
74.8,0.40219955085610914
74.85000000000001,0.4067489996608208
74.9,0.4156060941708251
74.95,0.4214372649838409
75.0,0.4198010571479993
75.05,0.4131670174243528
75.10000000000001,0.408556885786409
75.15,0.4111011461748234
75.2,0.4192771355097499
75.25,0.42632534127349747
75.3,0.42662977661053775
75.35000000000001,0.4208692553799686
75.4,0.415243328923828
75.45,0.4157985500252278
75.5,0.42284956361470133
75.55,0.43063114318215445
75.60000000000001,0.4327710943151336
75.65,0.4282357883830203
75.7,0.4220850577645859
75.75,0.4208100610969539
75.8,0.42640747869369466
75.85000000000001,0.4344283794648371
75.9,0.4381854964635144
75.95,0.4351019802071848
76.0,0.4288954978928631
76.05,0.42606105206207473
76.10000000000001,0.43000660609104124
76.15,0.43779935637870854
76.2,0.4428722328229504
76.25,0.4413448497732982
76.3,0.43549269198120855
76.35000000000001,0.43144177173785636
76.4,0.43366855858763764
76.45,0.4408235147902536
76.5,0.4468588470667817
76.55,0.44688376212779224
76.60000000000001,0.4417142993395031
76.65,0.43681979134830307
76.7,0.43737943651524935
76.75,0.44356802858648525
76.80000000000001,0.4501903037671337
76.85000000000001,0.4516756966991111
76.9,0.4474279675155398
76.95,0.44205465097060703
77.0,0.4410929884360122
77.05000000000001,0.44608103470370625
77.10000000000001,0.45291914189884475
77.15,0.4557070116482195
77.2,0.4525357969008833
77.25,0.44701230180403106
77.30000000000001,0.4447379772512197
77.35000000000001,0.4483879437934889
77.4,0.455097487411911
77.45,0.45898395646502205
77.5,0.456972894990089
77.55000000000001,0.4515768909837623
77.60000000000001,0.4482286930840589
77.65,0.4504911400920005
77.7,0.45677128016921487
77.75,0.46152392088106425
77.80000000000001,0.4607012696396313
77.85000000000001,0.45565792703464764
77.9,0.45147688672201813
77.95,0.4523731186973339
78.0,0.45797680154892284
78.05000000000001,0.463348735246395
78.10000000000001,0.4637012005288267
78.15,0.45919183182574264
78.2,0.4544029745722425
78.25,0.45400267871016925
78.30000000000001,0.4587394947391023
78.35000000000001,0.4644805489567987
78.4,0.4659625125262128
78.45,0.4621381297818413
78.5,0.45694436482272477
78.55000000000001,0.4553432324831247
78.60000000000001,0.45907503976190944
78.65,0.464940172470403
78.7,0.467477811239175
78.75,0.464471746015678
78.80000000000001,0.4590592499907555
78.85000000000001,0.45636174262305124
78.9,0.458992551962036
78.95,0.46474741414689724
79.0,0.46823890782891564
79.05000000000001,0.4661737486999189
79.10000000000001,0.46072514692897504
79.15,0.45703645187737185
79.2,0.45849953067427524
79.25,0.46392287037640406
79.30000000000001,0.4682366730218278
79.35000000000001,0.4672231196763177
79.4,0.4619326593669891
79.45,0.4573615968851596
79.5,0.457607798672696
79.55000000000001,0.46249072270464875
79.60000000000001,0.46746373371037375
79.65,0.46759169922077
79.7,0.4626761108813315
79.75,0.4573477723854394
79.80000000000001,0.4563392525548832
79.85000000000001,0.46048220102339005
79.9,0.46591895728604055
79.95,0.46724348313748765
80.0,0.4629435279383497
80.05000000000001,0.4570174914177742
80.10000000000001,0.4547299666626424
80.15,0.45793935566719773
80.2,0.46361259423417933
80.25,0.4661382781281512
80.30000000000001,0.46270867790697956
80.35000000000001,0.4563966051836255
80.4,0.4528312271865559
80.45,0.4549185998491762
80.5,0.46057116277078314
80.55000000000001,0.4642387023952339
80.60000000000001,0.46192738541473544
80.65,0.4555033486804626
80.7,0.4507065041694428
80.75,0.45149320958884115
80.80000000000001,0.45684147597392205
80.85000000000001,0.4615189104654353
80.9,0.4605392893508863
80.95,0.4543375651802873
81.0,0.4484241646665306
81.05000000000001,0.4477537603533935
81.10000000000001,0.45249344910872885
81.15,0.4579733107611139
81.2,0.45847488077709936
81.25,0.45287287002917787
81.30000000000001,0.44604674593751253
81.35000000000001,0.44380550813366343
81.4,0.4476213799021318
81.45,0.45362384768147557
81.5,0.4556664653267217
81.55000000000001,0.4510540184369693
81.60000000000001,0.4436186141100551
81.65,0.43976208728266897
81.7,0.44234329082050267
81.75,0.4485249367316071
81.80000000000001,0.4520609339865209
81.85000000000001,0.448800635521077
81.9,0.4411545568243424
81.95,0.4357355848516844
82.0,0.43679779373410016
82.05000000000001,0.442765640519029
82.10000000000001,0.4476320462909356
82.15,0.44601704698616357
82.2,0.4386320441766502
82.25,0.4318239391485586
82.30000000000001,0.4311379547203813
82.35000000000001,0.4364689872622206
82.4,0.44239028153336823
82.45,0.44260661187880357
82.5,0.43598940256187413
82.55000000000001,0.4280974960377034
82.60000000000001,0.42552191894307767
82.65,0.4297884250529812
82.7,0.43638899637028
82.75,0.4384880569116425
82.80000000000001,0.43313103923364016
82.85000000000001,0.4245871936380961
82.9,0.4201006145983932
82.95,0.4229013725677111
83.0,0.4297263726152438
83.05000000000001,0.43361104111922516
83.10000000000001,0.42993939682102955
83.15,0.42127699867855906
83.2,0.4150035944318488
83.25,0.4159998370429803
83.30000000000001,0.4225432156732357
83.35000000000001,0.42796853582192174
83.4,0.4262918947290555
83.45,0.418102742645353
83.5,0.4103248174257249
83.55000000000001,0.40927826268482537
83.60000000000001,0.41501696783881004
83.65,0.42160440378367314
83.7,0.422080102428756
83.75,0.41495843301980795
83.80000000000001,0.4061107039363255
83.85000000000001,0.40291919041228896
83.9,0.4073523827737076
83.95,0.41461551335660907
84.0,0.4172280270216922
84.05000000000001,0.4117096732332048
84.10000000000001,0.40235290120704353
84.15,0.3970778866685197
84.2,0.39976932208391813
84.25,0.4071485433431327
84.30000000000001,0.41170672486037907
84.35000000000001,0.4082123796447835
84.4,0.39898773367831053
84.45,0.39186768712716563
84.5,0.39248823989693704
84.55000000000001,0.39939215073455775
84.60000000000001,0.40554330829917795
84.65,0.4043339118151558
84.7,0.39590329366915444
84.75,0.3873482100704302
84.80000000000001,0.3857141939192762
84.85000000000001,0.3915653825837126
84.9,0.3988235208584827
84.95,0.39997329919964403
85.0,0.3929537467694987
85.05000000000001,0.3835186341242425
85.10000000000001,0.37962063008620617
85.15,0.38390324678203913
85.2,0.3916880748417293
85.25,0.39507753173782145
85.30000000000001,0.3899790163749509
85.35000000000001,0.3803177768312227
85.4,0.3743346144927802
85.45,0.37664038439754866
85.5,0.38432365342111013
85.55000000000001,0.3896517605380842
85.60000000000001,0.3868269370502168
85.65,0.37763175236822
85.7,0.3699254665491396
85.75,0.36999391950757177
85.80000000000001,0.37694981356501833
85.85000000000001,0.38376244679421
85.9,0.38337450142093393
85.95,0.37530869310822484
86.0,0.3663987141649432
86.05000000000001,0.36414680745202516
86.10000000000001,0.3698030879162804
86.15,0.3775336603903545
86.2,0.3795450740863085
86.25,0.3731786905818229
86.30000000000001,0.36369682856282814
86.35000000000001,0.35923327215850226
86.4,0.3631195475559955
86.45,0.37113758744480224
86.5,0.3753193154019729
86.55000000000001,0.3710760872407922
86.60000000000001,0.36170729652836825
86.65,0.3553280781884829
86.7,0.3571170947811706
86.75,0.36478074508620695
86.80000000000001,0.37073878724469816
86.85000000000001,0.3688607997640898
86.9,0.3602773932333536
86.95,0.3524412766256543
87.0,0.35197884992611306
87.05000000000001,0.35868748882299006
87.10000000000001,0.36590245702000324
87.15,0.36643559212443594
87.2,0.35923379807249023
87.25,0.3505195909347456
87.30000000000001,0.3478391244624726
87.35000000000001,0.3530823057973637
87.4,0.36095726880671863
87.45,0.36375707067357355
87.5,0.3584042622325514
87.55000000000001,0.34945476187462304
87.60000000000001,0.34477351744004925
87.65,0.3481722829510683
87.7,0.3560844563544086
87.75,0.36083940534762166
87.80000000000001,0.3576381423570331
87.85000000000001,0.3490980746071406
87.9,0.34279450339980483
87.95,0.34413110338197717
88.0,0.3514833660632579
88.05000000000001,0.35775105302877314
88.10000000000001,0.35682287230148035
88.15,0.3492791890407255
88.2,0.3418534011020833
88.25,0.3410859345992573
88.30000000000001,0.3473544067987128
88.35000000000001,0.3546057503776377
88.4,0.35589429427396324
88.45,0.3498265727783278
88.5,0.34184881500537295
88.55000000000001,0.33910853331790053
88.60000000000001,0.3438825363645326
88.65,0.3515495685675058
88.7,0.3548399898819935
88.75,0.35058652678060565
88.80000000000001,0.34264063854120225
88.85000000000001,0.3382116833803204
88.9,0.34122254673454283
88.95,0.34874588949789326
89.0,0.35369601595477207
89.05000000000001,0.3514380994302724
89.10000000000001,0.34406772154557563
89.15,0.3383516144132523
89.2,0.3394873302355622
89.25,0.34635993512719376
89.30000000000001,0.3525384342295031
89.35000000000001,0.35230204640508134
89.4,0.3459665981006991
89.45,0.339436305865088
89.5,0.3387402197828248
89.55000000000001,0.3445441682837382
89.60000000000001,0.35147152321678654
89.65,0.353143200954771
89.7,0.34818845805431137
89.75,0.34133866596475865
89.80000000000001,0.33899228395850606
89.85000000000001,0.34342563394022285
89.9,0.35061456332975677
89.95,0.3539668594502816
90.0,0.35061191445614287
90.05000000000001,0.34391269361532445
90.10000000000001,0.34020502671610486
90.15,0.34309616350781474
90.2,0.350088753625771
90.25,0.35481073652502104
90.30000000000001,0.35315000717786094
90.35000000000001,0.34701013020534227
90.4,0.3422982689761688
90.45,0.34360626085469725
90.5,0.3500053820976383
90.55000000000001,0.35573448542226854
90.60000000000001,0.35575108510111003
90.65,0.3504949854159634
90.7,0.34516216336336997
90.75,0.34496331386169127
90.80000000000001,0.3504560167029288
90.85000000000001,0.3568086856824752
90.9,0.3583944229800359
90.95,0.3542537528940801
91.0,0.34867150566006977
91.05000000000001,0.3471344219452287
91.10000000000001,0.3515052835182838
91.15,0.35810473306887214
91.2,0.3610823344725266
91.25,0.3582000490823013
91.30000000000001,0.35269999225296633
91.35000000000001,0.3500535565980782
91.4,0.3531867080697752
91.45,0.3596864813330036
91.5,0.3638309131607254
91.55000000000001,0.3622736093985893
91.60000000000001,0.35713202040959974
91.65,0.353632046958875
91.7,0.35550199943005
91.75,0.3616040074054418
91.80000000000001,0.36666132800497414
91.85000000000001,0.3664347660691005
91.9,0.3618701069272638
91.95,0.35777068245826465
92.0,0.35842392688683067
92.05000000000001,0.36388961163028527
92.10000000000001,0.3695929782410648
92.15,0.3706563962493724
92.2,0.3668369370297792
92.25,0.36237127695743676
92.30000000000001,0.36190250485509473
92.35000000000001,0.36655610079650186
92.4,0.37263905389295127
92.45,0.37491563321295024
92.5,0.3719722495546195
92.55000000000001,0.3673455295828117
92.60000000000001,0.36587360211226116
92.65,0.3695974147280571
92.7,0.3758044205987001
92.75,0.3791873210354676
92.80000000000001,0.37722593064618015
92.85000000000001,0.37261951573431956
92.9,0.37026848306090143
92.95,0.37299159470981436
93.0,0.37908540738526064
93.05000000000001,0.383440416897924
93.10000000000001,0.38254951791954017
93.15,0.3781330741445167
93.2,0.3750223919391292
93.25,0.3767058433748434
93.30000000000001,0.3824710313723108
93.35000000000001,0.3876376010234932
93.4,0.3878885705702001
93.45,0.3838345268050143
93.5,0.3800802960807707
93.55000000000001,0.3807029877273461
93.60000000000001,0.38594532808855614
93.65,0.39173755351060713
93.7,0.39317796387619514
93.75,0.389672302092183
93.80000000000001,0.385398388548473
93.85000000000001,0.3849481566044023
93.9,0.38949059232970623
93.95,0.39569890725504675
94.0,0.39834125665868764
94.05000000000001,0.3955858288246758
94.10000000000001,0.39094084753239106
94.15,0.3894141316941739
94.2,0.39309131459910035
94.25,0.3994848348457324
94.30000000000001,0.40329416051570055
94.35000000000001,0.40149828853613245
94.4,0.3966724721065576
94.45,0.394083825969852
94.5,0.3967383646689749
94.55000000000001,0.4030674723480941
94.60000000000001,0.40795115626209766
94.65,0.407313362888185
94.7,0.40254889732580856
94.75,0.39894877911203025
94.80000000000001,0.40043261011460635
94.85000000000001,0.40643172781273085
94.9,0.4122337154953952
94.95,0.41291710841918094
95.0,0.4085068504995176
95.05000000000001,0.4040033858610774
95.10000000000001,0.40418685655717507
95.15,0.40957826120485075
95.2,0.41607849070092773
95.25,0.418184827932668
95.30000000000001,0.41445710655250284
95.35000000000001,0.4092356159499018
95.4,0.4080249649935293
95.45,0.4125254336722511
95.5,0.41944416015475494
95.55000000000001,0.4229916550756031
95.60000000000001,0.42028232702751533
95.65,0.4146159940021038
95.7,0.411977358689385
95.75,0.4153098334020223
95.80000000000001,0.4223161512966676
95.85000000000001,0.42722483104006975
95.9,0.425840913936814
95.95,0.420087314211602
96.0,0.4160728530278297
96.05000000000001,0.41798475462870527
96.10000000000001,0.42470897092494847
96.15,0.43079547985090133
96.2,0.43097665350547637
96.25,0.42555773819099374
96.30000000000001,0.4203276730294133
96.35000000000001,0.4206159462808952
96.4,0.4266661536878223
96.45,0.4336480441980203
96.5,0.43553263921848573
96.55000000000001,0.4308994498431647
96.60000000000001,0.4247334333897389
96.65,0.42327420412948785
96.7,0.4282578581677639
96.75,0.4357662340049402
96.80000000000001,0.4393670863063966
96.85000000000001,0.4359539823175533
96.9,0.42924649183922775
96.95,0.42602496596763334
97.0,0.4295760079164161
97.05000000000001,0.43717509005560434
97.10000000000001,0.44236837858822864
97.15,0.44054393894564214
97.2,0.4337812308132042
97.25,0.42891585997579657
97.30000000000001,0.43072679685942145
97.35000000000001,0.43793932465435803
97.4,0.44446703207094257
97.45,0.4444894651136278
97.5,0.438209357165973
97.55000000000001,0.43196394233414137
97.60000000000001,0.43182052786597275
97.65,0.43815835147724613
97.7,0.4456430488516866
97.75,0.44762684468519914
97.80000000000001,0.442366277808643
97.85000000000001,0.43514490732799305
97.9,0.43295918325756744
97.95,0.43795841320757956
98.0,0.4459280850968644
98.05000000000001,0.4498262264340711
98.10000000000001,0.4460642304027485
98.15,0.4383866572305588
98.2,0.4342227521931131
98.25,0.4374821406320391
98.30000000000001,0.4454026705106281
98.35000000000001,0.451005785955833
98.4,0.4491104632886159
98.45,0.44156916467537116
98.5,0.435655981661187
98.55000000000001,0.43687592375495576
98.60000000000001,0.4441892024322184
98.65,0.4511404615094857
98.7,0.4513277194776269
98.75,0.4445315739104484
98.80000000000001,0.4372576609161143
98.85000000000001,0.4362757416096579
98.9,0.44244158319654686
98.95,0.45026449187902723
99.0,0.4525738394621571
99.05000000000001,0.44708616184743816
99.10000000000001,0.43897460312599235
99.15,0.43579254492050107
99.2,0.4403323214735487
99.25,0.4484680046699993
99.30000000000001,0.4527575438338948
99.35000000000001,0.4490374280939511
99.4,0.44070204031186305
99.45,0.43549877024121414
99.5,0.4380378786831304
99.55000000000001,0.4458886027957233
99.60000000000001,0.4518482908257982
99.65,0.45020354307077376
99.7,0.44229121469304905
99.75,0.43541789402888564
99.80000000000001,0.4357231488252427
99.85000000000001,0.4426991940388397
99.9,0.4498792701991895
99.95,0.4504369122603858
100.0,0.44356370031374176
100.05000000000001,0.4355189327020337
100.10000000000001,0.43352622657941897
100.15,0.43909330549815095
100.2,0.4469437590797619
100.25,0.44964081976531367
100.30000000000001,0.4443307096515048
100.35000000000001,0.43571735050819244
100.4,0.43154494170125685
100.45,0.43526901870146795
100.5,0.443185933124865
100.55000000000001,0.4477799271433623
100.60000000000001,0.4444146474650305
100.65,0.4358829585658677
100.7,0.4298268528514062
100.75,0.43141262448182555
100.80000000000001,0.4387876561355034
100.85000000000001,0.4448835948731315
100.9,0.44366971822421986
100.95,0.4358542253178055
101.0,0.4283643358935043
101.05000000000001,0.42768319171743097
101.10000000000001,0.43395281591168267
101.15,0.44104223676696463
101.2,0.44199858607976344
101.25,0.4354572336261374
101.30000000000001,0.4270959614698927
101.35000000000001,0.42419941305699727
101.4,0.4288906173644965
101.45,0.43639789456543654
101.5,0.439362877432007
101.55000000000001,0.4345266089195867
101.60000000000001,0.4259145325162438
101.65,0.42103019912008927
101.7,0.42379908201699135
101.75,0.43113074337947455
101.80000000000001,0.4357865007044771
101.85000000000001,0.43292534118290144
101.9,0.424681076705166
101.95,0.41819038788763685
102.0,0.41884994414808596
102.05000000000001,0.42544331570000266
102.10000000000001,0.43135202493844166
102.15,0.4305606377377481
102.2,0.42324300455899677
102.25,0.41564250719233753
102.30000000000001,0.4141761659850992
102.35000000000001,0.41954402765428306
102.4,0.4261913842751935
102.45,0.42739372884582544
102.5,0.4214538303879233
102.55000000000001,0.41330476155757756
102.60000000000001,0.40986331390681263
102.65,0.4136313186340179
102.7,0.42047274206799
102.75,0.4234427153738708
102.80000000000001,0.4191915302938144
102.85000000000001,0.4110644248025091
102.9,0.40594590454014684
102.95,0.40787952231205377
103.0,0.41438542670078365
103.05000000000001,0.4187788029729127
103.10000000000001,0.416372875017572
103.15,0.4087948329598815
103.2,0.4024094287063001
103.25,0.40242750519251086
103.30000000000001,0.4081245882751146
103.35000000000001,0.413517291290479
103.4,0.41296187649598665
103.45,0.406373454334586
103.5,0.3991980619857491
103.55000000000001,0.397371065348216
103.60000000000001,0.4018768455303826
103.65,0.4078052465434402
103.7,0.4089716421617194
103.75,0.40369827553648246
103.80000000000001,0.3962271675563646
103.85000000000001,0.39275995006996467
103.9,0.39580787917347593
103.95,0.4018078267974264
104.0,0.4044601593695717
104.05000000000001,0.40070006921774914
104.10000000000001,0.39339879941200445
104.15,0.38860000416688234
104.2,0.39005275356410946
104.25,0.3956948836981965
104.30000000000001,0.3995215232920618
104.35000000000001,0.39734894338156285
104.4,0.3906177797240703
104.45,0.38486034836332605
104.5,0.38470967048067123
104.55000000000001,0.38962896784281315
104.60000000000001,0.39427463632856175
104.65,0.39365472752964903
104.7,0.387805759769149
104.75,0.38148467846784256
104.80000000000001,0.379837757032181
104.85000000000001,0.38375543431020515
104.9,0.3888513752562452
104.95,0.389661952878332
105.0,0.38491106067276165
105.05000000000001,0.3784049615052527
105.10000000000001,0.3754592310060346
105.15,0.3781950915556018
105.2,0.3833857667102305
105.25,0.3854411295849156
105.30000000000001,0.3819129620272228
105.35000000000001,0.37555523580611144
105.4,0.37156579129805184
105.45,0.37303974718145494
105.5,0.37800507945212275
105.55000000000001,0.3810784735068977
105.60000000000001,0.3788202711378648
105.65,0.37288310818849285
105.7,0.3681283844124431
105.75,0.36835096708074383
105.80000000000001,0.37282318379389556
105.85000000000001,0.3766661082811005
105.9,0.37566518869856014
105.95,0.3703569677585618
106.0,0.3651087673483776
106.05000000000001,0.3641622319122396
106.10000000000001,0.36793619607744543
106.15,0.37229418198364544
106.2,0.372494389611974
106.25,0.367967834217278
106.30000000000001,0.36247076610978424
106.35000000000001,0.36048433388087986
106.4,0.36342033582341016
106.45,0.3680455506775389
106.5,0.36935962064386996
106.55000000000001,0.36572593119576247
106.60000000000001,0.36018903645983374
106.65,0.3573133015797909
106.7,0.35933197413045015
106.75,0.3639929780198939
106.80000000000001,0.36630989130652064
106.85000000000001,0.36365324473975225
106.9,0.35825356695329863
106.95,0.3546395055150493
107.0,0.35570987988132213
107.05000000000001,0.36019837507431995
107.10000000000001,0.3633866114699729
107.15,0.36177419603322303
107.2,0.35666906298897977
107.25,0.35245611466287996
107.30000000000001,0.352579524697511
107.35000000000001,0.3567135082728011
107.4,0.36062207780921435
107.45,0.36010688525089296
107.5,0.3554495163698825
107.55000000000001,0.3507649744945523
107.60000000000001,0.349958932223645
107.65,0.35358174907050827
107.7,0.3580408470438367
107.75,0.3586570533789777
107.80000000000001,0.3546094178211275
107.85000000000001,0.3495783791582473
107.9,0.3478650426567497
107.95,0.3508406488941818
108.0,0.3556629956896965
108.05000000000001,0.3574160629360405
108.10000000000001,0.3541539121305515
108.15,0.3489160720474999
108.2,0.3463191229003096
108.25,0.34852520742943205
108.30000000000001,0.35350814356205157
108.35000000000001,0.35636309044194503
108.4,0.3540704843733396
108.45,0.3487979400792129
108.5,0.34534962526940527
108.55000000000001,0.34667154815414153
108.60000000000001,0.35159934543940147
108.65,0.355470694130864
108.7,0.35432439582273145
108.75,0.34923398913564685
108.80000000000001,0.34499123143922883
108.85000000000001,0.34532035658029475
108.9,0.34996634863362786
108.95,0.35471225097173276
109.0,0.35485914886186776
109.05000000000001,0.35021400339901304
109.10000000000001,0.3452796000191473
109.15,0.3445190556990882
109.2,0.34864804780216474
109.25,0.35406958040670994
109.30000000000001,0.3556020222094749
109.35000000000001,0.35169955484998083
109.4,0.3462423953856171
109.45,0.34432153150190814
109.5,0.34769406991229546
109.55000000000001,0.3535393508031927
109.60000000000001,0.35647353780892455
109.65,0.35362062682345574
109.7,0.34788824232737975
109.75,0.344784457784356
109.80000000000001,0.34716526003889203
109.85000000000001,0.3531374194337725
109.9,0.35739891526908907
109.95,0.35587812148844905
110.0,0.3501960300683455
110.05000000000001,0.3459599301082884
110.10000000000001,0.3471325481376876
110.15,0.3529008354301403
110.2,0.35831931420512386
110.25,0.3583521947382101
110.30000000000001,0.35310723404428646
110.35000000000001,0.3478850650995524
110.4,0.3476734908110531
110.45,0.3528876096252027
110.5,0.3592009563422295
110.55000000000001,0.3609150653780244
110.60000000000001,0.3565235118362586
110.65,0.35057020144572587
110.7,0.34886590665140305
110.75,0.3531744232572455
110.80000000000001,0.3600408947094385
110.85000000000001,0.3634460187313816
110.9,0.3603108192004746
110.95,0.35398806429456553
111.0,0.35077853086276756
111.05000000000001,0.35385228428977106
111.10000000000001,0.3608689912078995
111.15,0.3658459793318577
111.2,0.3643099258047752
111.25,0.35806647930904717
111.30000000000001,0.35345940921394126
111.35000000000001,0.3550199544052904
111.4,0.36174630375551675
111.45,0.3680492969429677
111.5,0.36835184432085516
111.55000000000001,0.3626868160106818
111.60000000000001,0.35692361069229794
111.65,0.3567749855890837
111.7,0.362760399406165
111.75,0.3700311360352194
111.80000000000001,0.37227567225339486
111.85000000000001,0.36768934453271535
111.9,0.3611424877958974
111.95,0.35920254071853736
112.0,0.36401810702224136
112.05000000000001,0.3718098179984597
112.10000000000001,0.3759459195983378
112.15,0.37288532904072347
112.2,0.3660369096287838
112.25,0.3623627847627159
112.30000000000001,0.36563607085130034
112.35000000000001,0.37344433650930553
112.4,0.3792666223301123
112.45,0.37807429740149245
112.5,0.3714764985910364
112.55000000000001,0.36627834041388047
112.60000000000001,0.36772939298680796
112.65,0.37502782090183845
112.7,0.38219031147319
112.75,0.38306387083519805
112.80000000000001,0.3772859426793317
112.85000000000001,0.37092385249685944
112.9,0.37039881632545285
112.95,0.3766778976952863
113.0,0.38472097197090743
113.05000000000001,0.38768905806250964
113.10000000000001,0.3832581357745294
113.15,0.3762198623234235
113.2,0.3737173133493086
113.25,0.3785248131851303
113.30000000000001,0.3869111723606669
113.35000000000001,0.39182810233364995
113.4,0.38917254299872306
113.45,0.3820328120500252
113.5,0.37771747851073917
113.55000000000001,0.3806980467456887
113.60000000000001,0.38885430555901423
113.65,0.3954127317174773
113.7,0.39481613894109363
113.75,0.3881820901215413
113.80000000000001,0.38238155348302233
113.85000000000001,0.3833121529475921
113.9,0.39067322895461915
113.95,0.39843177629086823
114.0,0.40000377359502437
114.05000000000001,0.39445377460621717
114.10000000000001,0.3876360211173058
114.15,0.38645278637113095
114.2,0.39250658877558564
114.25,0.4009282730302236
114.30000000000001,0.4045949801711022
114.35000000000001,0.4006194382363686
114.4,0.3933523348341733
114.45,0.3901642105699007
114.5,0.3944939503889341
114.55000000000001,0.40299108799788114
114.60000000000001,0.40850498213071423
114.65,0.4064573767465046
114.7,0.3993544984470864
114.75,0.39443989358718723
114.80000000000001,0.39676073681458135
114.85000000000001,0.4047425755485815
114.9,0.4117087778327954
114.95,0.41177315535415243
115.0,0.4054330364819917
115.05000000000001,0.39921784086190765
115.10000000000001,0.39940401219019905
115.15,0.40632387345116405
115.2,0.4142383868417896
115.25,0.4164165322675791
115.30000000000001,0.41136368489698205
115.35000000000001,0.40438195947082956
115.4,0.4024803146922616
115.45,0.4078792599279456
115.5,0.4161743357165844
115.55000000000001,0.4202925509115022
115.60000000000001,0.4169282033239029
115.65,0.4097699584522998
115.7,0.40599691303162705
115.75,0.4095407801388327
115.80000000000001,0.4176330433615139
115.85000000000001,0.42336570122320916
115.9,0.4219342999491738
115.95,0.41518720248565877
116.0,0.40990785072881786
116.05000000000001,0.4114142298290045
116.10000000000001,0.4187519040959041
116.15,0.42565725846545605
116.2,0.4262318587761066
116.25,0.42042481791438424
116.30000000000001,0.4141158012426486
116.35000000000001,0.41356759106847385
116.4,0.4196736868851647
116.45,0.4272369258257148
116.5,0.4297234009140846
116.55000000000001,0.42527950600622894
116.60000000000001,0.4184800371487472
116.65,0.4160230648064799
116.7,0.4205315729566586
116.75,0.42821052332232246
116.80000000000001,0.43236780771845923
116.85000000000001,0.4295721804999291
116.9,0.4228298230091743
116.95,0.4187537857776647
117.0,0.4214359087982748
117.05000000000001,0.42870562168076615
117.10000000000001,0.43417751919292785
117.15,0.4331627998553979
117.2,0.4269815174887496
117.25,0.42168598964396
117.30000000000001,0.4224636261339144
117.35000000000001,0.4288568170682466
117.4,0.4352104175336138
117.45,0.43595953568515033
117.5,0.43075690979173
117.55000000000001,0.42470676233736804
117.60000000000001,0.4236512330662868
117.65,0.4287919751762297
117.7,0.43555820261591577
117.75,0.43792151483927116
117.80000000000001,0.4340000491747148
117.85000000000001,0.42767661032261695
117.9,0.4249921907175297
117.95,0.4286204247206252
118.0,0.43533319250122104
118.05000000000001,0.4390555308872058
118.10000000000001,0.4365901387059066
118.15,0.4304451613184454
118.2,0.4264392163292574
118.25,0.42842385118725246
118.30000000000001,0.4346552256051446
118.35000000000001,0.43940807210295657
118.4,0.43844887621094514
118.45,0.43286761983241967
118.5,0.427911510529573
118.55000000000001,0.4282505257240064
118.60000000000001,0.433639892829515
118.65,0.43905455220530004
118.7,0.4395417348976188
118.75,0.4348193934126783
118.80000000000001,0.4293061300686099
118.85000000000001,0.42811340937304543
118.9,0.43238888556608746
118.95,0.43808768433282586
119.0,0.43987381625185007
119.05000000000001,0.4362066649654687
119.10000000000001,0.4305118965135309
119.15,0.42799246556826814
119.2,0.43098293412843264
119.25,0.43660659279841224
119.30000000000001,0.43948181000666803
119.35000000000001,0.4369715356242402
119.4,0.43142361166214865
119.45,0.4278410897131568
119.5,0.42947765435931423
119.55000000000001,0.4347077063384722
119.60000000000001,0.4384240600813655
119.65,0.4370914922032661
119.7,0.4319541784897742
119.75,0.42759592148819314
119.80000000000001,0.42790254871246497
119.85000000000001,0.4324779345788826
119.9,0.4367706907533848
119.95,0.4365740874520509
120.0,0.4320426077941905
120.05000000000001,0.42718858245115965
120.10000000000001,0.42626329459064305
120.15,0.4299902456995999
120.2,0.4345952821347876
120.25,0.43544858487121163
120.30000000000001,0.4316567578841248
120.35000000000001,0.4265573206906825
120.4,0.4245471745624392
120.45,0.4273015848276826
120.5,0.4319689055606563
120.55000000000001,0.43375671127139837
120.60000000000001,0.4307907975440574
120.65,0.42565638628044183
120.7,0.42273101782278055
120.75,0.4244530485077407
120.80000000000001,0.42895667242019564
120.85000000000001,0.4315445101028206
120.9,0.42945851717299904
120.95,0.4244613316202315
121.0,0.42079042300002817
121.05000000000001,0.42147223688873636
121.10000000000001,0.4256164896569846
121.15,0.4288566898002881
121.2,0.4276844533016083
121.25,0.4229692834626978
121.30000000000001,0.41870853162816823
121.35000000000001,0.4183776007388035
121.4,0.4219995217841598
121.45,0.42573403666616105
121.5,0.42549512708130305
121.55000000000001,0.4211943684023277
121.60000000000001,0.4164824594505802
121.65,0.4151843012465888
121.7,0.4181518959105711
121.75,0.4222136716848246
121.80000000000001,0.4229124540149621
121.85000000000001,0.41915960363836785
121.9,0.4141258176953965
121.95,0.41191064849277165
122.0,0.41411733088290925
122.05000000000001,0.418331380725955
122.10000000000001,0.4199506548332689
122.15,0.4168873936012748
122.2,0.41166655457479145
122.25,0.40858375401036545
122.30000000000001,0.40994046356519437
122.35000000000001,0.4141250324384729
122.4,0.4166170223744869
122.45,0.41439107461759883
122.5,0.40914044041437925
122.55000000000001,0.4052428571943241
122.60000000000001,0.4056705594320746
122.65,0.40963819565381665
122.7,0.4129159653892096
122.75,0.4116696392434496
122.80000000000001,0.40658162730051156
122.85000000000001,0.4019390365974512
122.9,0.4013650173606607
122.95,0.4049233561377887
123.0,0.4088550952791355
123.05000000000001,0.4087069385634152
123.10000000000001,0.40401253279494975
123.15,0.3987307189426664
123.2,0.3970917379342667
123.25,0.40004443330755973
123.30000000000001,0.4044518697703882
123.35000000000001,0.4054755499013094
123.4,0.4014355853127826
123.45,0.3956754084207564
123.5,0.3929292381209947
123.55000000000001,0.39507844494454586
123.60000000000001,0.3997394521043285
123.65,0.4019444221713906
123.7,0.3988290221619374
123.75,0.3928191141812153
123.80000000000001,0.388963554497772
123.85000000000001,0.39011609166798816
123.9,0.3947708660538808
123.95,0.3980886431375607
124.0,0.39614802719386033
124.05000000000001,0.3901857522531021
124.10000000000001,0.38528154734729714
124.15,0.3852608082072102
124.2,0.38962103302034834
124.25,0.3938993670876286
124.30000000000001,0.39333127878880547
124.35000000000001,0.38776908417628286
124.4,0.381961101261375
124.45,0.38062564610441907
124.5,0.3843866649056384
124.55000000000001,0.3893921112271651
124.60000000000001,0.3903117815802381
124.65,0.385529401801332
124.7,0.3790596837195583
124.75,0.3763274153744693
124.80000000000001,0.37918412992081363
124.85000000000001,0.38461216086237465
124.9,0.3870299790052549
124.95,0.3833962323922533
125.0,0.3766034803013092
125.05000000000001,0.37247792758956505
125.10000000000001,0.37414532544119655
125.15,0.3796365140848554
125.2,0.38344677395518334
125.25,0.38127705785864485
125.30000000000001,0.3745796100827442
125.35000000000001,0.3691729027688741
125.4,0.3694114370340919
125.45,0.3745724133474324
125.5,0.3795542571363375
125.55000000000001,0.379070755758696
125.60000000000001,0.37293358761313405
125.65,0.3664799398021048
125.7,0.3651244400060257
125.75,0.36955287869385955
125.80000000000001,0.37538255304312623
125.85000000000001,0.3766835039829607
125.9,0.3715732694752069
125.95,0.3644276378755904
126.0,0.36141645109264153
126.05000000000001,0.364729734600875
126.10000000000001,0.3710020343583822
126.15,0.3740444592271623
126.2,0.37037922271052115
126.25,0.3629982308685197
126.30000000000001,0.3583975695901595
126.35000000000001,0.3602645206471473
126.4,0.3665209725003362
126.45,0.3711186784035013
126.5,0.36922011896249174
126.55000000000001,0.362125787473835
126.60000000000001,0.35614352282417244
126.65,0.3563175895745093
126.7,0.36207926878456714
126.75,0.3679154095675372
126.80000000000001,0.36797073379602824
126.85000000000001,0.36170113877084664
126.9,0.35468501881136844
126.95,0.3530357921682624
127.0,0.3578391525996
127.05000000000001,0.36449082842020625
127.10000000000001,0.36652965172113094
127.15,0.3615834149534148
127.2,0.354000956058234
127.25,0.350539483087011
127.30000000000001,0.35397370469556794
127.35000000000001,0.3609452705628396
127.4,0.3648339191719066
127.45,0.3616167346979302
127.5,0.35401736242030435
127.55000000000001,0.34891007415309444
127.60000000000001,0.3506539393599358
127.65,0.35741576249123863
127.7,0.362868568708564
127.75,0.3616495439257289
127.80000000000001,0.3546131021200578
127.85000000000001,0.348179823521772
127.9,0.34803514144478587
127.95,0.3540650472649693
128.0,0.36066995543884095
128.05,0.3615535986655497
128.1,0.3556321644619893
128.15,0.3483257497314635
128.20000000000002,0.3462433002148626
128.25,0.3510683528167503
128.3,0.3583229287875351
128.35,0.3612397191210127
128.4,0.3569010426416383
128.45000000000002,0.34926930838278614
128.5,0.3453627851594387
128.55,0.348599011761197
128.6,0.35595274475806193
128.65,0.36066813535551634
128.70000000000002,0.3582486768067828
128.75,0.3508827071406409
128.8,0.34542672930035034
128.85,0.3468138974698294
128.9,0.35371313538309135
128.95000000000002,0.3598523002221038
129.0,0.3595259370586647
129.05,0.35300158815264826
129.1,0.34641172348866056
129.15,0.34583962138387886
129.20000000000002,0.3517720743335059
129.25,0.35885618908912315
129.3,0.3606217608823702
129.35,0.3554425645795295
129.4,0.34823819328935623
129.45000000000002,0.34576056071946315
129.5,0.3502966346405707
129.55,0.35778606514197636
129.6,0.36147376577447404
129.65,0.35802310436966295
129.70000000000002,0.3507771445053968
129.75,0.3466099637599951
129.8,0.3494381098767544
129.85,0.35677827391489864
129.9,0.36207223337075056
129.95000000000002,0.3605807827501918
130.0,0.3538629124064614
130.05,0.3483654474907332
130.1,0.3493184141571645
130.15,0.35598479562695473
130.20000000000002,0.3624575318688671
130.25,0.3629890860355932
130.3,0.35731039073976517
130.35,0.3509499839802717
130.4,0.35001874606254085
130.45000000000002,0.35555813214098636
130.5,0.3627120330236137
130.55,0.3651676766760067
130.6,0.3609342830226167
130.65,0.3542388654657854
130.70000000000002,0.35157155070840107
130.75,0.35563681577296347
130.8,0.36294818876088497
130.85,0.3670861205460147
130.9,0.3645674882337741
130.95000000000002,0.35807219378168403
131.0,0.35395681559985614
131.05,0.35633256337743985
131.1,0.3632946008024282
131.15,0.3687612547878673
131.20000000000002,0.36807592692823615
131.25,0.3622713780535207
131.3,0.3571035315097318
131.35,0.3577199461548374
131.4,0.36388173526062434
131.45000000000002,0.37024936008279624
131.5,0.37136786932627824
131.55,0.3666572611407668
131.6,0.3608966256592023
131.65,0.3598293915055966
131.70000000000002,0.3648285803619596
131.75,0.37163489092669477
131.8,0.37439693628112547
131.85,0.37106711062028586
131.9,0.36518884529956114
131.95000000000002,0.362644284663039
132.0,0.3662311932611237
132.05,0.37301764736347337
132.1,0.3771591226751794
132.15,0.37536793746543873
132.20000000000002,0.36981611500614847
132.25,0.3661027566524142
132.3,0.36815383691424347
132.35,0.37450002870459076
132.4,0.37968515669812297
132.45000000000002,0.37946438910718466
132.5,0.3746141018391647
132.55,0.3701043111858551
132.6,0.37062328231964875
132.65,0.3761755776291552
132.70000000000002,0.382030051156622
132.75,0.3833005937796028
132.8,0.37943337937559707
132.85,0.3745207382133233
132.9,0.3736267784418624
132.95000000000002,0.3781195884841312
133.0,0.38426175931072193
133.05,0.3868565153146278
133.1,0.384150831598939
133.15,0.3792099226711066
133.20000000000002,0.37711405179064
133.25,0.38038223817564454
133.3,0.3864505102665826
133.35,0.3901403180165773
133.4,0.3886757389754298
133.45000000000002,0.38403044392388647
133.5,0.3810033673366274
133.55,0.3829845313691094
133.6,0.38865986425733107
133.65,0.39317872665754006
133.70000000000002,0.39295013451370664
133.75,0.38885455027246996
133.8,0.3851911140145896
133.85,0.3859172839931868
133.9,0.3909400026274907
133.95000000000002,0.39600733059450693
134.0,0.3969442065359639
134.05,0.3935773463925824
134.1,0.38956366504208134
134.15,0.38914329322516317
134.20000000000002,0.39332339025078217
134.25,0.39866232332082313
134.3,0.40064844933665883
134.35,0.39812082859031755
134.4,0.39400962900205955
134.45000000000002,0.39260263374895255
134.5,0.39582276236395786
134.55,0.40117450594583015
134.6,0.4040646974283926
134.65,0.4024325477222467
134.70000000000002,0.39843031855100874
134.75,0.3962206046163124
134.8,0.39843135245655537
134.85,0.40356574843307225
134.9,0.40719805046496305
134.95000000000002,0.4064798706521897
135.0,0.40274649743955887
135.05,0.3999172773631816
135.1,0.40112529150246656
135.15,0.40584765871118456
135.20000000000002,0.41005110863862243
135.25,0.41024172816791643
135.3,0.40690022858266406
135.35,0.4036170478335849
135.4,0.4038680426944178
135.45000000000002,0.4080220137508918
135.5,0.41262112935407863
135.55,0.41370013827184277
135.6,0.410851762882698
135.65,0.4072563199736963
135.70000000000002,0.40661649241035663
135.75,0.41008252219582547
135.8,0.4148999520396365
135.85,0.4168335894497791
135.9,0.41457258678148184
135.95000000000002,0.41078764158195163
136.0,0.4093279003219312
136.05,0.4120176119393186
136.1,0.41687601240081684
136.15,0.419613660945255
136.20000000000002,0.41803665893698716
136.25,0.41417930578584816
136.3,0.41196646092726896
136.35,0.4138140312907137
136.4,0.4185375571429934
136.45000000000002,0.42200529977715606
136.5,0.42121225235325344
136.55,0.41741048493442723
136.6,0.41450796957393554
136.65,0.41546099761549626
136.70000000000002,0.4198762417966037
136.75,0.4239702669254856
136.8,0.424056567251481
136.85,0.42046310262023945
136.9,0.41694121888153124
136.95000000000002,0.4169543848023298
137.0,0.4208905395164385
137.05,0.42547264018818415
137.1,0.42651447898910533
137.15,0.42331254996530576
137.20000000000002,0.4192653448781318
137.25,0.41830010287735825
137.3,0.42158865812231233
137.35,0.42648502181721815
137.4,0.42852169502299786
137.45000000000002,0.4259197373280857
137.5,0.4214832926094041
137.55,0.4195155856347329
137.6,0.42199080995818944
137.65,0.4269942195098721
137.70000000000002,0.4300115445985923
137.75,0.42822670570857657
137.8,0.42359263659453217
137.85,0.42062836842095064
137.9,0.4221306267242279
137.95000000000002,0.4270055349529717
138.0,0.4309238878336292
138.05,0.4301571661364584
138.1,0.42557586066292424
138.15,0.42167120716578443
138.20000000000002,0.42205530350305526
138.25,0.4265452397952758
138.3,0.4312143436457994
138.35,0.43162214471523286
138.4,0.4273925901244292
138.45000000000002,0.42267400189783544
138.5,0.4218238540508674
138.55,0.425661173277803
138.6,0.43086218819648797
138.65,0.4325297346340559
138.70000000000002,0.4289760131864193
138.75,0.4236537421360779
138.8,0.4215028610617674
138.85,0.42442154262049175
138.9,0.42987574760778996
138.95000000000002,0.43279710588661846
139.0,0.43023485991122784
139.05,0.4246045023864127
139.1,0.4211594358776804
139.15,0.4229119443279154
139.20000000000002,0.4282947208045021
139.25,0.43236257331298644
139.3,0.4310610596328617
139.35,0.425489900620665
139.4,0.4208517485866611
139.45000000000002,0.42123047388244744
139.5,0.42618942355157957
139.55,0.43119568551921356
139.6,0.4313419273460376
139.65,0.426240205322019
139.70000000000002,0.4206182976853062
139.75,0.41948073898117655
139.8,0.42365729043565503
139.85,0.42930385341156513
139.9,0.43097477885516855
139.95000000000002,0.4267554330026076
140.0,0.42046780953893037
140.05,0.41776278327977806
140.1,0.4208170617122133
140.15,0.4267347934507653
140.20000000000002,0.4298814559002302
140.25,0.42691452181547995
140.3,0.42037202211949964
140.35,0.4161623928436548
140.4,0.41780099782603575
140.45000000000002,0.4235747981715645
140.5,0.4280203943467394
140.55,0.4265893451223969
140.6,0.4202634154396332
140.65,0.4147398934066852
140.70000000000002,0.4147453745696214
140.75,0.4199433790493715
140.8,0.42539448160233856
140.85,0.4256613044030043
140.9,0.4200391618355802
140.95000000000002,0.41352014846004154
141.0,0.41177957414275757
141.05,0.4159850681554058
141.1,0.42205382020266385
141.15,0.42403775998106136
141.20000000000002,0.4195713480818522
141.25,0.412485790355314
141.3,0.4090143705052646
141.35,0.41185915679389484
141.4,0.41809340466234673
141.45000000000002,0.42166568841412605
141.5,0.41872219432832186
141.55,0.4115755559099936
141.6,0.4065304570274597
141.65,0.4077280389936556
141.70000000000002,0.41364641393819035
141.75,0.41854059992955855
141.8,0.41736193219854567
141.85,0.4106888812249344
141.9,0.4043687244291291
141.95000000000002,0.40374477841314904
142.0,0.40887420006570113
142.05,0.4147097015872223
142.1,0.41538647819380026
142.15,0.4096967604154372
142.20000000000002,0.4025240561593233
142.25,0.40004062912676475
142.3,0.403954121654298
142.35,0.41026929818891156
142.4,0.41273214530586766
142.45000000000002,0.40845758443044633
142.5,0.40094426795342736
142.55,0.396713504700012
142.6,0.3990662523385196
142.65,0.40535724682538493
142.70000000000002,0.409385294294459
142.75,0.4068356121616455
142.8,0.39953518226959694
142.85,0.3938186979550801
142.9,0.39437985432661526
142.95000000000002,0.40014177011191304
143.0,0.40538582952459523
143.05,0.40471917939922214
143.1,0.3981717738672413
143.15,0.39136333307903176
143.20000000000002,0.3900404682942045
143.25,0.39480806566535853
143.3,0.4008245290302708
143.35,0.4020358412521051
143.4,0.39671410833773024
143.45000000000002,0.3893058993267169
143.5,0.38615856316508407
143.55,0.3895440272837056
143.6,0.3958351111161637
143.65,0.39876230668963597
143.70000000000002,0.39502576595234906
143.75,0.3875616595116258
143.8,0.38280084874907017
143.85,0.38452618011765705
143.9,0.3905825051613936
143.95000000000002,0.3949280566206628
144.0,0.3929918999406802
144.05,0.3860137830787631
144.1,0.37998544732645684
144.15,0.3799067676013026
144.20000000000002,0.38524896772796224
144.25,0.3906126666707447
144.3,0.39053416432624627
144.35,0.384528937788546
144.4,0.3776819858343694
144.45000000000002,0.37580287285156
144.5,0.3800195528355874
144.55,0.385937818560297
144.6,0.38762041212412496
144.65,0.38297510707873067
144.70000000000002,0.37581718934267455
144.75,0.3722884849006063
144.8,0.3750681685906646
144.85,0.3810555859485407
144.9,0.3842681130169245
144.95000000000002,0.381238882537582
145.0,0.3742857313803471
145.05,0.36939043288439855
145.1,0.3705451862968198
145.15,0.37613476379057353
145.20000000000002,0.38054159161996765
145.25,0.37923957303537187
145.3,0.3729650949977522
145.35,0.36708897194444
145.4,0.36656739477722833
145.45000000000002,0.3713468491477589
145.5,0.37654416687094416
145.55,0.3769381431130166
145.6,0.37173231274809176
145.65,0.3653233951108753
145.70000000000002,0.36321101612106316
145.75,0.36685294161381854
145.8,0.3724068765883132
145.85,0.37434005005146564
145.9,0.3704799760643054
145.95000000000002,0.364002339075886
146.0,0.3605084486564517
146.05,0.36279247892521527
146.1,0.36827562808315195
146.15,0.37149220986769577
146.20000000000002,0.3691290101515926
146.25,0.3630175735981295
146.3,0.358449266161311
146.35,0.3592744613549182
146.4,0.3642984008504398
146.45000000000002,0.36847529795385764
146.5,0.3676363859870421
146.55,0.3622592694067398
146.6,0.35698566415367383
146.65,0.35637166917658125
146.70000000000002,0.3606137116643573
146.75,0.365393168001685
146.8,0.36599700277486175
146.85,0.36163030878838504
146.9,0.3560419570700274
146.95000000000002,0.3541182921540465
147.0,0.35734111903044763
147.05,0.36236127331399004
147.1,0.3642401371964017
147.15,0.36105732166880095
147.20000000000002,0.35552697875456407
147.25,0.3525112719354489
147.3,0.35457421481625284
147.35,0.3594956769395787
147.4,0.3624218193291553
147.45000000000002,0.36049680420800934
147.5,0.35534753917487805
147.55,0.351515398558298
147.6,0.3523763600365453
147.65,0.35690372543150545
147.70000000000002,0.36061503320914856
147.75,0.35993573629241615
147.8,0.3554207067030015
147.85,0.3510717372651649
147.9,0.3507793339392329
147.95000000000002,0.3546769404811715
148.0,0.3588996661534391
148.05,0.3593872758486165
148.1,0.35568280965725274
148.15,0.35110833861493346
148.20000000000002,0.34978499094349197
148.25,0.35288629575697283
148.3,0.3573537265967254
148.35,0.35888305891156147
148.4,0.35609371053948513
148.45000000000002,0.3515515822253242
148.5,0.3493698525195553
148.55,0.35157983898691314
148.6,0.35604671986863456
148.65,0.35846413355513485
148.70000000000002,0.35663594982101054
148.75,0.35233616449219823
148.8,0.3494922246802693
148.85,0.35078255909069167
148.9,0.3550354481094649
148.95000000000002,0.3581725042954487
149.0,0.35730950795493555
149.05,0.3534118587579369
149.1,0.3501009402070714
149.15,0.35049839586348963
149.20000000000002,0.354362052351671
149.25,0.35804474209016507
149.3,0.3581238759427037
149.35,0.35474580185523913
149.4,0.35114431925109985
149.45000000000002,0.35071423436957033
149.5,0.35405390358020666
149.55,0.3581083488023293
149.6,0.35908959472729013
149.65,0.3563200672479747
149.70000000000002,0.3525776412838186
149.75,0.3514055287661177
149.8,0.3541249402364728
149.85,0.3583808194354251
149.9,0.36021130725081074
149.95000000000002,0.35812541168462153
150.0,0.35436752011147954
150.05,0.3525428467428094
150.1,0.35457814606163673
150.15,0.35887082287168537
150.20000000000002,0.36148373575534926
150.25,0.3601530125808684
150.3,0.35649214187664063
150.35,0.3540982193569365
150.4,0.3554089411924182
150.45000000000002,0.359580704153167
150.5,0.3628910896502576
150.55,0.36238646847237355
150.6,0.358937268001272
150.65,0.35604991674822567
150.70000000000002,0.35660921551683017
150.75,0.36050956427672
150.8,0.3644095268768222
150.85,0.36479617587458907
150.9,0.36168898300923624
150.95000000000002,0.3583843382961519
151.0,0.3581715252802879
151.05,0.3616563873273693
151.1,0.36601167613044955
151.15,0.3673374796342149
151.20000000000002,0.3647250753631311
151.25,0.361094195298893
151.3,0.36009267219546015
151.35,0.36302291807931153
151.4,0.3676719885909298
151.45000000000002,0.3699529589182638
151.5,0.36800738947412776
151.55,0.3641730121501297
151.6,0.362375655591246
151.65,0.36461611804468264
151.70000000000002,0.36937179950896326
151.75,0.3725781885486839
151.8,0.37147731381820687
151.85,0.3676069726211001
151.9,0.36502901854530884
151.95000000000002,0.36644997514783667
152.0,0.3711033182826166
152.05,0.37514959119443025
152.1,0.37505580307341796
152.15,0.3713660032559703
152.20000000000002,0.36806300275949294
152.25,0.3685462510867116
152.3,0.3728721651777678
152.35,0.3776127154184778
152.4,0.3786482015104213
152.45000000000002,0.3753964317689937
152.5,0.3714826545054505
152.55,0.3709335607776472
152.6,0.37469837812433665
152.65,0.37992942806112046
152.70000000000002,0.382152986703355
152.75,0.37961739427684266
152.8,0.3752789156861793
152.85,0.3736441685184681
152.9,0.3766159254549368
152.95000000000002,0.3820829641835244
153.0,0.385472713507271
153.05,0.38392238724892946
153.1,0.37941953133136613
153.15,0.37670817382073735
153.20000000000002,0.3786706862435074
153.25,0.38408034422572673
153.3,0.388525097030468
153.35,0.38818617741812866
153.4,0.3838420353967892
153.45000000000002,0.38014534712794845
153.5,0.3809167150737895
153.55,0.3859521582231923
153.60000000000002,0.3912523427444933
153.65,0.3922760400115056
153.70000000000002,0.38845093544052367
153.75,0.3839556309542839
153.8,0.38341055949221914
153.85000000000002,0.3877500003261318
153.9,0.39362738213973214
153.95000000000002,0.3960653522218171
154.0,0.3931204658347954
154.05,0.38811002420373397
154.10000000000002,0.3862035793292772
154.15,0.3895418861123495
154.20000000000002,0.3956563922703014
154.25,0.39944715421959726
154.3,0.3977030908134687
154.35000000000002,0.3925439632335785
154.4,0.38933265250757365
154.45000000000002,0.3914058897970545
154.5,0.39737764695664973
154.55,0.4023454501419911
154.60000000000002,0.40204264653578053
154.65,0.39715519721384673
154.70000000000002,0.3928102523544415
154.75,0.39342215736569314
154.8,0.3988572003256332
154.85000000000002,0.40472263711782364
154.9,0.40598998818169235
154.95000000000002,0.40180745836745063
155.0,0.3966154637383482
155.05,0.39566352751971245
155.10000000000002,0.40018207823207474
155.15,0.4065822977106786
155.20000000000002,0.4094185217651276
155.25,0.4063400782179639
155.3,0.40068784595610146
155.35000000000002,0.3981852753103892
155.4,0.4014516122586187
155.45000000000002,0.407967422067593
155.5,0.4122371314970403
155.55,0.4105824085079002
155.60000000000002,0.40492595171647083
155.65,0.4010149296913425
155.70000000000002,0.4027674436836144
155.75,0.4089547376632545
155.8,0.41439866266788455
155.85000000000002,0.4143708397750269
155.9,0.40919168195641464
155.95000000000002,0.40414356226251125
156.0,0.40422270252602344
156.05,0.4096461205907749
156.10000000000002,0.415903061192126
156.15,0.4175656673704554
156.20000000000002,0.4133205829001706
156.25,0.40752021212389494
156.3,0.40589100429734903
156.35000000000002,0.4101580776955384
156.4,0.4167952332135852
156.45000000000002,0.4200651482682695
156.5,0.4171369431725236
156.55,0.41105101698572405
156.60000000000002,0.40781618091126026
156.65,0.41061016093204183
156.70000000000002,0.4171584383444137
156.75,0.4218147485325002
156.8,0.42047148363792064
156.85000000000002,0.41460406226508867
156.9,0.4100039672880555
156.95000000000002,0.4111130640350761
157.0,0.4171044341125425
157.05,0.4228105794006029
157.10000000000002,0.4231788571011596
157.15,0.4180199852598508
157.20000000000002,0.4124170470862843
157.25,0.41175715533077756
157.3,0.4167616561551029
157.35000000000002,0.42309707851690415
157.4,0.4251522350926946
157.45000000000002,0.42112720461854797
157.5,0.41497475907823456
157.55,0.41260232333026425
157.60000000000002,0.4162625737522678
157.65,0.42275985051984266
157.70000000000002,0.42633290423231984
157.75,0.4237596193921019
157.8,0.4175582736475275
157.85000000000002,0.4136701812221846
157.9,0.41573116859854903
157.95000000000002,0.4219150729951104
158.0,0.42671381963307753
158.05,0.42577404481413
158.10000000000002,0.42002118404302635
158.15,0.4149397707061369
158.20000000000002,0.41527136798828335
158.25,0.4206969803216266
158.3,0.42633717935091436
158.35000000000002,0.4270646890400113
158.4,0.4222043978142124
158.45000000000002,0.4163477892404384
158.5,0.41495725356107616
158.55,0.4192447728343513
158.60000000000002,0.42528701578817363
158.65,0.4275726029586604
158.70000000000002,0.4239532587590007
158.75,0.4177939328329164
158.8,0.41482591627626797
158.85000000000002,0.41769003292657547
158.9,0.4236783510652029
158.95000000000002,0.4272890631492871
159.0,0.42513427817751875
159.05,0.419151193851033
159.10000000000002,0.41487384440262876
159.15,0.41614550607510065
159.20000000000002,0.4216445909907965
159.25,0.42625299224726154
159.3,0.4256488844467968
159.35000000000002,0.42028001551631
159.4,0.4150575993607516
159.45000000000002,0.4146959825167161
159.5,0.41932463698581945
159.55,0.42454349161557775
159.60000000000002,0.425442209485639
159.65,0.42104434213476255
159.70000000000002,0.4152991593609802
159.75,0.413391968052489
159.8,0.41685085583766307
159.85000000000002,0.42226914315656816
159.9,0.42450594823105564
159.95000000000002,0.42132709879111657
160.0,0.4154956675952629
160.05,0.41224678830166894
160.10000000000002,0.4143387273026697
160.15,0.419555861925045
160.20000000000002,0.42287547575798057
160.25,0.4210426708223284
160.3,0.41553251056451296
160.35000000000002,0.41123763329665297
160.4,0.4118787747078505
160.45000000000002,0.41653484007500224
160.5,0.42062238883600145
160.55,0.4201445479652756
160.60000000000002,0.41529789259768013
160.65,0.4103107316227225
160.70000000000002,0.4095312656880905
160.75,0.4133317028939153
160.8,0.41784422464446247
160.85000000000002,0.41862729679906563
160.9,0.41469662512341016
160.95000000000002,0.409390307621973
161.0,0.4073240919243302
161.05,0.4100575854253935
161.10000000000002,0.4146532089737327
161.15,0.41652316338095274
161.20000000000002,0.41366090037358877
161.25,0.40839028960328505
161.3,0.4052541125472725
161.35000000000002,0.4068025451900628
161.4,0.41116558038402057
161.45000000000002,0.4138945839359858
161.5,0.4121563993567345
161.55,0.4072270827763287
161.60000000000002,0.4032919934221464
161.65,0.4036315643771085
161.70000000000002,0.4074925237467306
161.75,0.4108244525007178
161.8,0.41018305852366
161.85000000000002,0.40583133434405894
161.9,0.4013901456571044
161.95000000000002,0.40058331081029597
162.0,0.40373323741302425
162.05,0.4074060520792452
162.10000000000002,0.40777093727596153
162.15,0.4041566842104922
162.20000000000002,0.3994928044103619
162.25,0.39767174284108614
162.3,0.3999702942638042
162.35000000000002,0.40373416990961114
162.4,0.4049725888770338
162.45000000000002,0.40218405613419345
162.5,0.3975467367525538
162.55,0.39489047096485336
162.60000000000002,0.39626726954047575
162.65,0.3998982950000711
162.70000000000002,0.40185388584943005
162.75,0.39992098776134805
162.8,0.3955107388021133
162.85000000000002,0.3922194727880675
162.9,0.39266854848442423
162.95000000000002,0.39597817856489775
163.0,0.3984852598315498
163.05,0.39739658530444616
163.10000000000002,0.3933621567809621
163.15,0.38963331529399603
163.20000000000002,0.38920121026467547
163.25,0.3920415996801024
163.3,0.39493484274592133
163.35000000000002,0.39465362877770543
163.4,0.39109920004719007
163.45000000000002,0.3871095839827251
163.5,0.385878815655012
163.55,0.3881439748641269
163.60000000000002,0.39126425272485177
163.65,0.3917398803065799
163.70000000000002,0.38873871356757794
163.75,0.38463593920017536
163.8,0.3827067337038031
163.85000000000002,0.384329436534286
163.9,0.387527027733267
163.95000000000002,0.3887006142428174
164.0,0.38631012442294355
164.05,0.38221429194980633
164.10000000000002,0.3796883207180913
164.15,0.380633084567354
164.20000000000002,0.3837691842064444
164.25,0.3855738326802202
164.3,0.3838471896922723
164.35000000000002,0.3798610828781964
164.4,0.37683090264248137
164.45000000000002,0.3770841747014521
164.5,0.38003115545267374
164.55,0.38238876462231863
164.60000000000002,0.3813796828976009
164.65,0.37760348626579227
164.70000000000002,0.37415027375379495
164.75,0.373709956525708
164.8,0.3763504051241823
164.85000000000002,0.3791673726140966
164.9,0.3789270954250254
164.95000000000002,0.37547235203633395
165.0,0.37167248018609034
165.05,0.3705396799757971
165.10000000000002,0.3727642080243728
165.15,0.37592796163081144
165.20000000000002,0.376495810392866
165.25,0.3734935752868248
165.3,0.36943208919523624
165.35000000000002,0.3676080159027337
165.4,0.36931230220435085
165.45000000000002,0.3726897263860475
165.5,0.37408023415348995
165.55,0.37168007857512797
165.60000000000002,0.36746690351130007
165.65,0.3649569305067714
165.70000000000002,0.36603922733777366
165.75,0.36947716442525635
165.8,0.3716673613692534
165.85000000000002,0.3700265226025918
165.9,0.3658099953903642
165.95000000000002,0.36263508037878317
166.0,0.36299611076895694
166.05,0.36632360273238734
166.10000000000002,0.3692435040455539
166.15,0.3685082078151771
166.20000000000002,0.36448076068343305
166.25,0.3606941507548387
166.3,0.3602414804146643
166.35000000000002,0.3632734674618462
166.4,0.366801598635131
166.45000000000002,0.3670845793480819
166.5,0.36347717253030287
166.55,0.35918221940913986
166.60000000000002,0.35784050496558806
166.65,0.36038321794305134
166.70000000000002,0.3643476264704303
166.75,0.36570662080419847
166.8,0.3627713505454486
166.85000000000002,0.3581350468971166
166.9,0.35586204870643484
166.95000000000002,0.35772096882994747
167.0,0.3619051176579008
167.05,0.36432655553737187
167.10000000000002,0.3623099078883034
167.15,0.3575669507500663
167.20000000000002,0.3543731934820021
167.25,0.35536474131209983
167.3,0.35951726419045116
167.35000000000002,0.3629078817576865
167.4,0.36201944926588686
167.45000000000002,0.3574633745459562
167.5,0.35343142315565274
167.55,0.35339913142870366
167.60000000000002,0.3572466517892275
167.65,0.36143388924054376
167.70000000000002,0.3618163828296585
167.75,0.35777721253248723
167.8,0.35307536918039495
167.85000000000002,0.35191012383954196
167.9,0.3551728934781316
167.95000000000002,0.3599133302242709
168.0,0.3616192334026952
168.05,0.35843032549882614
168.10000000000002,0.35331568457565
168.15,0.35097794200278604
168.20000000000002,0.3533884772321447
168.25,0.3583826316799769
168.3,0.3613611644861507
168.35000000000002,0.3593205987708068
168.4,0.3541280267424662
168.45000000000002,0.35066823817154824
168.5,0.3519930178639525
168.55,0.3569047120065495
168.60000000000002,0.3610005112170764
168.65,0.3603336436589645
168.70000000000002,0.35545009222906887
168.75,0.351022499825056
168.8,0.351085995229229
168.85000000000002,0.3555649171383215
168.9,0.36052770465798883
168.95000000000002,0.361357190637989
169.0,0.3571840681374903
169.05,0.35204911331932454
169.10000000000002,0.3507581142036956
169.15,0.3544647450057933
169.20000000000002,0.35996781138748585
169.25,0.36229565817560083
169.3,0.35920482526254616
169.35000000000002,0.35371688356542286
169.4,0.3510816954188802
169.45000000000002,0.3537139467022625
169.5,0.3593787625272661
169.55,0.3630824299638292
169.60000000000002,0.3613729359254221
169.65,0.35595277643253165
169.70000000000002,0.3521009381929135
169.75,0.3534214397195727
169.8,0.3588459730272915
169.85000000000002,0.3636879675685662
169.9,0.36355051050154846
169.95000000000002,0.35864512706889057
170.0,0.35382334724749503
170.05,0.3536854128183629
170.10000000000002,0.3584743378975589
170.15,0.3641228174469337
170.20000000000002,0.3656172200610954
170.25,0.361652590847882
170.3,0.356213904237331
170.35000000000002,0.35458313182587164
170.4,0.3583785638878946
170.45000000000002,0.3644355607645675
170.5,0.3674838676163408
170.55,0.36481792341895036
170.60000000000002,0.3591935296286083
170.65,0.35616124481163447
170.70000000000002,0.3586726078438593
170.75,0.36470653881041115
170.8,0.36910145310668996
170.85000000000002,0.36798459533111705
170.9,0.3626429102564786
170.95000000000002,0.35842771574416776
171.0,0.35945883226901515
171.05,0.3650385996570924
171.10000000000002,0.37046465281290436
171.15,0.3710135918662617
171.20000000000002,0.3664118907336496
171.25,0.36134673198118655
171.3,0.3608174776357014
171.35000000000002,0.3655461446355341
171.4,0.3716097197560636
171.45000000000002,0.37379769846567346
171.5,0.37033352073001413
171.55,0.3648378816601523
171.60000000000002,0.36279719812144323
171.65,0.36634354250518086
171.70000000000002,0.37260771944684373
171.75,0.37627112666801665
171.8,0.37424081875773285
171.85000000000002,0.36878047774575995
171.9,0.3654076212849138
171.95000000000002,0.36753372439175497
172.0,0.37355453921344656
172.05,0.3784133183065232
172.10000000000002,0.3779836645168521
172.15,0.37302312094455276
172.20000000000002,0.3686150360841275
172.25,0.36919762913893234
172.3,0.37455920198131526
172.35000000000002,0.38024690211001666
172.4,0.3814431587408101
172.45000000000002,0.3773975920321707
172.5,0.3723422470190112
172.55,0.37138518060268055
172.60000000000002,0.37573179074884017
172.65,0.3818307653864004
172.70000000000002,0.38454131190269714
172.75,0.3817352122535745
172.8,0.376473260536224
172.85000000000002,0.37410858419234955
172.9,0.377171953629091
172.95000000000002,0.3832498097835859
173.0,0.38724488967190135
173.05,0.38588319923765324
173.10000000000002,0.38086277630401555
173.15,0.37733880839712786
173.20000000000002,0.37895869482390626
173.25,0.38460310062373104
173.3,0.38956339014809443
173.35000000000002,0.3897184746340329
173.4,0.3853495664311534
173.45000000000002,0.3810060393418592
173.5,0.3811420467298965
173.55,0.38599188354544883
173.60000000000002,0.39154215454857627
173.65,0.39315687783812114
173.70000000000002,0.38977196954623666
173.75,0.3850045690394074
173.8,0.3837372282476847
173.85000000000002,0.3875085327414989
173.9,0.3932522659347911
173.95000000000002,0.3961566798418462
174.0,0.3939831758708591
174.05,0.38920197613758073
174.10000000000002,0.38672192272326167
174.15,0.3892271240816691
174.20000000000002,0.3947790564506085
174.25,0.39871642116556477
174.3,0.3978639284550537
174.35000000000002,0.39345167716706997
174.4,0.39003723074907515
174.45000000000002,0.39119610907151736
174.5,0.3962107908133028
174.55,0.40086812653894516
174.60000000000002,0.40133075355993214
174.65,0.39760717342591523
174.70000000000002,0.3935925744712033
174.75,0.3934334964672646
174.8,0.39762861518548853
174.85000000000002,0.4026676132221388
174.9,0.4043387441389465
174.95000000000002,0.4015358368816268
175.0,0.39727432043095384
175.05,0.3959249452525801
175.10000000000002,0.39909839339185854
175.15,0.4041837750810566
175.20000000000002,0.40687901906921997
175.25,0.4051300590254491
175.3,0.4009572128442733
175.35000000000002,0.3986251108826406
175.4,0.4006647421329155
175.45000000000002,0.4054884387277689
175.5,0.4089719851113782
175.55,0.4083140736567551
175.60000000000002,0.40451705580278824
175.65,0.4014623693576987
175.70000000000002,0.4023474482633334
175.75,0.4066478412509015
175.8,0.41065817680448413
175.85000000000002,0.41104564900622126
175.9,0.4078426696887252
175.95000000000002,0.40434662905222896
176.0,0.4041404352120353
176.05,0.40771621686615545
176.10000000000002,0.41198859139530364
176.15,0.4133129078281073
176.20000000000002,0.41084515945258837
176.25,0.4071793706157325
176.3,0.4060134238277953
176.35000000000002,0.40873158717626284
176.4,0.4130161004335864
176.45000000000002,0.4151275006139482
176.5,0.4134630198722484
176.55,0.4098644923142046
176.60000000000002,0.40791629406809565
176.65,0.40971367688376353
176.70000000000002,0.41378889488017423
176.75,0.41651597155841025
176.8,0.4156624621826772
176.85000000000002,0.41231818634420797
176.9,0.409785842736368
176.95000000000002,0.4106638691067824
177.0,0.4143462634572267
177.05,0.4175112616394021
177.10000000000002,0.4174333719534893
177.15,0.41447610624933195
177.20000000000002,0.41155417114344633
177.25,0.4115671544912979
177.3,0.4147165287729362
177.35000000000002,0.4181458967099005
177.4,0.41878223322619806
177.45000000000002,0.41629656467362564
177.5,0.4131574566559139
177.55,0.41239599144846806
177.60000000000002,0.41491675824582913
177.65,0.41844769612126276
177.70000000000002,0.4197239297976631
177.75,0.41775933216525407
177.8,0.4145435587267135
177.85000000000002,0.4131158015788356
177.9,0.41495388323847515
177.95000000000002,0.418438078730131
178.0,0.4202743952985624
178.05,0.4188605908204981
178.10000000000002,0.4156769525122591
178.15,0.41369147655115307
178.20000000000002,0.41482698204090007
178.25,0.41813248169183836
178.3,0.42044562755198733
178.35000000000002,0.41960547952819666
178.4,0.4165399372903357
178.45000000000002,0.4140938740922423
178.5,0.4145305706646311
178.55,0.41754216224079976
178.60000000000002,0.42024377927354317
178.65,0.4200002071913476
178.70000000000002,0.41712985834644817
178.75,0.4143050119669891
178.8,0.41405869059602524
178.85000000000002,0.416676699958619
178.9,0.41967017191595835
178.95000000000002,0.4200457337196493
179.0,0.4174530153932928
179.05,0.41432070057827214
179.10000000000002,0.4134093595714115
179.15,0.41554673575315293
179.20000000000002,0.4187244225986952
179.25,0.41973451007114937
179.3,0.4175167689879318
179.35000000000002,0.4141497651423449
179.4,0.41258863591033085
179.45000000000002,0.41416671643704467
179.5,0.4174085806053273
179.55,0.41905088666247714
179.60000000000002,0.41732186219610135
179.65,0.4138097394127843
179.70000000000002,0.411613303563679
179.75,0.41255752019565534
179.8,0.41573124197645767
179.85000000000002,0.41797482786873497
179.9,0.41685697459727517
179.95000000000002,0.4133197870180039
180.0,0.41051118715558943
180.05,0.41074875578213144
180.10000000000002,0.41371092874594123
180.15,0.41648781155188036
180.20000000000002,0.4160969842199391
180.25,0.41269239485238957
180.3,0.4093184512378354
180.35000000000002,0.40878030417782446
180.4,0.41137840765219813
180.45000000000002,0.4145794357847679
180.5,0.41500547085939943
180.55,0.4119258566933954
180.60000000000002,0.4080738865834088
180.65,0.4067024489976445
180.70000000000002,0.40877790919721885
180.75,0.41225333397203
180.8,0.4135409351544065
180.85000000000002,0.41099955283021716
180.9,0.4068109828447448
180.95000000000002,0.4045739011808273
181.0,0.40596728605124965
181.05,0.4095314056124058
181.10000000000002,0.4116653454969432
181.15,0.4098734824031343
181.20000000000002,0.4055493153775633
181.25,0.40245728031731653
181.3,0.40301702995052924
181.35000000000002,0.4064559119187092
181.4,0.4093531934805351
181.45000000000002,0.40849253194539087
181.5,0.40428721499510245
181.55,0.4004121589688628
181.60000000000002,0.4000078690835907
181.65,0.40308946005187674
181.70000000000002,0.40659929966263403
181.75,0.4067948434029215
181.8,0.402997673085187
181.85000000000002,0.3984864769013794
181.9,0.39702657561425997
181.95000000000002,0.39951315579491786
182.0,0.4034240815794735
182.05,0.40472269646120346
182.10000000000002,0.40162889861547885
182.15,0.39670778726202094
182.20000000000002,0.3941597656846456
182.25,0.39582320633886076
182.3,0.3998756738717054
182.35000000000002,0.4022338069516174
182.4,0.4001099754696982
182.45000000000002,0.3950762001107273
182.5,0.3914858914783499
182.55,0.3921260948882541
182.60000000000002,0.3960289480632557
182.65,0.3993109666297257
182.70000000000002,0.39836092036038323
182.75,0.39356087255323097
182.8,0.3890662105175041
182.85000000000002,0.3885323035446612
182.9,0.3919819218249426
182.95000000000002,0.3959684494211033
183.0,0.3963054362025752
183.05,0.39210138854694726
183.10000000000002,0.386936086787517
183.15,0.3851486005506996
183.20000000000002,0.38785018738119775
183.25,0.3922543930277103
183.3,0.39388406939010906
183.35000000000002,0.3906144372916442
183.4,0.3850983359561277
183.45000000000002,0.38206918227588466
183.5,0.3837598824369304
183.55,0.3882491824223252
183.60000000000002,0.3910654545254819
183.65,0.3890050634964757
183.70000000000002,0.38352031149769494
183.75,0.379366413351631
183.8,0.3798395395899715
183.85000000000002,0.3840604846434566
183.9,0.3878538255984401
183.95000000000002,0.387180734580823
184.0,0.38213596081378315
184.05,0.3770823793214279
184.10000000000002,0.3762110729173427
184.15,0.37981587039641007
184.20000000000002,0.38429182269162176
184.25,0.385065834786627
184.3,0.3808532046458675
184.35000000000002,0.3752227714057466
184.4,0.3729802852157652
184.45000000000002,0.3756539229520538
184.5,0.3804585658032295
184.55,0.3826141204693502
184.60000000000002,0.37956590221680553
184.65,0.37375460633105595
184.70000000000002,0.3702275861100736
184.75,0.37171452188364573
184.8,0.37646374502531954
184.85000000000002,0.3798171434835714
184.9,0.37816865180452364
184.95000000000002,0.3726088593783622
185.0,0.36799997400056633
185.05,0.3681288031852154
185.10000000000002,0.37243890625954723
185.15,0.3767075228032819
185.20000000000002,0.37657202381787275
185.25,0.37168828496036177
185.3,0.3663055815229872
185.35000000000002,0.36500927235971237
185.4,0.3685271569353463
185.45000000000002,0.37335696791573436
185.5,0.3747157104839622
185.55,0.3708796779777247
185.60000000000002,0.3651120641072694
185.65,0.3624407024100317
185.70000000000002,0.3648722987567618
185.75,0.36986985169409387
185.8,0.3725775186575975
185.85000000000002,0.37006886435640846
185.9,0.3643497328972792
185.95000000000002,0.3604726968977905
186.0,0.3616081151820152
186.05,0.366373683250103
186.10000000000002,0.37017699731390286
186.15,0.369156070429376
186.20000000000002,0.3639196063610669
186.25,0.35911498299587863
186.3,0.35884837470760794
186.35000000000002,0.363007958185918
186.4,0.367573549479321
186.45000000000002,0.3680691948145638
186.5,0.36370562066967044
186.55,0.35833647719323003
186.60000000000002,0.3566781199953317
186.65,0.3599126528463211
186.70000000000002,0.36485984480534417
186.75,0.3667729213884794
186.8,0.3635893415876614
186.85000000000002,0.35806883464509376
186.9,0.3551469449667327
186.95000000000002,0.3572172792160897
187.0,0.3621519886173823
187.05,0.3652724553173988
187.10000000000002,0.3634649234279089
187.15,0.3582145477308616
187.20000000000002,0.354265087226509
187.25,0.3550311241975797
187.3,0.3595780976521026
187.35000000000002,0.3636117185835166
187.4,0.3632519450419479
187.45000000000002,0.3586588173997154
187.5,0.35400313993922217
187.55,0.35343517103450306
187.60000000000002,0.3572667333396026
187.65,0.3618668357929811
187.70000000000002,0.3629041541109414
187.75,0.35928360339236465
187.8,0.3542959066268933
187.85000000000002,0.3524762240841339
187.9,0.35533623814508175
187.95000000000002,0.3601364255907371
188.0,0.36241297030880265
188.05,0.35998171798588824
188.10000000000002,0.3550503613167635
188.15,0.3521638299305896
188.20000000000002,0.353885623653036
188.25,0.358530447615261
188.3,0.3618056276139682
188.35000000000002,0.3606687403782739
188.4,0.3561569277530542
188.45000000000002,0.35247056947293515
188.5,0.3529874133669669
188.55,0.3571591598113348
188.60000000000002,0.3611388203213616
188.65,0.3612909328110377
188.70000000000002,0.35750255726044866
188.75,0.3533360726107223
188.8,0.352682773329084
188.85000000000002,0.3561232891088229
188.9,0.36048940862425755
188.95000000000002,0.3618281404975547
189.0,0.3589836017312312
189.05,0.3546746349440996
189.10000000000002,0.3529792929216374
189.15,0.3555060330485104
189.20000000000002,0.35994398005486555
189.25,0.3622916559051714
189.3,0.3605164255010822
189.35000000000002,0.3563856615164454
189.4,0.3538517756878535
189.45000000000002,0.3553671656969779
189.5,0.35958885543620756
189.55,0.3627179796716166
189.60000000000002,0.3620441171884195
189.65,0.3583655082367002
189.70000000000002,0.3552462437637462
189.75,0.35573937587378407
189.8,0.35950162696201826
189.85000000000002,0.3631600775119872
189.9,0.36353845244597605
189.95000000000002,0.3605188621689355
190.0,0.35708698385270476
190.05,0.3566269678044675
190.10000000000002,0.359744752640817
190.15,0.36367794923748514
190.20000000000002,0.36499723001673046
190.25,0.3627677786112502
190.3,0.35928590615450395
190.35000000000002,0.3580070824632567
190.4,0.3603613043005667
190.45000000000002,0.36433008348995544
190.5,0.3664380144797864
190.55,0.3650569226448975
190.60000000000002,0.36175290733445103
190.65,0.35983352167616384
190.70000000000002,0.36137276291884696
190.75,0.3651668106608767
190.8,0.3678899436466871
190.85000000000002,0.3673543465036705
190.9,0.364405542916873
190.95000000000002,0.36204298873469754
191.0,0.3627787488716631
191.05,0.36622592714457347
191.10000000000002,0.3693854328282763
191.15,0.3696480833794288
191.20000000000002,0.36717630762028985
191.25,0.36456310756083377
191.3,0.36455864882955047
191.35000000000002,0.36753046323240285
191.4,0.3709533112433877
191.45000000000002,0.3719397105637371
191.5,0.37001625024676527
191.55,0.3673210734271416
191.60000000000002,0.3666751217683621
191.65,0.3690882172292552
191.70000000000002,0.3726142936515472
191.75,0.3742366142472506
191.8,0.37289442525900457
191.85000000000002,0.3702514349571548
191.9,0.3690793214483388
191.95000000000002,0.37089267746537663
192.0,0.3743789673081646
192.05,0.37654481147235513
192.10000000000002,0.37579360943050877
192.15,0.37330149717126404
192.20000000000002,0.37171733209000635
192.25,0.372925094669384
192.3,0.3762479007336315
192.35000000000002,0.3788638247950559
192.4,0.3787035532255747
192.45000000000002,0.37643324320592353
192.5,0.37453688311084854
192.55,0.37515759768600415
192.60000000000002,0.378213191100624
192.65,0.38118439614007515
192.70000000000002,0.38161357492615045
192.75,0.37962142190079884
192.8,0.3774930772503599
192.85000000000002,0.3775572381298702
192.9,0.3802607792090433
192.95000000000002,0.3834890127030086
193.0,0.3845063833330904
193.05,0.38284834886613817
193.10000000000002,0.38055183373482565
193.15,0.3800906408296424
193.20000000000002,0.3823730749853914
193.25,0.38575456518860723
193.3,0.3873545963603718
193.35000000000002,0.3860967805245567
193.4,0.3836901094312094
193.45000000000002,0.3827285872179088
193.5,0.38453169387640573
193.55,0.387956125110138
193.60000000000002,0.39012063892852433
193.65,0.38934272886400245
193.70000000000002,0.3868926642092201
193.75,0.3854495470078167
193.8,0.38672025202537547
193.85000000000002,0.39007085170653977
193.9,0.39275980002073885
193.95000000000002,0.3925501270132643
194.0,0.39014599737849465
194.05,0.388241101464452
194.10000000000002,0.38892710448567064
194.15,0.3920813285292719
194.20000000000002,0.395225489119811
194.25,0.39566879507209
194.3,0.3934308609007151
194.35000000000002,0.3910984924908631
194.4,0.3911476579221215
194.45000000000002,0.39397801994009235
194.5,0.3974753477156047
194.55,0.3986363112234729
194.60000000000002,0.39671523829114713
194.65,0.3940201599264891
194.70000000000002,0.39338560016291424
194.75,0.39576085022443536
194.8,0.39947689622894644
194.85000000000002,0.4013834102537675
194.9,0.3999497034442335
194.95000000000002,0.3970009288501348
195.0,0.39565226844192103
195.05,0.3974400066513986
195.10000000000002,0.4012117528662506
195.15,0.40384170671896336
195.20000000000002,0.40306659115564214
195.25,0.4000242478369592
195.3,0.397963575481961
195.35000000000002,0.3990359299642528
195.4,0.40267797694146457
195.45000000000002,0.40595209343043354
195.5,0.405983530906855
195.55,0.40305534027848305
195.60000000000002,0.4003344380602235
195.65,0.4005781990178315
195.70000000000002,0.40389057115684274
195.75,0.4076721748676973
195.8,0.408610851820019
195.85000000000002,0.40603714896014104
195.9,0.40277136766937305
195.95000000000002,0.4021028455855796
196.0,0.40488044861832473
196.05,0.4089815012432159
196.10000000000002,0.41086146960848463
196.15,0.40889047442293136
196.20000000000002,0.4052645690506631
196.25,0.40364772541419264
196.3,0.4056921632903412
196.35000000000002,0.4098839954592165
196.4,0.41266135480024646
196.45000000000002,0.4115188171689927
196.5,0.407781326906708
196.55,0.4052459692297973
196.60000000000002,0.4063804962855712
196.65,0.41040760298677653
196.70000000000002,0.4139586608525143
196.75,0.41381736174749867
196.8,0.410262480881255
196.85000000000002,0.4069181438406104
196.9,0.40700577814067895
196.95000000000002,0.4106016404075406
197.0,0.41473002178747104
197.05,0.41568459133012564
197.10000000000002,0.41262332983937955
197.15,0.4086643680714037
197.20000000000002,0.407627802149982
197.25,0.41053245463482624
197.3,0.414983237851801
197.35000000000002,0.41703445355638386
197.4,0.4147594349737253
197.45000000000002,0.41045803025135785
197.5,0.4082984379785136
197.55,0.4102778704630725
197.60000000000002,0.4147563405880442
197.65,0.41780694034421095
197.70000000000002,0.41655672279971045
197.75,0.41224278083193827
197.8,0.4090535294979583
197.85000000000002,0.4099206634612107
197.9,0.4141136345963251
197.95000000000002,0.4179753744882186
198.0,0.41790431462959277
198.05,0.41393404716497206
198.10000000000002,0.4099051851095582
198.15,0.40954116072203633
198.20000000000002,0.4131395975021843
198.25,0.41754945870267984
198.3,0.41870790340132813
198.35000000000002,0.41542548905234916
198.4,0.4108359312600478
198.45000000000002,0.4092091732360207
198.5,0.4119314708561636
198.55,0.4165740144873993
198.60000000000002,0.41890140522029573
198.65,0.4165997766090728
198.70000000000002,0.41179623359233725
198.75,0.4089757928103981
198.8,0.4105911282023651
198.85000000000002,0.41512408009286167
198.9,0.4184550262816104
198.95000000000002,0.4173421045243808
199.0,0.4127065058066613
199.05,0.4088660015929305
199.10000000000002,0.4092165756368609
199.15,0.41329745837909193
199.20000000000002,0.417378672061454
199.25,0.41755423567113986
199.3,0.4134639580064682
199.35000000000002,0.40887335709634837
199.4,0.4078933917776349
199.45000000000002,0.41120584809126615
199.5,0.41572055833108384
199.55,0.4171667488880054
199.60000000000002,0.4139536536401764
199.65,0.4089580557137461
199.70000000000002,0.4066865879880072
199.75,0.40896546056231353
199.8,0.4135617247195483
199.85000000000002,0.4161475594378733
199.9,0.4140622107470406
199.95000000000002,0.4090493408932345
200.0,0.4056336674469279
