Jt,m3_plus_q4
0.05,0.9909008764477829
0.1,0.9722477199894226
0.15000000000000002,0.9612346055811702
0.2,0.9676745388887009
0.25,0.9858621897481097
0.30000000000000004,0.9992085625840661
0.35000000000000003,0.9951142685648577
0.4,0.9774888809948686
0.45,0.962746803796654
0.5,0.964125454811752
0.55,0.9804119525850352
0.6000000000000001,0.9969014002685499
0.65,0.998152156019712
0.7000000000000001,0.9829833944738262
0.75,0.9656548558033192
0.8,0.9618723464927208
0.8500000000000001,0.9749909965292813
0.9,0.9932734111212502
0.9500000000000001,0.999759936767764
1.0,0.9882898404531266
1.05,0.9697337318427149
1.1,0.9610842647597956
1.1500000000000001,0.9700302500334239
1.2000000000000002,0.9886284498851801
1.25,0.9998025696186638
1.3,0.9929757141292428
1.35,0.9746649346564478
1.4000000000000001,0.9618164756517097
1.4500000000000002,0.9659165502510006
1.5,0.9833507128354614
1.55,0.9982773913395242
1.6,0.996654243036681
1.6500000000000001,0.9800589330643213
1.7000000000000002,0.9640072341908625
1.75,0.9629637686662695
1.8,0.9778697917995055
1.85,0.9953140998860551
1.9000000000000001,0.9990187576181475
1.9500000000000002,0.9854839915235672
2.0,0.9674822076594457
2.0500000000000003,0.9613908263826885
2.1,0.9726233232893094
2.15,0.9911618736255242
2.2,0.9998708272370996
2.25,0.9904998630279128
2.3000000000000003,0.9719663867130912
2.35,0.9613073564444956
2.4000000000000004,0.9680209493586476
2.45,0.9861652838008479
2.5,0.999138749351826
2.5500000000000003,0.9946939681974357
2.6,0.977103191900481
2.6500000000000004,0.9627071978133706
2.7,0.9644126078003672
2.75,0.9807320234910022
2.8000000000000003,0.9968839870921207
2.85,0.997716903362897
2.9000000000000004,0.9824801745140924
2.95,0.9654695975003016
3.0,0.9620632228987422
3.0500000000000003,0.9752962686650283
3.1,0.993294648116502
3.1500000000000004,0.9993136443359688
3.2,0.9876601648779312
3.25,0.9693678758100287
3.3000000000000003,0.9611349252754081
3.35,0.9702816085727942
3.4000000000000004,0.9886668041718187
3.45,0.9993468513377116
3.5,0.9922159778423558
3.5500000000000003,0.9740852369822793
3.6,0.9616771794342325
3.6500000000000004,0.9660670065125367
3.7,0.9833760200420272
3.75,0.997809342158132
3.8000000000000003,0.9957659868107813
3.85,0.9792372365635963
3.9000000000000004,0.9636247257127826
3.95,0.962958381579431
4.0,0.9778425800716892
4.05,0.9948240391033876
4.1000000000000005,0.9980072400711814
4.15,0.9844000425159503
4.2,0.9668030251038774
4.25,0.9611673974815087
4.3,0.972494379751438
4.3500000000000005,0.9906313055707847
4.4,0.9987425471360178
4.45,0.9891430275347752
4.5,0.9709408215229639
4.55,0.9607981418709757
4.6000000000000005,0.9677312675555222
4.65,0.9855652533553266
4.7,0.9978982789260092
4.75,0.99306348655974
4.800000000000001,0.9756893572456459
4.8500000000000005,0.9618417296559459
4.9,0.9638939169217282
4.95,0.9800219811248057
5.0,0.995530548361562
5.050000000000001,0.9958205601098986
5.1000000000000005,0.9806475568476415
5.15,0.9641785050142998
5.2,0.9612393210581189
5.25,0.9744235313049846
5.300000000000001,0.991818852037848
5.3500000000000005,0.9971649853976164
5.4,0.9853920579150884
5.45,0.9675873838963789
5.5,0.9599239964394795
5.550000000000001,0.9691815086779977
5.6000000000000005,0.9870479009424832
5.65,0.996961301466144
5.7,0.9895103322982971
5.75,0.9717618376427496
5.800000000000001,0.9599951621818824
5.8500000000000005,0.964663843275146
5.9,0.9815799136973666
5.95,0.9951997212049111
6.0,0.9926344303631233
6.050000000000001,0.9763319169493114
6.1000000000000005,0.9613896370213358
6.15,0.9611672968578883
6.2,0.9758207736663236
6.25,0.991996028245026
6.300000000000001,0.9944722900023875
6.3500000000000005,0.9808914370157409
6.4,0.9639399540339699
6.45,0.9588972693116641
6.5,0.9701839562917373
6.550000000000001,0.9875793804900074
6.6000000000000005,0.99483330258912
6.65,0.9850289509745266
6.7,0.9673871332745363
6.75,0.9579555073479079
6.800000000000001,0.9650559751665856
6.8500000000000005,0.9822695069285832
6.9,0.993645092350493
6.95,0.9883604917431694
7.0,0.9713995236190375
7.050000000000001,0.9583356210602115
7.1000000000000005,0.9607663986606712
7.15,0.9764461371044876
7.2,0.9909593023853853
7.25,0.9905614176802864
7.300000000000001,0.9755969828177702
7.3500000000000005,0.9599259282102723
7.4,0.9575644894161628
7.45,0.9705143316231903
7.5,0.9869454963381867
7.550000000000001,0.9913942652076055
7.6000000000000005,0.9795793215994528
7.65,0.9625190154482128
7.7,0.9556034842785642
7.75,0.9648695557491167
7.800000000000001,0.9818738436666882
7.8500000000000005,0.990729494519666
7.9,0.9829573977655458
7.95,0.965827397546707
8.0,0.9549326822788312
8.05,0.9598658954024456
8.1,0.9760887394096054
8.15,0.9885565369224394
8.200000000000001,0.985384614180815
8.25,0.9695046134246075
8.3,0.9554969617936954
8.35,0.9557899397087026
8.4,0.9699766059878613
8.450000000000001,0.984983604841192
8.5,0.9865860332938233
8.55,0.9731708957961587
8.6,0.95714310529427
8.65,0.9528418076769749
8.700000000000001,0.9639316251869336
8.75,0.9802261478004379
8.8,0.9863820806605412
8.85,0.9764421406780364
8.9,0.9596322721441838
8.950000000000001,0.9511238330616538
9.0,0.9583230024624653
9.05,0.9745853514521107
9.1,0.9847040405979266
9.15,0.9789603342094462
9.200000000000001,0.9626579736455
9.25,0.9506367183510935
9.3,0.953466686124273
9.35,0.9684193624410856
9.4,0.9815993122911911
9.450000000000001,0.9804230109251679
9.5,0.9658688196908711
9.55,0.9512825880922594
9.600000000000001,0.9496034800861828
9.65,0.9621107136020082
9.700000000000001,0.9772256134594087
9.75,0.9806089193671862
9.8,0.9688950287040414
9.850000000000001,0.9528742604051902
9.9,0.9468844675799966
9.950000000000001,0.956033587878521
10.0,0.9718347720466377
10.05,0.9793970523714868
10.100000000000001,0.9713772194833661
10.15,0.9551500795302527
10.200000000000001,0.9453638280529116
10.25,0.9505241274749128
10.3,0.9657481326621136
10.350000000000001,0.9767766814723703
10.4,0.9729954327751622
10.450000000000001,0.9577936507892101
10.5,0.9449986029330044
10.55,0.9458561435971307
10.600000000000001,0.9593266272324292
10.65,0.972847011153195
10.700000000000001,0.9734958369286192
10.75,0.9604576631789756
10.8,0.945654749430033
10.850000000000001,0.9422235675714319
10.9,0.9529390167554405
10.950000000000001,0.9678063885531019
11.0,0.9727123571852139
11.05,0.9627906227423872
11.100000000000001,0.9471188136908217
11.15,0.939730058183283
11.200000000000001,0.9469316538954178
11.25,0.9619324048585568
11.3,0.9705806927478764
11.350000000000001,0.9644648011203569
11.4,0.9491145986073295
11.450000000000001,0.9383855184672205
11.5,0.9416024540237268
11.55,0.9555554045485845
11.600000000000001,0.9671429070782218
11.65,0.9652031694166304
11.700000000000001,0.9513241449529399
11.75,0.9381089367225891
11.8,0.9371808186805306
11.850000000000001,0.9490286287093321
11.9,0.962541913551491
11.950000000000001,0.9648027311428452
12.0,0.9534120943286195
12.05,0.9387368931081495
12.100000000000001,0.9338142906000351
12.15,0.9426983367121375
12.200000000000001,0.9570065198352048
12.25,0.9631516735236173
12.3,0.9550520602771736
12.350000000000001,0.9400371255123947
12.4,0.931561949557484
12.450000000000001,0.9368768135678011
12.5,0.9508289551617082
12.55,0.9602382315620198
12.600000000000001,0.9559531016035726
12.65,0.9417265635331908
12.700000000000001,0.9303940970531351
12.75,0.9318203529932806
12.8,0.9443377104616019
12.850000000000001,0.9561500866663409
12.9,0.9558839440486823
12.950000000000001,0.9434930913419936
13.0,0.9301976166934901
13.05,0.9277133572865887
13.100000000000001,0.9378688917817577
13.15,0.951064348188295
13.200000000000001,0.9546924261067992
13.25,0.9450199463296153
13.3,0.9307864259436353
13.350000000000001,0.9246588549954575
13.4,0.9317390890796666
13.450000000000001,0.945229438789658
13.5,0.9523178965659848
13.55,0.9460111606188586
13.600000000000001,0.9319164927362513
13.65,0.9226751669474081
13.700000000000001,0.9262221117068596
13.75,0.9389412431719522
13.8,0.9487950033148391
13.850000000000001,0.9462159549171518
13.9,0.933304828197623
13.950000000000001,0.9216981930647323
14.0,0.921531058891299
14.05,0.9325164631128814
14.100000000000001,0.9442483894458085
14.15,0.9454496897662529
14.200000000000001,0.9346516028909863
14.25,0.9215887740461631
14.3,0.9178063261111686
14.350000000000001,0.9262661546159139
14.4,0.9388790414978566
14.450000000000001,0.9436090373286031
14.5,0.9356640864111732
14.55,0.9221446559298656
14.600000000000001,0.9151094930588705
14.65,0.9204719604857353
14.700000000000001,0.9329441461446463
14.75,0.9406795411904498
14.8,0.9360805954237351
14.850000000000001,0.9231165901809895
14.9,0.9134226866409209
14.950000000000001,0.9153667738034883
15.0,0.9267330604129096
15.05,0.93673464025875
15.100000000000001,0.9356922335071727
15.15,0.924227923443594
15.200000000000001,0.9126529330660944
15.25,0.9111207142518587
15.3,0.9205422413024267
15.350000000000001,0.9319263782496191
15.4,0.9343601011625492
15.450000000000001,0.9251966471589819
15.5,0.9126410818876882
15.55,0.9078325893260742
15.600000000000001,0.9146517105023959
15.65,0.9264691538477517
15.700000000000001,0.9320259665002989
15.75,0.925758369688852
15.8,0.9131749379650937
15.850000000000001,0.9055265783987146
15.9,0.9093049823117358
15.950000000000001,0.9206187330616801
16.0,0.928715122763976
16.05,0.9256882049637024
16.1,0.9140061363073266
16.150000000000002,0.904153732664331
16.2,0.9046935772793754
16.25,0.9146491618991149
16.3,0.9245311957836332
16.35,0.9248193317071874
16.400000000000002,0.9148699803300202
16.45,0.9035979331422375
16.5,0.9009465096500278
16.55,0.9088301296735876
16.6,0.9196437814074054
16.650000000000002,0.9230561150499461
16.7,0.9155069816839772
16.75,0.9036860350382315
16.8,0.898124638473007
16.85,0.903406826762415
16.900000000000002,0.9142707351732406
16.95,0.9203802473273918
17.0,0.9156843290809278
17.05,0.9042018949013606
17.1,0.8962195646301455
17.150000000000002,0.8985836066349779
17.2,0.9086574949197409
17.25,0.9168492789656987
17.3,0.915215162893896
17.35,0.9049037351251694
17.400000000000002,0.8951567775435733
17.45,0.8945120287004726
17.5,0.9030558933177224
17.55,0.912587983306394
17.6,0.9139735126315288
17.650000000000002,0.9055438572615998
17.7,0.8948028630999209
17.75,0.8912833146748117
17.8,0.8977045512628129
17.85,0.9077739839788601
17.900000000000002,0.9119031536599239
17.95,0.9058891835961616
18.0,0.8949766145562948
18.05,0.8889249879885783
18.1,0.8928122934630087
18.150000000000002,0.9026197432288133
18.2,0.9090194226068035
18.25,0.9057406661354986
18.3,0.8954637211673264
18.35,0.8874014566271093
18.400000000000002,0.8885453137178944
18.45,0.8973532293738355
18.5,0.9054040407717421
18.55,0.9049494399540242
18.6,0.8960343178853382
18.650000000000002,0.886618421757041
18.7,0.8850182434582782
18.75,0.8921993484310279
18.8,0.9011939974173352
18.85,0.9034278361321262
18.900000000000002,0.8964621451605341
18.95,0.8864310818579774
19.0,0.8822889660452106
19.05,0.8873636637651015
19.1,0.8965663017824559
19.150000000000002,0.9011540152886335
19.200000000000003,0.8965435573223336
19.25,0.886656012804657
19.3,0.8803569790059506
19.35,0.8830192435091
19.400000000000002,0.8917207576989967
19.450000000000003,0.8981699147641542
19.5,0.896114326793678
19.55,0.8870862769947933
19.6,0.8791652376183431
19.650000000000002,0.8792968816326304
19.700000000000003,0.8868628051532225
19.75,0.8945732040329107
19.8,0.895062272208293
19.85,0.8875087970357681
19.900000000000002,0.8786055545099287
19.950000000000003,0.8762785847251263
20.0,0.8821879994012749
20.05,0.8905047691254964
20.1,0.8933342400809681
20.150000000000002,0.8877224685164387
20.200000000000003,0.8785276221993502
20.25,0.8739941440136784
20.3,0.8778690479029806
20.35,0.8861337039402888
20.400000000000002,0.8909368096235198
20.450000000000003,0.8875550799645505
20.5,0.8787514752893224
20.55,0.8724207480933376
20.6,0.8740457157813905
20.650000000000002,0.88164179347671
20.700000000000003,0.8879310741854225
20.75,0.8868770345710084
20.8,0.8790827286046827
20.85,0.8714857840828016
20.900000000000002,0.8708175146640542
20.950000000000003,0.8772090862773207
21.0,0.8844227342828187
21.05,0.8856102173400769
21.1,0.8793293381825518
21.150000000000002,0.87107305268368
21.200000000000003,0.8682389809598396
21.25,0.8730015378189269
21.3,0.8805492981249274
21.35,0.8837310829052667
21.400000000000002,0.8793181267395167
21.450000000000003,0.8710324632186653
21.5,0.8663174836803901
21.55,0.8691610812692672
21.6,0.87646630730058
21.650000000000002,0.8812679874859413
21.700000000000003,0.8789090921279464
21.75,0.8711928537002552
21.8,0.8650137405262918
21.85,0.8657980401290934
21.900000000000002,0.8723342053679375
21.950000000000003,0.8782937116484211
22.0,0.878005705178513
22.05,0.8713769886324787
22.1,0.8642453868054589
22.150000000000002,0.8629856437125092
22.200000000000003,0.8683068884302616
22.25,0.8749147799267948
22.3,0.8765600076616002
22.35,0.8714172039426354
22.400000000000002,0.8638938863220452
22.450000000000003,0.8607565277988345
22.5,0.8645223343164238
22.55,0.8712594224474023
22.6,0.8745722117452746
22.650000000000002,0.8711698046207661
22.700000000000003,0.8638147351755859
22.75,0.859101379267865
22.8,0.8610952118387631
22.85,0.8674658190150218
22.900000000000002,0.8720854503036392
22.950000000000003,0.8705263406261656
23.0,0.8638503431242858
23.05,0.857970136558198
23.1,0.8581111602726038
23.150000000000002,0.8636717311316002
23.200000000000003,0.869177079018096
23.25,0.8694203434009518
23.3,0.8638443424141767
23.35,0.8572762170612648
23.400000000000002,0.8556225218339351
23.450000000000003,0.8600059689622599
23.5,0.8659482930127749
23.55,0.8678289117849572
23.6,0.8636555848398605
23.650000000000002,0.856904010269535
23.700000000000003,0.8536456100578331
23.75,0.8565815844294066
23.8,0.8625137243842624
23.85,0.8657694858472056
23.900000000000002,0.863169938169681
23.950000000000003,0.8567193669722423
24.0,0.8521599306400918
24.05,0.8534903965978056
24.1,0.858992209458663
24.150000000000002,0.863292979826592
24.200000000000003,0.8623082832731016
24.25,0.8565821610694441
24.3,0.8511099512537309
24.35,0.850798498190634
24.400000000000002,0.8554992474815191
24.450000000000003,0.8604749340933614
24.5,0.8610298055156906
24.55,0.8563594095981863
24.6,0.8504099108859147
24.650000000000002,0.8485426949645386
24.700000000000003,0.8521410520388735
24.75,0.8574063745619339
24.8,0.8593305952282011
24.85,0.8559371235410793
24.900000000000002,0.8499517408763835
24.950000000000003,0.8467282300249064
25.0,0.8490097218850914
25.05,0.8541856690036129
25.1,0.8572384665658579
25.150000000000002,0.8552291714565365
25.200000000000003,0.8496155344294927
25.25,0.8453284447111473
25.3,0.8461790258471492
25.35,0.8509120099396108
25.400000000000002,0.8548055183213239
25.450000000000003,0.854181985468378
25.5,0.849281340478189
25.55,0.8442870631376043
25.6,0.8437005748174234
25.650000000000002,0.8476804722817459
25.700000000000003,0.8521001298514543
25.75,0.8527747955299091
25.8,0.8488405976614358
25.85,0.8435234896442902
25.900000000000002,0.8416005986551722
25.950000000000003,0.8445781176137103
26.0,0.8491997912684295
26.05,0.8510160051765933
26.1,0.8482054472521304
26.150000000000002,0.8429409311446853
26.200000000000003,0.8398779550014331
26.25,0.841680485005779
26.3,0.8461855400621316
26.35,0.848937050797315
26.400000000000002,0.8473145397653296
26.450000000000003,0.8424364648491256
26.5,0.838504181080219
26.55,0.839048029911382
26.6,0.8431380474566189
26.650000000000002,0.8465854080012907
26.700000000000003,0.8461347019644894
26.75,0.8419115918185771
26.8,0.837426247529115
26.85,0.8367225316292717
26.900000000000002,0.8401348157499465
26.950000000000003,0.8440182474303259
27.0,0.8446587527851622
27.05,0.8412815592147581
27.1,0.8365721934311249
27.150000000000002,0.8347239887668382
27.200000000000003,0.8372476939194824
27.25,0.8412976814194707
27.3,0.8429005770946874
27.35,0.8404819195316875
27.400000000000002,0.835859143874721
27.450000000000003,0.8330488520492847
27.5,0.8345400496495025
27.55,0.8384877919965761
27.6,0.8408890405381436
27.650000000000002,0.8394714044952323
27.700000000000003,0.8352025487069178
27.75,0.831670454812989
27.8,0.8320633720380403
27.85,0.8356529501094623
27.900000000000002,0.8386623242244309
27.950000000000003,0.8382310628800262
28.0,0.8345250614949512
28.05,0.8305421542441749
28.1,0.829853638234849
28.150000000000002,0.8328565457213409
28.200000000000003,0.8362638004133431
28.25,0.8367604882303586
28.3,0.833763465548566
28.35,0.829603078098793
28.400000000000002,0.8279282390261934
28.450000000000003,0.8301592563825858
28.5,0.8337398333077317
28.55,0.83507257693754
28.6,0.832872488857203
28.650000000000002,0.8287856713557173
28.700000000000003,0.8262844391979083
28.75,0.827616354269818
28.8,0.8311391304893417
28.85,0.8331884239760722
28.900000000000002,0.8318251245218584
28.950000000000003,0.8280236867290812
29.0,0.8249001616136395
29.05,0.8252741323402588
29.1,0.8285127413288035
29.150000000000002,0.831133645344941
29.200000000000003,0.8306099610673441
29.25,0.8272590602127325
29.3,0.8237373687489967
29.35,0.8231660984427525
29.400000000000002,0.8259136581275569
29.450000000000003,0.8289367362790827
29.5,0.8292267542146671
29.55,0.8264463526416085
29.6,0.822747626765596
29.650000000000002,0.8213099316536593
29.700000000000003,0.8233952434088612
29.75,0.8266292715982013
29.8,0.8276818106647857
29.85,0.8255540732388046
29.900000000000002,0.8218787975389208
29.950000000000003,0.8197061862214957
30.0,0.8210082644722493
30.05,0.8242470981712928
30.1,0.8259846041183904
30.150000000000002,0.8245630490983126
30.200000000000003,0.8210814322542808
30.25,0.8183393540618378
30.3,0.8187969549126501
30.35,0.8218313656870652
30.400000000000002,0.8241464661271644
30.450000000000003,0.8234628036573247
30.5,0.8203134783448139
30.55,0.8171812691297927
30.6,0.816795015020387
30.650000000000002,0.8194283683152149
30.700000000000003,0.8221813921058831
30.75,0.822247402750601
30.8,0.81954237301895
30.85,0.8161961570571812
30.900000000000002,0.8150226376057953
30.950000000000003,0.8170876572401757
31.0,0.8201082464113197
31.05,0.8209122601334098
31.1,0.8187443540275555
31.150000000000002,0.8153461272000954
31.200000000000003,0.8134854405901267
31.25,0.8148585483478413
31.3,0.8179531833221666
31.35,0.8194529600377026
31.400000000000002,0.8179016389375958
31.450000000000003,0.8145957499962592
31.5,0.8121756666801606
31.55,0.8127857582857503
31.6,0.8157510586429473
31.650000000000002,0.8178664030180369
31.700000000000003,0.8169987445592656
31.75,0.8139146301523156
31.8,0.8110753421015332
31.85,0.8109052525812934
31.900000000000002,0.8135449781506044
31.950000000000003,0.816153765920606
32.0,0.8160194340889633
32.050000000000004,0.8132775084382283
32.1,0.8101604902839908
32.15,0.8092413705196186
32.2,0.8113837688675118
32.25,0.814324153013781
32.300000000000004,0.8149455188231352
32.35,0.8126622126432015
32.4,0.8094051739860253
32.45,0.8078059152216539
32.5,0.8093178439072617
32.550000000000004,0.8123975911484214
32.6,0.8137580910875444
32.65,0.8120464784605803
32.7,0.8087842086162433
32.75,0.8065992912546123
32.800000000000004,0.8073944369160152
32.85,0.8104062385564377
32.9,0.8124409415964775
32.95,0.811405040687538
33.0,0.8082738434365092
33.050000000000004,0.80561313677813
33.1,0.8056533533325992
33.15,0.8083932404516742
33.2,0.8109851868909426
33.25,0.8107083226581214
33.300000000000004,0.8078504103152473
33.35,0.8048334434183119
33.4,0.8041241822170705
33.45,0.8064093759051444
33.5,0.8093937295356758
33.550000000000004,0.8099235456226682
33.6,0.8074876665466788
33.65,0.8042430395945575
33.7,0.8028254141641125
33.75,0.8045082669418878
33.800000000000004,0.8076842085968593
33.85,0.8090183033767151
33.9,0.8071540663520279
33.95,0.8038225802978511
34.0,0.8017652885667126
34.050000000000004,0.8027412723839863
34.1,0.8058895371003548
34.15,0.8079658526760541
34.2,0.8068113076840856
34.25,0.8035497608655179
34.300000000000004,0.8009436539079907
34.35,0.8011531741927188
34.4,0.8040558069747691
34.45,0.8067508093906643
34.5,0.8064151683449142
34.550000000000004,0.8033971706835943
34.6,0.8003538465867095
34.65,0.799779411241715
34.7,0.8022380451816968
34.75,0.8053737819933773
34.800000000000004,0.805918968117342
34.85,0.8033297919733067
34.9,0.7999836722923788
34.95,0.7986450564214119
35.0,0.8004948131628612
35.050000000000004,0.8038537494173515
35.1,0.8052791867169741
35.15,0.8033034232554939
35.2,0.7998149891858332
35.25,0.7977651580310905
35.300000000000004,0.7988828181525948
35.35,0.8022275924289259
35.4,0.8044620869026632
35.45,0.8032651601844479
35.5,0.7998220114077512
35.550000000000004,0.7971456649399471
35.6,0.797452524534328
35.65,0.8005469151224264
35.7,0.8034498475226038
35.75,0.8031565305386904
35.800000000000004,0.7999690681386727
35.85,0.7967840581532143
35.9,0.7962453022346663
35.95,0.7988729220919244
36.0,0.802244797363332
36.050000000000004,0.8029191180188407
36.1,0.8002089528808183
36.15,0.7966690517167615
36.2,0.7952920901349025
36.25,0.7972704728267928
36.300000000000004,0.8008708121160812
36.35,0.8025017594725926
36.4,0.8004830296002707
36.45,0.7967792250991752
36.5,0.7946130727864287
36.550000000000004,0.7958024416682347
36.6,0.7993716321396189
36.65,0.801867894834228
36.7,0.8007238949765821
36.75,0.7970810398139627
36.800000000000004,0.794217623178901
36.85,0.7945252046933962
36.9,0.7978065610511325
36.95,0.8010015376460833
37.0,0.8008607301410242
37.050000000000004,0.7975271697007936
37.1,0.7941038296731229
37.15,0.793485580523137
37.2,0.7962445150868677
37.25,0.7999106365476374
37.300000000000004,0.8008267126189551
37.35,0.7980562607038522
37.4,0.7942572766242465
37.45,0.7927190431638057
37.5,0.7947575881389649
37.550000000000004,0.7986272062670396
37.6,0.8005672344313448
37.65,0.7985950459579874
37.7,0.794649265128606
37.75,0.7922486675816937
37.800000000000004,0.7934151604331179
37.85,0.7972043278350871
37.9,0.8000473743327108
37.95,0.7990632121682824
38.0,0.7952351620755683
38.050000000000004,0.7920841734933455
38.1,0.7922791922531218
38.15,0.7957107429525359
38.2,0.7992571829278581
38.25,0.7993806943957732
38.300000000000004,0.7959538683675647
38.35,0.79222062349105
38.400000000000006,0.7914008555947003
38.45,0.7942241371194699
38.5,0.7982138121926475
38.550000000000004,0.7994763845120717
38.6,0.7967293748481544
38.650000000000006,0.7926367374591967
38.7,0.7908182309622731
38.75,0.7928242525122685
38.800000000000004,0.7969602035618933
38.85,0.7992967831734225
38.900000000000006,0.7974750042409138
38.95,0.7932932616462648
39.0,0.7905545670978563
39.050000000000004,0.7915867278153742
39.1,0.7955607401021145
39.150000000000006,0.7988130398749484
39.2,0.7981003113112677
39.25,0.7941322030975044
39.300000000000004,0.7906166328211601
39.35,0.7905781410645919
39.400000000000006,0.7940947848497398
39.45,0.7980251273684467
39.5,0.7985199112777701
39.550000000000004,0.7950778597296665
39.6,0.7909929604365873
39.650000000000006,0.789852284838031
39.7,0.7926492562885111
39.75,0.7969624862840041
39.800000000000004,0.7986629373814823
39.85,0.7960403711286078
39.900000000000006,0.7916521874758915
39.95,0.7894473750877734
40.0,0.7913113152213536
40.050000000000004,0.7956811775211742
40.1,0.7984815620688785
40.150000000000006,0.7969220177972078
40.2,0.7925420963390656
40.25,0.7893837816768664
40.300000000000004,0.7901619251012906
40.35,0.7942582026549652
40.400000000000006,0.797957127961255
40.45,0.7976258381527404
40.5,0.7935901752261121
40.550000000000004,0.7896619926432025
40.6,0.7892706278770842
40.650000000000006,0.792784048275408
40.7,0.7971028854839348
40.75,0.7980655024161786
40.800000000000004,0.7947064717323611
40.85,0.7902608288150537
40.900000000000006,0.7886914927252271
40.95,0.791354611860701
41.0,0.7959629890224659
41.050000000000004,0.7981749669754764
41.1,0.7957891614311308
41.150000000000006,0.79113629212494
41.2,0.7884599628569642
41.25,0.7900634968314627
41.300000000000004,0.7946080815840777
41.35,0.7979163545032165
41.400000000000006,0.7967326841938599
41.45,0.7922217148166126
41.5,0.7885903057674676
41.550000000000004,0.7889953164865258
41.6,0.7931283301266288
41.650000000000006,0.7972847851566778
41.7,0.7974376646439446
41.75,0.7934299517372867
41.800000000000004,0.7890735526048324
41.85,0.7882202507473267
41.900000000000006,0.7916250504815228
41.95,0.7963094400173076
42.0,0.7978213132403003
42.050000000000004,0.7946581595606046
42.1,0.7898761132507681
42.150000000000006,0.7877897828993298
42.2,0.7902020552308162
42.25,0.795050815521823
42.300000000000004,0.7978267546458117
42.35,0.7957952576036516
42.400000000000006,0.7909395519570853
42.45,0.7877333945635978
42.5,0.7889576218272004
42.550000000000004,0.7935947535521193
42.6,0.7974298251163021
42.650000000000006,0.7967315727252862
42.7,0.7921821742903674
42.75,0.788056044181385
42.800000000000004,0.7879776175872428
42.85,0.7920442651135323
42.900000000000006,0.7966422953532261
42.95,0.7973695979769495
43.0,0.7935030152563931
43.050000000000004,0.7887364592063244
43.1,0.7873299575965897
43.150000000000006,0.7905103328955776
43.2,0.7955110969074595
43.25,0.7976344072450023
43.300000000000004,0.794788505434501
43.35,0.7897265423245268
43.400000000000006,0.787060318610876
43.45,0.789102784831023
43.5,0.7941137983998173
43.550000000000004,0.7974821824833924
43.6,0.7959215844394503
43.650000000000006,0.7909524075669679
43.7,0.7871889491984423
43.75,0.7879220488730336
43.800000000000004,0.7925511347153533
43.85,0.7969055567906593
43.900000000000006,0.7967924568686913
43.95,0.7923176131167142
44.0,0.7877085061702191
44.050000000000004,0.7870522390663895
44.1,0.7909377260138797
44.150000000000006,0.7959349934087815
44.2,0.7973097052632204
44.25,0.793708980727444
44.300000000000004,0.7885830532780228
44.35,0.7865556997519592
44.400000000000006,0.7893921922416649
44.45,0.7946360762758261
44.5,0.7974102295346261
44.550000000000004,0.7950049959733588
44.6,0.7897485813727206
44.650000000000006,0.7864689369212098
44.7,0.7880277032458322
44.75,0.7931032239958405
44.800000000000004,0.7970665514433973
44.85,0.7960862539035322
44.900000000000006,0.7911155379434208
44.95,0.7867998330641561
45.0,0.7869436896489164
45.050000000000004,0.7914508172900728
45.1,0.7962903976707233
45.150000000000006,0.7968468897010627
45.2,0.792573799421296
45.25,0.7875261563619801
45.300000000000004,0.786219086090659
45.35,0.789802965718051
45.400000000000006,0.7951320656318929
45.45,0.7972055640067555
45.5,0.7940002482497113
45.550000000000004,0.7885955670371446
45.6,0.7859071908204195
45.650000000000006,0.788283118068523
45.7,0.7936757405881355
45.75,0.7971144720949243
45.800000000000004,0.7952686673834543
45.85,0.7899274919300382
45.900000000000006,0.7860320749177626
45.95,0.7870044926266558
46.0,0.7920315201791105
46.050000000000004,0.7965650575090022
46.1,0.7962611430014123
46.150000000000006,0.7914172815988536
46.2,0.7865864806340045
46.25,0.7860619629393796
46.300000000000004,0.7903252946939305
46.35,0.7955895922865218
46.400000000000006,0.7968797141194061
46.45,0.7929429155711409
46.5,0.7875312761646003
46.550000000000004,0.7855256909237839
46.6,0.7886877693683371
46.650000000000006,0.7942584260775818
46.7,0.7970567606446665
46.75,0.7943741755945544
46.800000000000004,0.7887967032578268
46.85,0.7854365461696904
46.900000000000006,0.7872438080031562
46.95,0.7926733585783197
47.0,0.7967626642388608
47.050000000000004,0.7955837290946156
47.1,0.7902857632064072
47.150000000000006,0.7858032426369376
47.2,0.7861029925660936
47.25,0.7909581135293802
47.300000000000004,0.7960096171987956
47.35,0.7964590761273558
47.400000000000006,0.7918800470187545
47.45,0.7866011630570928
47.5,0.7853519330369552
47.550000000000004,0.7892471904379328
47.6,0.7948510225404621
47.650000000000006,0.796913953174009
47.7,0.7934480833261789
47.75,0.7877729754879249
47.800000000000004,0.7850485323320123
47.85,0.7876744081650238
47.900000000000006,0.7933765956966483
47.95,0.7968976718737145
48.0,0.7948558756636689
48.050000000000004,0.7892312859778725
48.1,0.7852181956647719
48.150000000000006,0.7863622644759376
48.2,0.7917038971935938
48.25,0.7964010542514666
48.300000000000004,0.7959788179808339
48.35,0.7908636171297219
48.400000000000006,0.7858519095955413
48.45,0.785412900608241
48.5,0.7899674694046228
48.550000000000004,0.7954580830660428
48.6,0.7967137444730655
48.650000000000006,0.7925398810675359
48.7,0.7869061851860657
48.75,0.7849010879382278
48.800000000000004,0.7883069439619053
48.85,0.7941430196595488
48.900000000000006,0.7969896197338635
48.95,0.7941222091302953
49.0,0.7883049937119979
49.050000000000004,0.7848693476819633
49.1,0.7868554212899558
49.150000000000006,0.7925634118789211
49.2,0.7967753996745639
49.25,0.7954765606370482
49.300000000000004,0.7899439249650326
49.35,0.7853251439304094
49.400000000000006,0.7857291544316256
49.45,0.7908499772169368
49.5,0.796083913549891
49.550000000000004,0.7964850687734557
49.6,0.7916967743578033
49.650000000000006,0.786240072697007
49.7,0.7850191936107772
49.75,0.7891446916143139
49.800000000000004,0.7949711749808207
49.85,0.7970577287134588
49.900000000000006,0.793424562710545
49.95,0.7875510653028576
50.0,0.784785277953367
50.050000000000004,0.7875884930728582
50.1,0.7935312050770413
50.150000000000006,0.7971419102887073
50.2,0.794986623163426
50.25,0.7891637486354823
50.300000000000004,0.7850519917649259
50.35,0.7863098403258579
50.400000000000006,0.7918870958136541
50.45,0.7967283476161258
50.5,0.7962529323408387
50.550000000000004,0.7909581563687819
50.6,0.7858070866260026
50.650000000000006,0.7854150271331954
50.7,0.7901795219549728
50.75,0.795852706253761
50.800000000000004,0.7971164436096863
50.85,0.7927968835748843
50.900000000000006,0.7870019007984098
50.95,0.784980752626281
51.0,0.7885541381458054
51.050000000000004,0.7945924650469675
51.1,0.7975039324402649
51.150000000000006,0.7945354956628871
51.2,0.788553921170184
51.25,0.7850490994799468
51.300000000000004,0.7871492546063936
51.35,0.7930595360611807
51.400000000000006,0.7973838846266891
51.45,0.7960345848188899
51.5,0.7903516319714473
51.550000000000004,0.785624856424811
51.6,0.7860849178324144
51.650000000000006,0.7913896334065403
51.7,0.7967702752404847
51.75,0.797172418518811
51.800000000000004,0.7922617804927544
51.85,0.7866750678003605
51.900000000000006,0.7854541295180643
51.95,0.7897297725244631
52.0,0.7957216470168424
52.050000000000004,0.7978567809475994
52.1,0.794139003176511
52.150000000000006,0.7881307662876585
52.2,0.7853165359154682
52.25,0.7882253778339875
52.300000000000004,0.794335582679043
52.35,0.7980344911302353
52.400000000000006,0.795837401761962
52.45,0.789890960801279
52.5,0.7856946158211083
52.550000000000004,0.7870083118265068
52.6,0.7927393259912414
52.650000000000006,0.7976972578451841
52.7,0.7972232154598844
52.75,0.7918290044364252
52.800000000000004,0.7865722490104367
52.85,0.7861867887364989
52.900000000000006,0.7910778012793929
52.95,0.7968829883100629
53.0,0.7981873279876908
53.050000000000004,0.7938013716832649
53.1,0.7878955565491961
53.150000000000006,0.7858377150768653
53.2,0.789500518719668
53.25,0.7956723149736287
53.300000000000004,0.7986561134741368
53.35,0.7956585997419573
53.400000000000006,0.7895760071039432
53.45,0.7860016263744232
53.5,0.7881488100177132
53.550000000000004,0.7941808008585478
53.6,0.7985991616736958
53.650000000000006,0.7972577388087488
53.7,0.7914958774869778
53.75,0.7866801526947529
53.800000000000004,0.7871445639048273
53.85,0.7925478768231093
53.900000000000006,0.7980327577804374
53.95,0.7984752182830268
54.0,0.7935161389220238
54.050000000000004,0.7878358763691002
54.1,0.7865812240371206
54.150000000000006,0.7909239337583288
54.2,0.7970185692948325
54.25,0.799218708668989
54.300000000000004,0.7954866511260655
54.35,0.7893945087992199
54.400000000000006,0.7865173965209601
54.45,0.7894570813692631
54.5,0.795657688322801
54.550000000000004,0.7994364655175416
54.6,0.7972581917531003
54.650000000000006,0.791249420998434
54.7,0.7869730991682032
54.75,0.7882809086329488
54.800000000000004,0.7940808380489567
54.85,0.7991228460529138
54.900000000000006,0.7986954100998386
54.95,0.7932686058289461
55.0,0.7879285314535334
55.050000000000004,0.7875042194395425
55.1,0.7924360363488644
55.150000000000006,0.7983191721142185
55.2,0.799689402489309
55.25,0.7953040422073056
55.300000000000004,0.7893252489407153
55.35,0.7872032887423265
55.400000000000006,0.7908752285182953
55.45,0.7971097765342512
55.5,0.8001684001094904
55.550000000000004,0.7972031459152492
55.6,0.7910697213513539
55.650000000000006,0.7874168106389804
55.7,0.7895413379424723
55.75,0.7956137663882455
55.800000000000004,0.8001051339183103
55.85,0.7988215776346774
55.900000000000006,0.7930393340805462
55.95,0.7881434771216768
56.0,0.7885568927826888
56.050000000000004,0.7939736125569085
56.1,0.7995198139777906
56.150000000000006,0.800036251108598
56.2,0.7950908561901574
56.25,0.7893420612910105
56.300000000000004,0.7880149746635386
56.35,0.7923420153590061
56.400000000000006,0.7984782647271491
56.45,0.8007570854813231
56.5,0.7970711864005852
56.550000000000004,0.7909339402807671
56.6,0.787972826618397
56.650000000000006,0.7908685520711026
56.7,0.797085460064461
56.75,0.80093599630284
56.800000000000004,0.7988298184024091
56.85,0.792808087655797
56.900000000000006,0.7884481576287543
56.95,0.789687410446989
57.0,0.7954753448176843
57.050000000000004,0.8005718735308671
57.1,0.8002320287853992
57.150000000000006,0.7948285831394689
57.2,0.7894180440943173
57.25,0.7889071414308054
57.300000000000004,0.79379827617593
57.35,0.7997108186110162
57.400000000000006,0.8011714229766788
57.45,0.7968445478321521
57.5,0.7908203410709038
57.550000000000004,0.7886029455211202
57.6,0.7922075923073632
57.650000000000006,0.7984415943486672
57.7,0.8015803139196561
57.75,0.7987020990275255
57.800000000000004,0.7925576033408129
57.85,0.7888116575649515
57.900000000000006,0.7908467133710535
57.95,0.7968869255747909
58.0,0.8014365408929001
58.050000000000004,0.8002574925050735
58.1,0.7945035707819741
58.150000000000006,0.7895293910633797
58.2,0.7898378697878271
58.25,0.7951918247029659
58.300000000000004,0.8007657638255617
58.35,0.8013902065460042
58.400000000000006,0.7965121963979296
58.45,0.7907117590739727
58.5,0.7892731464828528
58.550000000000004,0.7935104006722561
58.6,0.799638906295394
58.650000000000006,0.802014466029166
58.7,0.7984289430614244
58.75,0.7922766521591673
58.800000000000004,0.7892081518210672
58.85,0.7919926117050208
58.900000000000006,0.798165122459341
58.95,0.8020877194254462
59.0,0.8001036778096572
59.050000000000004,0.7941096262679392
59.1,0.7896583603424244
59.150000000000006,0.7907721858486707
59.2,0.7964812697744111
59.25,0.8016149033619117
59.300000000000004,0.801404055045168
59.35,0.7960719290031524
59.400000000000006,0.7905980772854685
59.45,0.7899565581461526
59.5,0.7947392546887476
59.550000000000004,0.8006479040410295
59.6,0.8022279467296872
59.650000000000006,0.7980110020077483
59.7,0.791962001629242
59.75,0.7896192814669172
59.800000000000004,0.793092724160723
59.85,0.7992803225994696
59.900000000000006,0.8025133809917997
59.95,0.7997729409916051
60.0,0.7936494392048521
60.050000000000004,0.7897950658763934
60.1,0.7916844214387351
60.150000000000006,0.797638310101546
60.2,0.8022446604167651
60.25,0.8012159528312002
60.300000000000004,0.7955312314741045
60.35,0.7904774477294175
60.400000000000006,0.790635194189716
60.45,0.7958687129637204
60.5,0.8014538265533233
60.550000000000004,0.8022234570153237
60.6,0.7974593321458839
60.650000000000006,0.7916190787582882
60.7,0.7900352550333789
60.75,0.7941259763533804
60.800000000000004,0.800217310335084
60.85,0.8027152810552899
60.900000000000006,0.7992786557651742
60.95,0.7931346910020053
61.0,0.7899379631428369
61.050000000000004,0.7925591854284731
61.1,0.7986483005033028
61.150000000000006,0.8026554951989522
61.2,0.8008403917267263
61.25,0.7949068336259539
61.300000000000004,0.7903561965917202
61.35,0.7913003485430108
61.400000000000006,0.7968859153431271
61.45,0.8020558344754782
61.5,0.8020155441992991
61.550000000000004,0.7967943950323082
61.6,0.7912613339790022
61.650000000000006,0.7904546544198968
61.7,0.7950825671593412
61.75,0.8009742855425858
61.800000000000004,0.8027071721027408
61.85,0.7986436671763342
61.900000000000006,0.7925849128019736
61.95,0.7900930859969004
62.0,0.7933909311016873
62.050000000000004,0.7995091237048051
62.1,0.802859786021809
62.150000000000006,0.8003013025175065
62.2,0.794223088349213
62.25,0.7902475370148934
62.300000000000004,0.791951716332808
62.35,0.7977893045901396
62.400000000000006,0.802464658475717
62.45,0.8016280573214927
62.5,0.7960439780473407
62.550000000000004,0.7909084878804387
62.6,0.7908830906226146
62.650000000000006,0.7959625122972361
62.7,0.8015603715754238
62.75,0.8025118537817685
62.800000000000004,0.7978977721962976
62.85,0.7920253256017448
62.900000000000006,0.7902722510462882
62.95,0.7941822807299688
63.0,0.8002286306402062
63.050000000000004,0.802878567259824
63.1,0.79962911982512
63.150000000000006,0.7935094575690856
63.2,0.7901693654132125
63.25,0.7925954603243301
63.300000000000004,0.7985860438701222
63.35,0.8026991333500291
63.400000000000006,0.8010908338105933
63.45,0.7952403677088856
63.5,0.7905839833008428
63.550000000000004,0.7913309887509812
63.6,0.7967730537917288
63.650000000000006,0.8019920580683106
63.7,0.8021575381315943
63.75,0.797074611804553
63.800000000000004,0.791484020833543
63.85,0.7904905635149195
63.900000000000006,0.794941416850788
63.95,0.8008210957002668
64.0,0.8027376518675129
64.05,0.798857419050541
64.10000000000001,0.792797491562607
64.15,0.7901415191797075
64.2,0.7932415599136775
64.25,0.7992885671736624
64.3,0.8027821766560601
64.35000000000001,0.8004361093158052
64.4,0.7944171870393202
64.45,0.7903120509289188
64.5,0.7918108707259285
64.55,0.7975253590235014
64.60000000000001,0.802289147876324
64.65,0.8016740701764167
64.7,0.79620841065997
64.75,0.7909889060100311
64.8,0.7907636229488653
64.85000000000001,0.7956789521456998
64.9,0.8013032466475624
64.95,0.8024637170459082
65.0,0.7980195881553144
65.05,0.7921177313122272
65.10000000000001,0.7901829169817101
65.15,0.7939008478488969
65.2,0.7999107963429831
65.25,0.8027368135735127
65.3,0.7996951417533842
65.35000000000001,0.7936063244896199
65.4,0.7901148207036793
65.45,0.7923345395041405
65.5,0.7982310063147688
65.55,0.8024708137746543
65.60000000000001,0.8010895224534195
65.65,0.7953309870408385
65.7,0.790564844801415
65.75,0.7911048338958632
65.8,0.7964047342243945
65.85000000000001,0.8016904578477375
65.9,0.8020808943007265
65.95,0.7971459533384428
66.0,0.791496946916322
66.05,0.7903089858857149
66.10000000000001,0.7945821522930374
66.15,0.8004645767022551
66.2,0.8025828020143156
66.25,0.7988954683630469
66.3,0.7928353408135075
66.35000000000001,0.7900098749770569
66.4,0.7929105492023795
66.45,0.7988987569222321
66.5,0.8025523169138925
66.55,0.8004275853040819
66.60000000000001,0.7944693873134898
66.65,0.7902313678465467
66.7,0.7915231784699365
66.75,0.7971250239212333
66.8,0.8019936384016821
66.85000000000001,0.8016082897554065
66.9,0.7962616803879442
66.95,0.790956055709011
67.0,0.7905297078962296
67.05,0.7952899194523207
67.10000000000001,0.8009568229002517
67.15,0.8023342847859202
67.2,0.7980590890135639
67.25,0.792125653146214
67.3,0.7900085502934845
67.35000000000001,0.793542276795438
67.4,0.7995320473238023
67.45,0.8025428066602459
67.5,0.7997060240126447
67.55,0.793644391796006
67.60000000000001,0.7900012291815501
67.65,0.7920217142156838
67.7,0.7978404102436488
67.75,0.8022172147335475
67.8,0.8010586900772869
67.85000000000001,0.7953856435323152
67.9,0.7905089531997491
67.95,0.7908485046182369
68.0,0.7960226028351167
68.05,0.8013877382316056
68.10000000000001,0.8019987125253583
68.15,0.797201715530415
68.2,0.7914916766738541
68.25,0.7901151667059528
68.3,0.7942268052072136
68.35000000000001,0.8001275117631659
68.4,0.8024444337548945
68.45,0.7989362981440485
68.5,0.7928700104098884
68.55,0.7898799478876324
68.60000000000001,0.792596937567438
68.65,0.7985447038503591
68.7,0.8023584224982835
68.75,0.8004385151900979
68.8,0.7945303131123751
68.85000000000001,0.7901623529101399
68.9,0.7912620408149795
68.95,0.796771983187724
69.0,0.8017502951226433
69.05,0.8015770746464941
69.10000000000001,0.7963330719534611
69.15,0.7909409688650599
69.2,0.7903272159515453
69.25,0.7949547011086282
69.3,0.8006746822337014
69.35000000000001,0.802252797806432
69.4,0.7981242682031955
69.45,0.7921539534515242
69.5,0.789866324115264
69.55,0.7932390196717128
69.60000000000001,0.7992249017940796
69.65,0.8024079157804647
69.7,0.7997488945667853
69.75,0.7937025811278731
69.8,0.7899165848492625
69.85000000000001,0.7917608869392962
69.9,0.7975234458821255
69.95,0.8020309694977062
70.0,0.8010652808339054
70.05,0.7954580962729105
70.10000000000001,0.7904752846075167
70.15,0.7906363946892372
70.2,0.7957106418504256
70.25,0.8011568361628157
70.3,0.8019585512581715
70.35000000000001,0.7972717753752648
70.4,0.7914989390340803
70.45,0.7899537743805592
70.5,0.7939327970288724
70.55,0.7998621608653789
70.60000000000001,0.8023515063082791
70.65,0.7989875978843243
70.7,0.7929053330348315
70.75,0.7897671657068721
70.8,0.7923308583176012
70.85000000000001,0.7982571090892224
70.9,0.8022115383881773
70.95,0.8004563835098657
71.0,0.7945787943578013
71.05,0.7900923282234075
71.10000000000001,0.791030248170447
71.15,0.7964747321979321
71.2,0.8015527981007591
71.25,0.801549826931264
71.3,0.7963787873401469
71.35000000000001,0.7909045958188129
71.4,0.7901322141818113
71.45,0.7946593012913644
71.5,0.8004335778634817
71.55,0.8021726929341072
71.60000000000001,0.7981514612072055
71.65,0.7921394931999118
71.7,0.7897068458087257
71.75,0.792954761802928
71.8,0.7989495847520643
71.85000000000001,0.8022716073091809
71.9,0.7997432425277415
71.95,0.7936964372431705
72.0,0.789787895276212
72.05,0.791494110839294
72.10000000000001,0.7972242675257856
72.15,0.8018393759831955
72.2,0.8010150669990435
72.25,0.7954457618139545
72.3,0.7903696475876137
72.35000000000001,0.7903901440781038
72.4,0.7953975527315396
72.45,0.8009144730720267
72.5,0.8018555543826968
72.55,0.7972389218731761
72.60000000000001,0.7914062247191754
72.65,0.7897277745956658
72.7,0.7936142402005159
72.75,0.799576080560103
72.8,0.8021914530772168
72.85000000000001,0.7989212136243417
72.9,0.7928137732862828
72.95,0.7895580464005136
73.0,0.7920130039328521
73.05,0.7979356562532453
73.10000000000001,0.8019940439983682
73.15,0.8003458158894245
73.2,0.7944758853906551
73.25,0.7898940333840982
73.3,0.7907165789003909
73.35000000000001,0.7961263265402772
73.4,0.8012808232654183
73.45,0.8013875655598547
73.5,0.7962523025443711
73.55,0.7907089544374093
73.60000000000001,0.7898234179291274
73.65,0.7942914138353261
73.7,0.8001125251154556
73.75,0.8019547585235809
73.8,0.7979904849346633
73.85000000000001,0.7919369432472043
73.9,0.7894009556272135
73.95,0.7925731778601972
74.0,0.7985862155695729
74.05,0.8019974815155858
74.10000000000001,0.799539091768855
74.15,0.793476889003036
74.2,0.7894806288642591
74.25,0.7911025000499198
74.3,0.796825630240676
74.35000000000001,0.8015114992714811
74.4,0.800761954338927
74.45,0.7951995535260064
74.5,0.7900549218526352
74.55,0.7899899084257583
74.60000000000001,0.7949700732205622
74.65,0.8005374234411112
74.7,0.8015508739387182
74.75,0.7969577744154678
74.8,0.7910768342823835
74.85000000000001,0.7893181283771447
74.9,0.7931630622567092
74.95,0.7991555998239329
75.0,0.8018356374706714
75.05,0.7985990531164797
75.10000000000001,0.7924622119517112
75.15,0.7891362917777173
75.2,0.7915416000030058
75.25,0.7974776983884863
75.3,0.8015900266800946
75.35000000000001,0.7999793241921253
75.4,0.7940952558289657
75.45,0.7894560145053459
75.5,0.7902266065508883
75.55,0.7956362668388127
75.60000000000001,0.8008332206629492
75.65,0.8009763496494817
75.7,0.7958372142601668
75.75,0.7902496827887557
75.8,0.7893147826587573
75.85000000000001,0.7937734957069847
75.9,0.7996267026189385
75.95,0.801501097028225
76.0,0.7975378046110848
76.05,0.7914513738147366
76.10000000000001,0.7888720513087021
76.15,0.792030210855871
76.2,0.7980674064568672
76.25,0.8015056927771782
76.3,0.7990484034333339
76.35000000000001,0.7929607902196858
76.4,0.7889287468794002
76.45,0.7905357797586278
76.5,0.7962782391816653
76.55,0.8009870546425625
76.60000000000001,0.800235620458207
76.65,0.7946503661610896
76.7,0.7894768295101636
76.75,0.7893993165341624
76.80000000000001,0.7943972326611528
76.85000000000001,0.7999859777920426
76.9,0.800993659175724
76.95,0.7963753162557089
77.0,0.7904695088856262
77.05000000000001,0.7887023848321547
77.10000000000001,0.792566445225111
77.15,0.7985821142608682
77.2,0.8012539469225057
77.25,0.7979859181724724
77.30000000000001,0.7918236775951198
77.35000000000001,0.788493354421335
77.4,0.7909214489289143
77.45,0.7968857893975517
77.5,0.8009908939691205
77.55000000000001,0.7993408592143844
77.60000000000001,0.793425417811279
77.65,0.7887836346443501
77.7,0.7895819257862416
77.75,0.7950278479374882
77.80000000000001,0.8002232328372322
77.85000000000001,0.8003201644805118
77.9,0.7951385421596632
77.95,0.7895461130673022
78.0,0.7886436588666713
78.05000000000001,0.793148707180859
78.10000000000001,0.7990110528804911
78.15,0.8008361614721626
78.2,0.7968157016540807
78.25,0.7907161848400833
78.30000000000001,0.7881720945456736
78.35000000000001,0.7913875839016556
78.4,0.7974492225682619
78.45,0.8008411643624581
78.5,0.7983111306787967
78.55000000000001,0.792195696123727
78.60000000000001,0.7881976647383631
78.65,0.7898725664014434
78.7,0.7956582611649339
78.75,0.8003310414473817
78.80000000000001,0.7994937188858179
78.85000000000001,0.793859908407767
78.9,0.7887131402056835
78.95,0.7887119338872136
79.0,0.7937738340448829
79.05000000000001,0.7993444502642577
79.10000000000001,0.8002589146842571
79.15,0.7955672333318442
79.2,0.7896733617526746
79.25,0.7879869557957084
79.30000000000001,0.7919359333460747
79.35000000000001,0.7979581376760129
79.4,0.8005380450541751
79.45,0.7971710528344982
79.5,0.7909976911337931
79.55000000000001,0.7877463543420485
79.60000000000001,0.7902785574521585
79.65,0.7962791693740109
79.7,0.8003039831535346
79.75,0.7985325268521846
79.80000000000001,0.7925753878247243
79.85000000000001,0.7880026553569146
79.9,0.7889204269074925
79.95,0.7944351919748419
80.0,0.7995726354565227
80.05000000000001,0.7995330115509882
80.10000000000001,0.7942738411317567
80.15,0.7887307242161062
80.2,0.7879570588940414
80.25,0.7925638337607491
80.30000000000001,0.7984003268952119
80.35000000000001,0.8000846546441713
80.4,0.7959492047532686
80.45,0.7898688149843087
80.5,0.787454411539166
80.55000000000001,0.7908021766220414
80.60000000000001,0.7968776956002237
80.65,0.8001379373560511
80.7,0.7974585692881779
80.75,0.7913223936723194
80.80000000000001,0.7874442986844897
80.85000000000001,0.7892769775407253
80.9,0.7951210604309417
80.95,0.7996853620822925
81.0,0.7986724679596189
81.05000000000001,0.7929708014393995
81.10000000000001,0.787921823388027
81.15,0.7880960771066785
81.2,0.793262349961895
81.25,0.7987610447543935
81.30000000000001,0.7994863396658811
81.35000000000001,0.7946765101573154
81.4,0.7888451238194261
81.45,0.7873412682187553
81.5,0.7914386053346628
81.55000000000001,0.7974365317342786
81.60000000000001,0.7998296348837098
81.65,0.7962963412300531
81.7,0.7901377088133728
81.75,0.7870628298891945
81.80000000000001,0.7897818654383179
81.85000000000001,0.7958136014019076
81.9,0.7996715491098955
81.95,0.7976936515791554
82.0,0.7916935401485132
82.05000000000001,0.7872759388522593
82.10000000000001,0.788410001888194
82.15,0.7940150545741195
82.2,0.7990228459464828
82.25,0.7987502336428094
82.30000000000001,0.793384782142256
82.35000000000001,0.7879592097412453
82.4,0.7874188685878067
82.45,0.7921745333333937
82.5,0.7979337798605547
82.55000000000001,0.7993766094504466
82.60000000000001,0.7950718103470897
82.65,0.7890556284034967
82.7,0.7868760070139073
82.75,0.7904262799176085
82.80000000000001,0.7964886250801942
82.85000000000001,0.7995195599232123
82.9,0.7966147095790598
82.95,0.7904760844099107
83.0,0.7868161063304625
83.05000000000001,0.7888955336654986
83.10000000000001,0.794797664179458
83.15,0.799166098005846
83.2,0.7978851811916279
83.25,0.7921055489606466
83.30000000000001,0.7872384297011539
83.35000000000001,0.7876900439079086
83.4,0.7929876414201988
83.45,0.7983435905051425
83.5,0.7987776069818648
83.55000000000001,0.7938116830980724
83.60000000000001,0.7881064407518044
83.65,0.7868930070861612
83.7,0.7911916538902374
83.75,0.7971162482815352
83.80000000000001,0.7992180441495906
83.85000000000001,0.7954553325776172
83.9,0.7893498495463735
83.95,0.7865576413143008
84.0,0.7895392940220985
84.05000000000001,0.795578629335084
84.10000000000001,0.7991701662571316
84.15,0.7969020353999171
84.2,0.7908692064699409
84.25,0.786703584210888
84.30000000000001,0.7881476443287551
84.35000000000001,0.7938470603651068
84.4,0.7986375765700162
84.45,0.798033418500565
84.5,0.7925429851403021
84.55000000000001,0.7873153111071599
84.60000000000001,0.7871135255411917
84.65,0.7920499577891391
84.7,0.7976624142569705
84.75,0.798757267551846
84.80000000000001,0.7942368209354108
84.85000000000001,0.7883427798412433
84.9,0.7865072551065799
84.95,0.7903179472345733
85.0,0.7963206439693106
85.05000000000001,0.7990151618422419
85.10000000000001,0.795814252263401
85.15,0.7897044725434074
85.2,0.7863680979883115
85.25,0.7887745012677928
85.30000000000001,0.7947147728115882
85.35000000000001,0.7987868679976476
85.4,0.7971480172569065
85.45,0.7912928900508596
85.5,0.7867015748671629
85.55000000000001,0.7875276063823775
85.60000000000001,0.7929649232067313
85.65,0.7980911232797241
85.7,0.7981307692929176
85.75,0.7929823474159368
85.80000000000001,0.7874788050863472
85.85000000000001,0.7866627875237607
85.9,0.7911992026701294
85.95,0.796982917671117
86.0,0.7986840557325101
86.05000000000001,0.7946386366104451
86.10000000000001,0.788638063183438
86.15,0.7862376944206209
86.2,0.7895441905041911
86.25,0.7955478039712368
86.30000000000001,0.7987645817992892
86.35000000000001,0.796129815500365
86.4,0.7900886769753416
86.45,0.7862783970329829
86.5,0.7881161675461315
86.55000000000001,0.793894050025787
86.60000000000001,0.7983671306821439
86.65,0.7973371247964194
86.7,0.7917172605375534
86.75,0.7867775339864872
86.80000000000001,0.7870135102827714
86.85000000000001,0.792143562885498
86.9,0.7975239606770853
86.95,0.7981649039820545
87.0,0.7933960498642061
87.05000000000001,0.7876944767785686
87.10000000000001,0.7863105030421086
87.15,0.7904224725674621
87.2,0.7963009544664043
87.25,0.798548426700526
87.30000000000001,0.7949928193193945
87.35000000000001,0.7889576712597369
87.4,0.7860527187946742
87.45,0.7888521085941644
87.5,0.794791162647361
87.55000000000001,0.7984588149857315
87.60000000000001,0.7963815631959491
87.65,0.7904692531537405
87.7,0.7862540847237528
87.75,0.7875408962826962
87.80000000000001,0.7931066016726562
87.85000000000001,0.7979045784357208
87.9,0.7974529075714404
87.95,0.792111877655812
88.0,0.7868957652616306
88.05000000000001,0.786577500177758
88.10000000000001,0.7913692173138945
88.15,0.7969297774859144
88.2,0.7981231458721405
88.25,0.7937574559732491
88.30000000000001,0.7879270255378413
88.35000000000001,0.7860253929797745
88.4,0.7897018321392658
88.45,0.7956092328683316
88.5,0.7983409075735142
88.55000000000001,0.7952771932980318
88.60000000000001,0.7892682337271678
88.65,0.7859189527582862
88.7,0.7882197108026294
88.75,0.7940415133592862
88.80000000000001,0.7980907646617683
88.85000000000001,0.7965520439873471
88.9,0.7908160767658543
88.95,0.7862611877460131
89.0,0.7870231621233662
89.05000000000001,0.7923405840424911
89.10000000000001,0.7973934968406199
89.15,0.7974825229912172
89.2,0.7924508777519064
89.25,0.7870232301147219
89.30000000000001,0.7861914087357064
89.35000000000001,0.7906269846096551
89.4,0.7963031835798822
89.45,0.7979968035696825
89.5,0.7940456296297751
89.55000000000001,0.7881457809501745
89.60000000000001,0.7857778340046546
89.65,0.7890192668167497
89.7,0.7949016739008082
89.75,0.7980562146231207
89.80000000000001,0.795476053164491
89.85000000000001,0.789542673360148
89.9,0.7858066786119552
89.95,0.7876262103550529
90.0,0.7932912312093492
90.05000000000001,0.7976575981947349
90.10000000000001,0.7966307295604269
90.15,0.7911066061670572
90.2,0.7862712940792532
90.25,0.786540121416387
90.30000000000001,0.791586229330143
90.35000000000001,0.7968324246171381
90.4,0.7974202323160171
90.45,0.7927168757761109
90.5,0.7871341282231763
90.55000000000001,0.7858313535148651
90.60000000000001,0.78990470004475
90.65,0.7956429919862831
90.7,0.7977842435280189
90.75,0.7942486309446123
90.80000000000001,0.7883286602286432
90.85000000000001,0.785544110453068
90.9,0.7883603492283336
90.95,0.7941763675182387
91.0,0.7976958914020925
91.05000000000001,0.7955828660726587
91.10000000000001,0.7897634625587325
91.15,0.7856936024480706
91.2,0.7870554337001452
91.25,0.7925369025329511
91.30000000000001,0.7971629383709962
91.35000000000001,0.7966161437411001
91.4,0.7913284081119611
91.45,0.7862647016177694
91.5,0.7860746903600403
91.55000000000001,0.7908381571448189
91.60000000000001,0.796225893575508
91.65,0.7972689749074481
91.7,0.79290277049529
91.75,0.7872123279039229
91.80000000000001,0.7854803844229103
91.85000000000001,0.7891949351592719
91.9,0.7949535188075212
91.95,0.797491922600883
92.0,0.7943646367152567
92.05000000000001,0.7884638245716815
92.10000000000001,0.7853085187030743
92.15,0.7877159142205288
92.2,0.7934364618366194
92.25,0.7972688125846089
92.30000000000001,0.7956007528103649
92.35000000000001,0.7899234986449594
92.4,0.7855663102489087
92.45,0.7864971327424926
92.5,0.7917798448179507
92.55000000000001,0.796616860465769
92.60000000000001,0.7965157477814684
92.65,0.7914792864227921
92.7,0.7862311491054241
92.75,0.7856164285384304
92.80000000000001,0.7900955656329856
92.85000000000001,0.7955839579952773
92.9,0.7970396958840185
92.95,0.7930111875287339
93.0,0.787251338604053
93.05000000000001,0.785128856292308
93.10000000000001,0.7884948844196925
93.15,0.7942437035830323
93.2,0.7971331953411919
93.25,0.794400768572449
93.30000000000001,0.7885489083568945
93.35000000000001,0.7850631493442415
93.4,0.7870816376177473
93.45,0.7926889469434518
93.5,0.7967895164756357
93.55000000000001,0.7955407688645108
93.60000000000001,0.790024646707058
93.65,0.7854194043693522
93.7,0.785946222033231
93.75,0.7910246269786273
93.80000000000001,0.7960338125306244
93.85000000000001,0.7963437346064726
93.9,0.7915652221463468
93.95,0.7861682922856212
94.0,0.785160379538425
94.05000000000001,0.7893605453483824
94.10000000000001,0.7949197854217624
94.15,0.7967487102346115
94.2,0.7930519093800307
94.25,0.7872521589809673
94.30000000000001,0.7847728147413016
94.35000000000001,0.7878045004193205
94.4,0.7935244681686824
94.45,0.7967253105612707
94.5,0.7943701002131928
94.55000000000001,0.7885883127262622
94.60000000000001,0.7848057785357299
94.65,0.7864559862665556
94.7,0.7919418809190932
94.75,0.7962749121106866
94.80000000000001,0.7954185650241496
94.85000000000001,0.7900745785936141
94.9,0.7852528969206749
94.95,0.785400509753476
95.0,0.7902762456075113
95.05000000000001,0.795429130973425
95.10000000000001,0.7961174111428911
95.15,0.791596865458116
95.2,0.7860786402162672
95.25,0.78470453855945
95.30000000000001,0.7886352574258956
95.35000000000001,0.7942460941284902
95.4,0.7964138772556084
95.45,0.7930381196428942
95.5,0.7872198373464881
95.55000000000001,0.7844111675537784
95.60000000000001,0.7871236870283781
95.65,0.7928051918231334
95.7,0.7962854611391499
95.75,0.7942877377211506
95.80000000000001,0.7885894971823408
95.85000000000001,0.7845367411233582
95.9,0.7858374051382214
95.95,0.7912010023628792
96.0,0.7957403065660963
96.05000000000001,0.7952503745669046
96.10000000000001,0.7900829091098036
96.15,0.7850688237238737
96.2,0.7848578393889362
96.25,0.7895369415884829
96.30000000000001,0.7948151634724328
96.35000000000001,0.7958531602372582
96.4,0.7915856190516478
96.45,0.7859659882318819
96.5,0.7842469129679407
96.55000000000001,0.787918978058177
96.60000000000001,0.7935714932738727
96.65,0.7960506144832366
96.7,0.7929825160991055
96.75,0.7871598274553971
96.80000000000001,0.7840426531044542
96.85000000000001,0.7864495548178841
96.9,0.7920903750457624
96.95,0.7958269447721631
97.0,0.7941670262346767
97.05000000000001,0.7885593679805477
97.10000000000001,0.7842558334517491
97.15,0.7852217403444792
97.2,0.7904667902469752
97.25,0.7951958239962558
97.30000000000001,0.7950493690409819
97.35000000000001,0.7900577140039371
97.4,0.7848681460127777
97.45,0.7843136326232789
97.5,0.788803682014414
97.55000000000001,0.7941980632282825
97.60000000000001,0.795563006601461
97.65,0.7915403587881233
97.7,0.7858324092213314
97.75,0.7837831556301298
97.80000000000001,0.7872059818820318
97.85000000000001,0.792897755978702
97.9,0.7956687509092731
97.95,0.792894283184516
98.0,0.78707516670557
98.05000000000001,0.7836635685686438
98.10000000000001,0.7857746512191454
98.15,0.7913774614174464
98.2,0.7953563993194143
98.25,0.7940168096494451
98.30000000000001,0.788501727265923
98.35000000000001,0.7839601781902338
98.4,0.7846007491609175
98.45,0.7897328561367087
98.5,0.794644126345007
98.55000000000001,0.7948232421259828
98.60000000000001,0.7900033075755353
98.65,0.7846488213012144
98.7,0.783759624279516
98.75,0.7880670930113524
98.80000000000001,0.7935760883221248
98.85000000000001,0.7952525764149345
98.9,0.791465569068499
98.95,0.7856766088079137
99.0,0.7833055002587926
99.05000000000001,0.7864849447691988
99.10000000000001,0.7922187591326778
99.15,0.7952709332607999
99.2,0.7927775957754855
99.25,0.7869651818080156
99.30000000000001,0.7832669183311087
99.35000000000001,0.785086743154958
99.4,0.7906564311128711
99.45,0.7948727390681849
99.5,0.7938403111687824
99.55000000000001,0.7884163681232369
99.60000000000001,0.7836436287190847
99.65,0.7839621783814673
99.7,0.7889861501387058
99.75,0.7940799579047837
99.80000000000001,0.7945734887319145
99.85000000000001,0.789919734826192
99.9,0.7844055192767804
99.95,0.7831841795999798
100.0,0.7873121904787095
100.05000000000001,0.7929398055555597
100.10000000000001,0.7949208181657093
100.15,0.7913612171321952
100.2,0.7854939993733707
100.25,0.7828032984023146
100.30000000000001,0.7857400857767896
100.35000000000001,0.7915213507786223
100.4,0.7948528490832799
100.45,0.7926318549677426
100.5,0.7868259414573707
100.55000000000001,0.7828431852671758
100.60000000000001,0.7843702571441208
100.65,0.7899112802773796
100.7,0.7943679420168006
100.75,0.7936357222507532
100.80000000000001,0.7882998939835727
100.85000000000001,0.7832978071380854
100.9,0.7832914140239782
100.95,0.7882089502666331
101.0,0.7934915375086818
101.05000000000001,0.7942963625062417
101.10000000000001,0.7898039200793823
101.15,0.7841309551218428
101.2,0.782574103375866
101.25,0.7865207459807316
101.30000000000001,0.7922740854157848
101.35000000000001,0.7945613669859563
101.4,0.7912241847004988
101.45,0.7852783343392186
101.5,0.7822649758521435
101.55000000000001,0.7849537715883108
101.60000000000001,0.7907878905096862
101.65,0.7944050452520557
101.7,0.7924533678493223
101.75,0.7866521652683599
101.80000000000001,0.7823824465251299
101.85000000000001,0.7836090061418799
101.9,0.7891229964566179
101.95,0.7938293563637622
102.0,0.7933981215281284
102.05000000000001,0.788147848506623
102.10000000000001,0.7829143942961948
102.15,0.7825742536643082
102.2,0.787382126413569
102.25,0.7928633497027536
102.30000000000001,0.7939850535294211
102.35000000000001,0.7896519529154542
102.4,0.7838183506604015
102.45,0.7819174234010453
102.5,0.7856746835202828
102.55000000000001,0.7915613218168558
102.60000000000001,0.7941650180926587
102.65,0.791050655120983
102.7,0.7850243074148995
102.75,0.7816808241531656
102.80000000000001,0.7841099093574391
102.85000000000001,0.7899997873681232
102.9,0.7939157294546099
102.95,0.7922378086491978
103.0,0.7864398999840094
103.05000000000001,0.7818771805264423
103.10000000000001,0.7827894815059037
103.15,0.7882732642608581
103.2,0.7932428324746734
103.25,0.7931220166966778
103.30000000000001,0.7879573942186805
103.35000000000001,0.7824879480088092
103.4,0.7818000473776346
103.45,0.7864888494742728
103.5,0.7921795607075323
103.55000000000001,0.7936323432969288
103.60000000000001,0.7894617030928368
103.65,0.7834642330078085
103.7,0.7812063687202085
103.75,0.7847596435380462
103.80000000000001,0.7907850311836127
103.85000000000001,0.7937225319680813
103.9,0.7908386268838005
103.95,0.7847302729194838
104.0,0.7810458232202743
104.05000000000001,0.7831972565645954
104.10000000000001,0.7891411378416986
104.15,0.7933737410483158
104.2,0.7919826314492165
104.25,0.7861890872451379
104.30000000000001,0.7813249364449616
104.35000000000001,0.7819038499908629
104.4,0.7873479793142483
104.45,0.7925958309859095
104.5,0.7928036902650736
104.55000000000001,0.787729659579713
104.60000000000001,0.7820183996792777
104.65,0.7809643682893325
104.7,0.7855178299405088
104.75,0.7914271817551454
104.80000000000001,0.7932329314110467
104.85000000000001,0.7892349067631801
104.9,0.7830707113880956
104.95,0.7804397270196711
105.0,0.7837678330077027
105.05000000000001,0.789932942643771
105.10000000000001,0.7932269769411858
105.15,0.7905897400130125
105.2,0.7844002382869149
105.25,0.7803617017391177
105.30000000000001,0.78221182200714
105.35000000000001,0.7882015905749019
105.4,0.7927709063088353
105.45,0.7916886773678483
105.5,0.7859052102237251
105.55000000000001,0.7807300963776079
105.60000000000001,0.7809518957634048
105.65,0.786339741686505
105.7,0.7918797353427951
105.75,0.7924426507880652
105.80000000000001,0.787471004229268
105.85000000000001,0.781512490868052
105.9,0.7800705200995883
105.95,0.7844653295138421
106.0,0.7905982343313561
106.05000000000001,0.7927847897096123
106.10000000000001,0.7889780570382027
106.15,0.7826465409257347
106.2,0.7796239523086427
106.25,0.7826994978104718
106.30000000000001,0.7889988817365556
106.35000000000001,0.7926750129457006
106.4,0.7903098428162325
106.45,0.7840445068267902
106.5,0.7796376671577061
106.55000000000001,0.7811577963301872
106.60000000000001,0.7871778145459974
106.65,0.7921032282643895
106.7,0.7913604983062172
106.75,0.7855994896055601
106.80000000000001,0.7801042249122409
106.85000000000001,0.7799414472490113
106.9,0.7852488051846761
106.95,0.7910908722315785
107.0,0.7920417979565968
107.05000000000001,0.7871927836355181
107.10000000000001,0.7809837174470068
107.15,0.7791295152629155
107.2,0.7833355399310977
107.25,0.7896904899011522
107.30000000000001,0.792289227028428
107.35000000000001,0.7887017994176375
107.4,0.7822066304612819
107.45,0.7787727417219394
107.5,0.7815627366267748
107.55000000000001,0.7879831108844587
107.60000000000001,0.7920668661812874
107.65,0.7900081158254256
107.7,0.783678735729213
107.75,0.7788896047960046
107.80000000000001,0.7800468523269808
107.85000000000001,0.7860733460273116
107.9,0.791370727007366
107.95,0.7910053177026442
108.0,0.7852875164270514
108.05000000000001,0.7794648893565349
108.10000000000001,0.7788872379090908
108.15,0.7840823850009937
108.2,0.7902301309602808
108.25,0.7916063083554373
108.30000000000001,0.7869096284632964
108.35000000000001,0.7804507583271758
108.4,0.778158567053536
108.45,0.7821393630357681
108.5,0.7887067660631384
108.55000000000001,0.7917497425024429
108.60000000000001,0.788418968852685
108.65,0.7817700782777133
108.7,0.7779052073536341
108.75,0.7803718145106117
108.80000000000001,0.7868912164255504
108.85000000000001,0.7914051358093936
108.9,0.789694994217596
108.95,0.7833216105289664
109.0,0.7781379504376735
109.05000000000001,0.7788960807585583
109.10000000000001,0.7848970238841144
109.15,0.7905761367713197
109.2,0.7906309514551975
109.25,0.7849866424313077
109.30000000000001,0.7788332368208827
109.35000000000001,0.7778085539096091
109.4,0.7828526547752301
109.45,0.7893014631181384
109.5,0.7911416251719816
109.55000000000001,0.7866366694997742
109.60000000000001,0.7799347646852217
109.65,0.7771785177292468
109.7,0.780892034475269
109.75,0.7876531483028893
109.80000000000001,0.7911700960429368
109.85000000000001,0.788141789186482
109.9,0.7813572080816303
109.95,0.7770431237258268
110.0,0.7791445097883767
110.05000000000001,0.7857320084586314
110.10000000000001,0.7906929021906814
110.15,0.7893794724813745
110.2,0.7829917045077479
110.25,0.7774047729139576
110.30000000000001,0.7777251617554654
110.35000000000001,0.7836605765301531
110.4,0.7897229749440324
110.45,0.7902433089248504
110.5,0.7847127815457041
110.55000000000001,0.778230924062333
110.60000000000001,0.7767263120546666
110.65,0.781574081759127
110.7,0.7883098328420673
110.75,0.7906511876362986
110.80000000000001,0.7863864248160952
110.85000000000001,0.7794561689877013
110.9,0.7762108734106564
110.95,0.779610303151037
111.0,0.7865367704630959
111.05000000000001,0.7905522380596669
111.10000000000001,0.7878789854340209
111.15,0.7809863265642435
111.2,0.7762079417844568
111.25,0.7778992424194864
111.30000000000001,0.7845151290899522
111.35000000000001,0.7899317859824607
111.4,0.7890665455244359
111.45,0.7827042953107318
111.5,0.7767107782776946
111.55000000000001,0.7765535296319637
111.60000000000001,0.7823761072461628
111.65,0.7888136470661616
111.7,0.7898442080446978
111.75,0.7844774238458113
111.80000000000001,0.7776771351783467
111.85000000000001,0.7756603160683722
111.9,0.780260876200178
111.95,0.7872593040154839
112.0,0.790134601092483
112.05000000000001,0.7861661501365262
112.10000000000001,0.7790317716248
112.15,0.7752751742776728
112.2,0.7783099441222463
112.25,0.785363863746769
112.30000000000001,0.7898947649258695
112.35000000000001,0.7876335784943695
112.4,0.7806709738342659
112.45,0.7754182775826827
112.5,0.7766527356852344
112.55000000000001,0.7832490933926751
112.60000000000001,0.7891205972515213
112.65,0.7887554990130876
112.7,0.7824689039981513
112.75,0.7760729265729142
112.80000000000001,0.7753982363315638
112.85000000000001,0.7810541972765538
112.9,0.7878482087470939
112.95,0.7894301460934048
113.0,0.7842855937255759
113.05000000000001,0.7771863625436043
113.10000000000001,0.7746273391618451
113.15,0.7789252433725398
113.2,0.7861518715668595
113.25,0.7895868162069148
113.30000000000001,0.7859763209139367
113.35000000000001,0.7786727593138989
113.4,0.7743872901045019
113.45,0.7770042359566618
113.5,0.7841386627776581
113.55000000000001,0.789192403774124
113.60000000000001,0.7874019426924115
113.65,0.7804182843376649
113.7,0.7746884130964512
113.75,0.7754187645399424
113.80000000000001,0.7819403177486306
113.85000000000001,0.7882550253269373
113.9,0.7884395271394671
113.95,0.7822881141959359
114.0,0.7755031513376381
114.05000000000001,0.7742729793562984
114.10000000000001,0.7797031250829296
114.15,0.7868241913760559
114.2,0.7889924012116708
114.25,0.7841352234834424
114.30000000000001,0.7767673932760875
114.35000000000001,0.7736404123672663
114.4,0.7775768567189167
114.45,0.7849874005365614
114.5,0.7889985995875034
114.55000000000001,0.7858106082922065
114.60000000000001,0.7783840401475559
114.65,0.7735589427469866
114.7,0.7757037230408718
114.75,0.7828634796289182
114.80000000000001,0.7884367319686758
114.85000000000001,0.7871743669163854
114.9,0.7802287678419554
114.95,0.7740280428706283
115.0,0.774208205406698
115.05000000000001,0.7805933763936002
115.10000000000001,0.7873285121891158
115.15,0.7881067980785091
115.2,0.7821578837350374
115.25,0.7750083530681079
115.30000000000001,0.7731884069123
115.35000000000001,0.7783293529690877
115.4,0.7857375788427382
115.45,0.7885184774378049
115.5,0.7840180383812995
115.55000000000001,0.7764236070136437
115.60000000000001,0.772709341490223
115.65,0.7762235987706843
115.7,0.7837647014674187
115.75,0.7883582210677317
115.80000000000001,0.7856573187204192
115.85000000000001,0.7781649239997172
115.9,0.772798403525467
115.95,0.7744171997725877
116.0,0.7815399042131128
116.05000000000001,0.7876179888614117
116.10000000000001,0.7869369658657563
116.15,0.7800974454832662
116.2,0.7734431511451691
116.25,0.7730302210136885
116.30000000000001,0.7792123594902399
116.35000000000001,0.7863341127265242
116.4,0.7877427060617868
116.45,0.7820691747459961
116.5,0.7745914916336152
116.55000000000001,0.7721534462808022
116.60000000000001,0.7769390576981058
116.65,0.7845846877788195
116.7,0.787994548293224
116.75,0.7839216626843843
116.80000000000001,0.7761543449604789
116.85000000000001,0.7718421307376603
116.9,0.7748732470716224
116.95,0.7824834380823851
117.0,0.7876539535986393
117.05000000000001,0.7855018952111139
117.10000000000001,0.7780108317249369
117.15,0.7721119927916258
117.2,0.773153503209576
117.25,0.7801707599515634
117.30000000000001,0.7867275357799866
117.35000000000001,0.7866744455256579
117.4,0.7800159360489126
117.45,0.7729376055133038
117.5,0.7718940947269691
117.55000000000001,0.777802885907574
117.60000000000001,0.7852668670802677
117.65,0.7873327466772888
117.7,0.7820104037651554
117.75,0.7742533226360544
117.80000000000001,0.7711771209389426
117.85000000000001,0.7755401816522692
117.9,0.7833644450928978
117.95,0.7874082964553931
118.0,0.7838323605902447
118.05000000000001,0.7759568470337291
118.10000000000001,0.7710467510985627
118.15,0.773535515041075
118.2,0.7811463227131336
118.25,0.7868767676570418
118.30000000000001,0.7853298248038832
118.35000000000001,0.7779154728150945
118.4,0.7715058064439306
118.45,0.7719234773888993
118.5,0.7787622251815177
118.55000000000001,0.7857603442778116
118.60000000000001,0.7863730255176294
118.65,0.7799748706568846
118.7,0.7725148829983637
118.75,0.7708110560119504
118.80000000000001,0.7763741358532232
118.85000000000001,0.7841260662960886
118.9,0.7868653064279036
118.95,0.7819700341098295
119.0,0.7739941807073236
119.05000000000001,0.7702702005696628
119.10000000000001,0.7741443341694229
119.15,0.7820804407786713
119.2,0.7867514549869917
119.25,0.783737695736138
119.30000000000001,0.7758281396403159
119.35000000000001,0.7703326171482667
119.4,0.772223761425742
119.45,0.779760968218311
119.5,0.7860225566477892
119.55000000000001,0.7851292240199217
119.60000000000001,0.7778728488465059
119.65,0.7709870596098276
119.7,0.7707414322386879
119.75,0.7773254786410747
119.80000000000001,0.7847168854596209
119.85000000000001,0.7860228084100489
119.9,0.7799659716875842
119.95,0.7721793428267327
120.0,0.7697954539626412
120.05000000000001,0.7749402592254259
120.10000000000001,0.7829168169924902
120.15,0.7863337016656624
120.2,0.7819386395952751
120.25,0.7738152404837095
120.30000000000001,0.7694460929604874
120.35000000000001,0.7727679138233177
120.4,0.7807421879097347
120.45,0.7860214478446085
120.5,0.7836284556046694
120.55000000000001,0.7757663147487226
120.60000000000001,0.7697112411817036
120.65,0.770955777467053
120.7,0.7783408510444667
120.75,0.7850933596311102
120.80000000000001,0.7848924940676323
120.85000000000001,0.7778785337121968
120.9,0.7705645738088107
120.95,0.7696255680748129
121.0,0.7758773509144045
121.05000000000001,0.7836039514963374
121.10000000000001,0.7856190587342771
121.15,0.7799832677657831
121.2,0.7719366206400988
121.25,0.7688648290828443
121.30000000000001,0.7735206824085686
121.35000000000001,0.7816504923095802
121.4,0.7857370175366915
121.45,0.7819099519586838
121.5,0.773718868845762
121.55000000000001,0.7687206142891441
121.60000000000001,0.7714320352094962
121.65,0.7793652262642085
121.7,0.7852217734937668
121.75,0.7834994183066807
121.80000000000001,0.7757708485581957
121.85000000000001,0.7691957837107856
121.9,0.7697533169220586
121.95,0.7769050709444962
122.0,0.7840973130580017
122.05000000000001,0.7846167111977241
122.10000000000001,0.7779299187311551
122.15,0.7702481977454219
122.2,0.7685971276192803
122.25,0.7744397250802125
122.30000000000001,0.7824342174232125
122.35000000000001,0.7851621599842797
122.4,0.7800231870199978
122.45,0.7717929918967928
122.5,0.7680387473253079
122.55000000000001,0.7721391298606205
122.60000000000001,0.7803439424896064
122.65,0.7850796217093713
122.7,0.7818807081203603
122.75,0.7737079644194095
122.80000000000001,0.7681105979643539
122.85000000000001,0.770161166600881
122.9,0.7779700028531775
122.95,0.7843611054109461
123.0,0.7833488708709296
123.05000000000001,0.7758419031304383
123.10000000000001,0.7687995422152785
123.15,0.7686403775707775
123.2,0.7754769036229081
123.25,0.7830473897725965
123.30000000000001,0.784302766628581
123.35000000000001,0.7780254217472784
123.4,0.7700472676292187
123.45,0.7676783893014556
123.5,0.7730377560281211
123.55000000000001,0.781224670516831
123.60000000000001,0.7846563707907825
123.65,0.780083598012176
123.7,0.7717538597712643
123.75,0.7673366069744927
123.80000000000001,0.7708215157819034
123.85000000000001,0.7790176508325495
123.9,0.7843695711918892
123.95,0.7818494520088983
124.0,0.7737844822991722
124.05000000000001,0.7676316320660054
124.10000000000001,0.7689807286941669
124.15,0.7765797710881361
124.2,0.7834514075675482
124.25,0.783177128557338
124.30000000000001,0.7759788541171795
124.35000000000001,0.7685337261250166
124.4,0.7676405798654555
124.45,0.774081449154266
124.5,0.7819592838948015
124.55000000000001,0.7839535998519855
124.60000000000001,0.7781629580159474
124.65,0.7699684936712147
124.7,0.7668899326020999
124.75,0.771697280979091
124.80000000000001,0.7799943111816532
124.85000000000001,0.7841078071065338
124.9,0.7801621620505773
124.95,0.7718217808776632
125.0,0.7667749146327317
125.05000000000001,0.7695931544445448
125.10000000000001,0.7776932769728304
125.15,0.7836164027543696
125.2,0.7818147276437546
125.25,0.7739475813929738
125.30000000000001,0.7672954627427848
125.35000000000001,0.7679141778156476
125.4,0.7752179892708129
125.45,0.7825055970500079
125.5,0.7829845631644494
125.55000000000001,0.7761785112570857
125.60000000000001,0.768405073656829
125.65,0.7667742294711828
125.7,0.7727429009191924
125.75,0.780848996771538
125.80000000000001,0.7835720926891966
125.85000000000001,0.7783381771118213
125.9,0.7700138306091804
125.95,0.7662478049048305
126.0,0.7704419944794214
126.05000000000001,0.7787616925938866
126.10000000000001,0.7835222570377341
126.15,0.7802545443681211
126.2,0.7719945824107876
126.25,0.7663646766265855
126.30000000000001,0.7684759091120402
126.35000000000001,0.77639116430573
126.4,0.7828289295825115
126.45,0.7817732524468846
126.5,0.7741919458466049
126.55000000000001,0.767107701817217
126.60000000000001,0.7669802290196656
126.65,0.7739058080749052
126.7,0.7815353719537218
126.75,0.7827697595807968
126.80000000000001,0.7764335875845548
126.85000000000001,0.7684139221580175
126.9,0.7660557343897091
126.95,0.7714820413636096
127.0,0.7797307245102313
127.05000000000001,0.7831592542616301
127.10000000000001,0.7785430318599169
127.15,0.7701789084644624
127.2,0.7657612501032479
127.25,0.7692910097064333
127.30000000000001,0.7775428777736391
127.35000000000001,0.7829034465638344
127.4,0.7803530597152409
127.45,0.7722641120122339
127.5,0.7661095302809757
127.55000000000001,0.7674859074163569
127.60000000000001,0.7751283709119827
127.65,0.7820136297540479
127.7,0.7817186467503567
127.75,0.7745067933356433
127.80000000000001,0.7670664079310737
127.85000000000001,0.7661908347254575
127.9,0.7726601914946554
127.95,0.7805497438370557
128.0,0.7825283599557337
128.05,0.7767319083527524
128.1,0.7685532365963864
128.15,0.7654919561861325
128.20000000000002,0.7703144951416622
128.25,0.7786155355655269
128.3,0.7827132188135236
128.35,0.7787651505370264
128.4,0.7704524639519524
128.45000000000002,0.7654315182699691
128.5,0.7682573162574293
128.55,0.7763502548067172
128.6,0.7822522212822778
128.65,0.7804461981170773
128.70000000000002,0.7726160039129343
128.75,0.766005055671496
128.8,0.7666322981820485
128.85,0.7739176232389303
128.9,0.7811740221921655
128.95000000000002,0.7816411264571355
129.0,0.7748759059367633
129.05,0.7671618942413587
129.1,0.7655503380656346
129.15,0.7714930331688272
129.20000000000002,0.7795545973321941
129.25,0.7822529461352482
129.3,0.7770566531817644
129.35,0.7688088631283926
129.4,0.7650818372865081
129.45000000000002,0.7692500618904645
129.5,0.7775110925770512
129.55,0.782229334064836
129.6,0.7789882623169813
129.65,0.7708169626603607
129.70000000000002,0.7652520046825514
129.75,0.7673474067525878
129.8,0.7751924049754254
129.85,0.7815668382538132
129.9,0.7805192286413892
129.95000000000002,0.7730305868551481
130.0,0.7660394152294419
130.05,0.7659172558160747
130.1,0.7727673358491306
130.15,0.7803111387977226
130.20000000000002,0.7815282912923817
130.25,0.7752787543599876
130.3,0.76737781244122
130.35,0.7650559230564101
130.4,0.770411362429124
130.45000000000002,0.7785533071123172
130.5,0.7819340142269771
130.55,0.7773876511250344
130.6,0.7691609716932503
130.65,0.7648173287159766
130.70000000000002,0.7682931688612562
130.75,0.7764223821368207
130.8,0.7817013073701907
130.85,0.779193641080846
130.9,0.771250305804291
130.95000000000002,0.7652096397543476
131.0,0.7665620468845491
131.05,0.7740749329980149
131.1,0.780844249051327
131.15,0.7805557829965176
131.20000000000002,0.7734847716700975
131.25,0.7661951453057337
131.3,0.7653371274305146
131.35,0.771682559272797
131.4,0.7794248968360088
131.45000000000002,0.7813668376935672
131.5,0.7756925060507285
131.55,0.7676932540142193
131.6,0.764699166493127
131.65,0.7694184548528251
131.70000000000002,0.7775481540648465
131.75,0.7815617922409186
131.8,0.777703473212429
131.85,0.7695863641771149
131.9,0.7646853299375549
131.95000000000002,0.7674442041756454
132.0,0.7753531478165081
132.05,0.7811230849477699
132.1,0.7793622618168816
132.15,0.7717282518308881
132.20000000000002,0.7652871553996363
132.25,0.7658978855384377
132.3,0.7730019198082759
132.35,0.7800819845383049
132.4,0.7805400567501414
132.45000000000002,0.7739545154104304
132.5,0.7664516551835084
132.55,0.7648843469643001
132.6,0.7706664859014678
132.65,0.7785159342952692
132.70000000000002,0.7811447745797636
132.75,0.776094486338771
132.8,0.7680853753819995
132.85,0.7644682420376118
132.9,0.7685154441129568
132.95000000000002,0.7765420740649681
133.0,0.781128423220179
133.05,0.7779838631960728
133.1,0.7700611270236083
133.15,0.764670125457051
133.20000000000002,0.7667012872938698
133.25,0.7743075454487124
133.3,0.7804909425853434
133.35,0.7794771783126879
133.4,0.7722270201159739
133.45000000000002,0.7654656635869329
133.5,0.7653494149242258
133.55,0.771977510380075
133.6,0.7792800937388562
133.65,0.7804591030077813
133.70000000000002,0.7744173264716319
133.75,0.7667878427388224
133.8,0.7645495786862958
133.85,0.7697220203466539
133.9,0.7775873545146123
133.95000000000002,0.7808535869138075
134.0,0.7764645560305187
134.05,0.7685319522137471
134.1,0.7643501989792201
134.15,0.767702930407022
134.20000000000002,0.7755401964906398
134.25,0.7806299403169308
134.3,0.7782119666199957
134.35,0.7705630476955933
134.4,0.7647557171123303
134.45000000000002,0.7660619550367583
134.5,0.7732914987486531
134.55,0.7798052134764543
134.6,0.7795255772245753
134.65,0.7727255209400739
134.70000000000002,0.7657269444238362
134.75,0.7649107404855917
134.8,0.7710071377654127
134.85,0.778442581645157
134.9,0.7803046715051858
134.95000000000002,0.7748542825890254
135.0,0.7671842452504204
135.05,0.7643235372771462
135.1,0.768852934253613
135.15,0.77664586157679
135.20000000000002,0.7804898077008927
135.25,0.7767869028810493
135.3,0.7690133210997934
135.35,0.7643327646171616
135.4,0.7669821179245777
135.45000000000002,0.7745507014678958
135.5,0.7800675180747116
135.55,0.7783758783069374
135.6,0.7710733039290881
135.65,0.7649275228864088
135.70000000000002,0.7655243045468376
135.75,0.7723133343473333
135.8,0.7790711796304947
135.85,0.7795000519566808
135.9,0.7732067742303353
135.95000000000002,0.7660549579251736
136.0,0.7645767140103303
136.05,0.7700980079007012
136.1,0.7775779312054314
136.15,0.7800741668040033
136.20000000000002,0.7752511745490107
136.25,0.7676243004261039
136.3,0.7641980609097624
136.35,0.7680642676503491
136.4,0.7757019407961531
136.45000000000002,0.7800556152494905
136.5,0.7770509050333093
136.55,0.7695133547849614
136.6,0.764405286711796
136.65,0.7663551745296593
136.70000000000002,0.7735847212545957
136.75,0.7794476758292419
136.8,0.7784692090287489
136.85,0.7715771447741333
136.9,0.7651731175336371
136.95000000000002,0.7650873166314889
137.0,0.7713834868469975
137.05,0.7782988764752556
137.1,0.7793988427654397
137.15,0.7736583037248972
137.20000000000002,0.766436329142723
137.25,0.7643431902659777
137.3,0.7692586907132352
137.35,0.7766985416288353
137.4,0.7797705265802707
137.45000000000002,0.7755986218469888
137.5,0.7680945502441523
137.55,0.7641662474728588
137.6,0.7673618672966345
137.65,0.7747689996072854
137.70000000000002,0.7795583238024196
137.75,0.7772509657592985
137.8,0.770019386330538
137.85,0.7645586912729255
137.9,0.7658247436890087
137.95000000000002,0.7726552765597304
138.0,0.7787813803459591
138.05,0.7784906222891619
138.1,0.7720635540115093
138.15,0.7654819682880195
138.20000000000002,0.764750330864963
138.25,0.7705133272804972
138.3,0.7775018436546954
138.35,0.7792250501904878
138.4,0.774071561049058
138.45000000000002,0.7668598443441518
138.5,0.7642064282044498
138.55,0.7684979197667607
138.6,0.77581920088252
138.65,0.7794010920284975
138.70000000000002,0.7758912681763969
138.75,0.7685839075540444
138.8,0.7642217361171846
138.85,0.7667512032102792
138.9,0.773861662086744
138.95000000000002,0.7790089134460048
139.0,0.777385474806256
139.05,0.7705212745237385
139.1,0.7647846090588439
139.15,0.7653927856894929
139.20000000000002,0.7717755010153448
139.25,0.7780822724135463
139.3,0.7784425442095667
139.35,0.7725241463683598
139.4,0.7658443945607418
139.45000000000002,0.7645118890775979
139.5,0.7697134111004523
139.55,0.7766951230467528
139.6,0.7789850775610747
139.65,0.774440674062361
139.70000000000002,0.7673152588516751
139.75,0.7641619007668318
139.8,0.767822925468242
139.85,0.7749549588168559
139.9,0.7789757852572364
139.95000000000002,0.7761263851148718
140.0,0.76908234612595
140.05,0.7643574530896815
140.1,0.7662358098584263
140.15,0.7729936317990056
140.20000000000002,0.7784199766932545
140.25,0.777455255181854
140.3,0.7710100148317338
140.35,0.7650740474976212
140.4,0.7650591157755982
140.45000000000002,0.770956597171286
140.5,0.7773644539577275
140.55,0.7783294378276923
140.6,0.7729517274807166
140.65,0.76625018140067
140.70000000000002,0.7643683407989916
140.75,0.7689916005298635
140.8,0.7758929883500748
140.85,0.7786867308520796
140.9,0.7747609641134816
140.95000000000002,0.7677918870029152
141.0,0.7642029385149822
141.05,0.7672377572870702
141.1,0.7741189151489378
141.15,0.7785050615480276
141.20000000000002,0.7763023358592662
141.25,0.7695795077430702
141.3,0.7645642809514451
141.35,0.7658158046440077
141.4,0.7721756461469785
141.45000000000002,0.7778035860084307
141.5,0.7774619543285248
141.55,0.7714763940773706
141.6,0.765416096520487
141.65,0.76482009171461
141.70000000000002,0.7702060369672549
141.75,0.7766403656217273
141.8,0.7781561114241666
141.85,0.7733390055019653
141.9,0.7666873526772007
141.95000000000002,0.7643126679277176
142.0,0.7683515509525787
142.05,0.7751069444643574
142.1,0.7783374590453447
142.15,0.7750277015843267
142.20000000000002,0.7682774803401389
142.25,0.7643196718072298
142.3,0.7667420559893703
142.35,0.773320447905647
142.4,0.777998131311038
142.45000000000002,0.7764173487711118
142.5,0.7700637138577229
142.55,0.7648301202439608
142.6,0.7654869176977558
142.65,0.7714140154646251
142.70000000000002,0.7771695800009657
142.75,0.7774068135150414
142.8,0.7719101423649494
142.85,0.7657971315675819
142.9,0.7646678628985653
142.95000000000002,0.7695264535556768
143.0,0.7759192398614754
143.05,0.7779264829846374
143.1,0.7736778651829819
143.15,0.7671415458167964
143.20000000000002,0.7643339230595001
143.25,0.7677919557020491
143.3,0.7743444495275306
143.35,0.7779431460409822
143.4,0.775235466805859
143.45000000000002,0.7687577969506927
143.5,0.7644986476999976
143.55,0.7663306193967963
143.6,0.7725642840090989
143.65,0.7774618460029575
143.70000000000002,0.7764689287694954
143.75,0.7705217311063436
143.8,0.7651396944178711
143.85,0.7652403318559243
143.9,0.770710083572196
143.95000000000002,0.7765246331995245
144.0,0.7772901109800224
144.05,0.7722998697497183
144.1,0.7662008265521453
144.15,0.764590441884225
144.20000000000002,0.7689154903417426
144.25,0.7752064481707018
144.3,0.7776430678910201
144.35,0.7739594299212851
144.4,0.7675962476896186
144.45000000000002,0.7644175072694054
144.5,0.767306746647279
144.55,0.7736086147405961
144.6,0.777507690965374
144.65,0.7753782862929012
144.70000000000002,0.7692170552737537
144.75,0.764723309115328
144.8,0.7659938986191414
144.85,0.7718505909456483
144.9,0.7769004459429345
144.95000000000002,0.7764540305590304
145.0,0.7709394108493308
145.05,0.7654752384477588
145.1,0.7650634189940245
145.15,0.7700607075655365
145.20000000000002,0.7758722548723
145.25,0.7771113647758969
145.3,0.7726338359446334
145.35,0.766609057997487
145.4,0.7645726406597022
145.45000000000002,0.7683666274434046
145.5,0.7745038206887406
145.55,0.7773072403508821
145.6,0.7741748968349579
145.65,0.7680339029241205
145.70000000000002,0.7645462870310573
145.75,0.766886203397585
145.8,0.7728988819411525
145.85,0.7770333876936093
145.9,0.7754504788565465
145.95000000000002,0.7696392085868186
146.0,0.7649752886995443
146.05,0.7657193230697169
146.1,0.771176007455808
146.15,0.776316131302877
146.20000000000002,0.7763698895108527
146.25,0.7713030667993565
146.3,0.7658179676776857
146.35,0.7649412274252854
146.4,0.7694595977072284
146.45000000000002,0.7752136166190936
146.5,0.7768701594666035
146.55,0.7729013555994789
146.6,0.7670035328635523
146.65,0.7645976883344034
146.70000000000002,0.7678707615228844
146.75,0.7738107671115282
146.8,0.7769201012179857
146.85,0.7743169013039302
146.9,0.7684376596531826
146.95000000000002,0.7647023284836733
147.0,0.7665186977959569
147.05,0.7722124343673155
147.1,0.7765218985104156
147.15,0.7754479372264613
147.20000000000002,0.7700097418694571
147.25,0.7652362518554978
147.3,0.7654931460330826
147.35,0.7705353010928053
147.4,0.775710204109813
147.45000000000002,0.7762152161741439
147.5,0.7716012411184634
147.55,0.7661500118214578
147.6,0.7648583867088099
147.65,0.7688991510915408
147.70000000000002,0.7745489016559592
147.75,0.776567287079938
147.8,0.7730944556347468
147.85,0.7673677731558174
147.9,0.764649174447645
147.95000000000002,0.7674181361073362
148.0,0.7731258346549863
148.05,0.7764836239499413
148.1,0.7743810116261561
148.15,0.7687933387135155
148.20000000000002,0.7648688686776659
148.25,0.7661926512942557
148.3,0.7715459252322721
148.35,0.7759754677043172
148.4,0.7753694442722023
148.45000000000002,0.7703175424348087
148.5,0.7654898798592661
148.55,0.7653023814442448
148.6,0.7699231998906638
148.65,0.7750843939196709
148.70000000000002,0.775991359072453
148.75,0.7718263940742551
148.8,0.7664563744480888
148.85,0.764800999653724
148.9,0.768372307494285
148.95000000000002,0.7738787527243254
149.0,0.7762058118483856
149.05,0.7732093230666893
149.1,0.7676889913957973
149.15,0.764712886380914
149.20000000000002,0.767000150566354
149.25,0.7724482495110044
149.3,0.7760016870396401
149.35,0.7743669118103302
149.4,0.7690911459703945
149.45000000000002,0.765032087654506
149.5,0.7658982477043176
149.55,0.7708970530359969
149.6,0.7753979749093585
149.65,0.775217610609508
149.70000000000002,0.7705563675620812
149.75,0.7657235499489571
149.8,0.7651363964188007
149.85,0.7693359277615476
149.9,0.7744419546375609
149.95000000000002,0.7757030520940864
150.0,0.7719760639249831
150.05,0.7667264708024613
150.1,0.7647581087998561
150.15,0.7678739766185166
150.20000000000002,0.7732053970560349
150.25,0.7757916988143687
150.3,0.7732471303929042
150.35,0.7679594157950516
150.4,0.7647781474251096
150.45000000000002,0.7666106318037234
150.5,0.7717790221233708
150.55,0.7754806484113466
150.6,0.774278910044591
150.65,0.7693267087595128
150.70000000000002,0.7651823034608755
150.75,0.7656285285476923
150.8,0.7702655823935206
150.85,0.7747954930800369
150.9,0.7749991228235554
150.95000000000002,0.7707255310080166
151.0,0.7659293505123832
151.05,0.7649878307935323
151.1,0.7687720788345527
151.15,0.7737882070315252
151.20000000000002,0.7753584811565205
151.25,0.7720531763104898
151.3,0.7669549050555028
151.35,0.7647224481511038
151.4,0.7674017231769907
151.45000000000002,0.7725331403512083
151.5,0.7753337762600396
151.55,0.7732139851703951
151.6,0.7681767623881302
151.65,0.764838399923294
151.70000000000002,0.7662463144122886
151.75,0.7711213395554434
151.8,0.774929258044275
151.85,0.7741255877977024
151.9,0.7695011865052979
151.95000000000002,0.7653143653168335
152.0,0.7653796763016881
152.05,0.7696535810553635
152.1,0.7741761700394569
152.15,0.7747241782101749
152.20000000000002,0.7708296264299754
152.25,0.7661042404496938
152.3,0.7648527023998409
152.35,0.7682326623773277
152.4,0.7731303724077134
152.45000000000002,0.7749685945389688
152.5,0.7720653982717509
152.55,0.7671413395838982
152.6,0.764690383792522
152.65,0.766955609667341
152.70000000000002,0.7718681124081437
152.75,0.7748429924730927
152.8,0.7731199761785745
152.85,0.7683437640893749
152.9,0.764890975447441
152.95000000000002,0.7659064964459488
153.0,0.7704801783032226
153.05,0.7743578976079233
153.1,0.7739186303483688
153.15,0.7696204359208321
153.20000000000002,0.7654272241391321
153.25,0.7651505120186585
153.3,0.7690648690365154
153.35,0.7735494503977571
153.4,0.7744052004769482
153.45000000000002,0.7708773463630954
153.5,0.766249374934225
153.55,0.7647297725602601
153.60000000000002,0.7677203827815928
153.65,0.77247674918084
153.70000000000002,0.7745457891460905
153.75,0.7720236729095262
153.8,0.7672895319550721
153.85000000000002,0.7646611556367761
153.9,0.7665373276390974
153.95000000000002,0.7712173617102033
154.0,0.7743311250318029
154.05,0.7729775193531955
154.10000000000002,0.7684668964876497
154.15,0.7649361968647445
154.20000000000002,0.7655920582826081
154.25,0.7698612903466069
154.3,0.7737773267605799
154.35000000000002,0.7736710923858668
154.4,0.7696934412100065
154.45000000000002,0.7655228596620185
154.5,0.7649414377419331
154.55,0.768503892937662
154.60000000000002,0.7729248420780785
154.65,0.7740551216786544
154.70000000000002,0.7708796761466916
154.75,0.7663688182536684
154.8,0.7646194317481076
154.85000000000002,0.7672384248632099
154.9,0.7718354690701446
154.95000000000002,0.7741022741726425
155.0,0.7719402721641784
155.05,0.7674058103515818
155.10000000000002,0.7646357009719221
155.15,0.7661489342068935
155.20000000000002,0.7705875764584942
155.25,0.7738092519732757
155.3,0.7727993810692675
155.35000000000002,0.768554626691373
155.4,0.7649761118652865
155.45000000000002,0.7653041924141296
155.5,0.7692698849059857
155.55,0.7731972532132821
155.60000000000002,0.773395495420784
155.65,0.7697303894340639
155.70000000000002,0.7656048869126185
155.75,0.7647531867897301
155.8,0.7679743896584245
155.85000000000002,0.7723105579754059
155.9,0.7736856280772156
155.95000000000002,0.7708478860349149
156.0,0.7664679967834817
156.05,0.7645224720600086
156.10000000000002,0.7667891395159876
156.15,0.7712131841490713
156.20000000000002,0.7736484994741787
156.25,0.7718268157074215
156.3,0.7674973760327142
156.35000000000002,0.7646154254733437
156.4,0.7657916035035732
156.45000000000002,0.7699838084206315
156.5,0.7732863591068878
156.55,0.7725968295641594
156.60000000000002,0.7686156083461017
156.65,0.7650132249957309
156.70000000000002,0.7650432513054928
156.75,0.7687094048612743
156.8,0.7726250919644266
156.85000000000002,0.7731021906582558
156.9,0.7697408389324952
156.95000000000002,0.7656772167756938
157.0,0.7645857730425565
157.05,0.7674782508979807
157.10000000000002,0.7717123964757852
157.15,0.7733057731638873
157.20000000000002,0.770791776627412
157.25,0.7665522802770066
157.3,0.7644391154056907
157.35000000000002,0.7663730377481444
157.4,0.7706140521974142
157.45000000000002,0.7731920171986427
157.5,0.7716926965988836
157.55,0.7675708349707796
157.60000000000002,0.7646012696501039
157.65,0.7654647803565067
157.70000000000002,0.7694085698065308
157.75,0.7727684209183776
157.8,0.7723783202735681
157.85000000000002,0.7686572312053039
157.9,0.765049561526233
157.95000000000002,0.7648080657546124
158.0,0.7681807624832875
158.05,0.7720652278897209
158.10000000000002,0.7727983441160169
158.15,0.769732379904618
158.20000000000002,0.7657430964318335
158.25,0.7644379499709588
158.3,0.7670149332700605
158.35000000000002,0.771133158810589
158.4,0.772921260678551
158.45000000000002,0.7707185472516584
158.5,0.7666260125705884
158.55,0.7643685674810703
158.60000000000002,0.7659884016855967
158.65,0.7700393037269646
158.70000000000002,0.7727370292952906
158.75,0.7715442341691915
158.8,0.7676312704039789
158.85000000000002,0.7645933072134719
158.9,0.7651659948573165
158.95000000000002,0.768861566448151
159.0,0.7722581665626526
159.05,0.7721489723638493
159.10000000000002,0.7686848152010366
159.15,0.7650862751784793
159.20000000000002,0.7645959358716189
159.25,0.7676822659593395
159.3,0.7715189614645721
159.35000000000002,0.7724877332189899
159.4,0.7697100376329726
159.45000000000002,0.7658047230925804
159.5,0.7643073264204703
159.55,0.7665815991670841
159.60000000000002,0.7705727562464606
159.65,0.7725345232198584
159.70000000000002,0.7706324801583375
159.75,0.7666921656413308
159.8,0.7643091979557887
159.85000000000002,0.7656316388957097
159.9,0.7694875149551688
159.95000000000002,0.772284693662254
160.0,0.7713846762054556
160.05,0.7676820020763325
160.10000000000002,0.7645909407044305
160.15,0.7648913994923539
160.20000000000002,0.7683401543320889
160.25,0.7717555630920971
160.3,0.7719108835223448
160.35000000000002,0.768701552053114
160.4,0.7651238392169536
160.45000000000002,0.7644032940668889
160.5,0.7672102744024096
160.55,0.7709851377408369
160.60000000000002,0.7721713323507916
160.65,0.7696764626639315
160.70000000000002,0.7658634478995285
160.75,0.7641910864277432
160.8,0.7661739659600061
160.85000000000002,0.7700289770685707
160.9,0.7721455169994091
160.95000000000002,0.7705354143008704
161.0,0.7667526065256063
161.05,0.7642592559402498
161.10000000000002,0.7652982926592554
161.15,0.7689555214566768
161.20000000000002,0.7718340675152529
161.25,0.7712149503351335
161.3,0.7677249831509009
161.35000000000002,0.7645935778358143
161.4,0.7646368800252361
161.45000000000002,0.7678404095456498
161.5,0.7712588645771747
161.55,0.7716641153850669
161.60000000000002,0.7687090933931323
161.65,0.7651626858024069
161.70000000000002,0.7642268413858708
161.75,0.7667604178350784
161.8,0.7704612829086103
161.85000000000002,0.7718484663245658
161.9,0.7696327445262015
161.95000000000002,0.7659204154965229
162.0,0.7640870804826689
162.05,0.7657876426219377
162.10000000000002,0.7694987117108805
162.15,0.7717529754927543
162.20000000000002,0.7704277802533246
162.25,0.7668087954401019
162.3,0.7642178696276981
162.35000000000002,0.7649844341276564
162.4,0.7684397380737643
162.45000000000002,0.7713834096217861
162.5,0.7710348778815241
162.55,0.7677616148499729
162.60000000000002,0.7646015294450212
162.65,0.7643994253003425
162.70000000000002,0.7673585370897581
162.75,0.7707659366304622
162.8,0.7714080194741918
162.85000000000002,0.7687085178744635
162.9,0.7652040292085334
162.95000000000002,0.7640648188384849
163.0,0.7663290641769622
163.05,0.7699449471786658
163.10000000000002,0.7715181770556525
163.15,0.7695795313682207
163.20000000000002,0.7659773646844958
163.25,0.7639949439972353
163.3,0.7654195966814311
163.35000000000002,0.7689793193474836
163.4,0.7713557601427209
163.45000000000002,0.7703098349984022
163.5,0.7668626210368399
163.55,0.7641859933137942
163.60000000000002,0.764688052587832
163.65,0.7679375465734455
163.70000000000002,0.7709314840048798
163.75,0.7708444601795349
163.8,0.7677936564556815
163.85000000000002,0.7646168050627122
163.9,0.7641783633368641
163.95000000000002,0.7668922548445776
164.0,0.7702755070341057
164.05,0.7711425044043282
164.10000000000002,0.768701323514127
164.15,0.7652505588410806
164.20000000000002,0.7639180312272459
164.25,0.7659146479067415
164.3,0.7694349095438789
164.35000000000002,0.7711804137116665
164.4,0.76951807575923
164.45000000000002,0.7660372778290105
164.5,0.7639168854838403
164.55,0.7650693561169607
164.60000000000002,0.7684697901844425
164.65,0.7709539410433646
164.70000000000002,0.7701827047662343
164.75,0.7669170531095639
164.8,0.7641669762490945
164.85000000000002,0.7644100557701733
164.9,0.7674483997229744
164.95000000000002,0.7704785256854106
165.0,0.7706448524694103
165.05,0.7678238992414981
165.10000000000002,0.7646435107847992
165.15,0.763976101975306
165.20000000000002,0.7664417977022693
165.25,0.7697880279946859
165.3,0.7708688851972562
165.35000000000002,0.7686901055337363
165.4,0.765306729107449
165.45000000000002,0.7637903033041746
165.5,0.7655185114438621
165.55,0.7689319482706253
165.60000000000002,0.7708367266197577
165.65,0.7694508705503241
165.70000000000002,0.7661046184670538
165.75,0.7638578736203244
165.8,0.7647396191855392
165.85000000000002,0.7679714197932406
165.9,0.7705493327448816
165.95000000000002,0.7700489207891191
166.0,0.7669763581784202
166.05,0.7641665304771664
166.10000000000002,0.7641545930467388
166.15,0.7669743701234474
166.20000000000002,0.770026635800483
166.25,0.7704387490687375
166.3,0.7678563564358968
166.35000000000002,0.7646876663937539
166.4,0.7637981416854385
166.45000000000002,0.766010289265498
166.5,0.7693059519361392
166.55,0.7705900907153462
166.60000000000002,0.7686786875557141
166.65,0.7653784914312878
166.70000000000002,0.7636881983410839
166.75,0.7651450391626406
166.8,0.7684390055388521
166.85000000000002,0.7704902983257318
166.9,0.7693816730905035
166.95000000000002,0.7661850216213788
167.0,0.7638251139854759
167.05,0.7644361005329864
167.10000000000002,0.767487846905466
167.15,0.7701453728661515
167.20000000000002,0.769912292907853
167.25,0.7670457591012416
167.3,0.7641920400986049
167.35000000000002,0.7639285921554562
167.4,0.7665200218466866
167.45000000000002,0.7695795387653082
167.5,0.7702300837682953
167.55,0.7678958724751433
167.60000000000002,0.7647564224308446
167.65,0.763652320228963
167.70000000000002,0.7656033959888764
167.75,0.7688333878521363
167.8,0.7703101964142627
167.85000000000002,0.7686716429525325
167.9,0.7654724752877279
167.95000000000002,0.7636200254576698
168.0,0.7648010492656321
168.05,0.7679607407810861
168.10000000000002,0.7701453384069518
168.15,0.7693149022464942
168.20000000000002,0.7662844637808868
168.25,0.763826898301069
168.3,0.7641666414489683
168.35000000000002,0.7670244765540389
168.4,0.7697464183815964
168.45000000000002,0.7697771639091405
168.5,0.7671305872236334
168.55,0.7642513359222899
168.60000000000002,0.7637406055775308
168.65,0.7660916609861046
168.70000000000002,0.7691418116717804
168.75,0.7700231502255824
168.8,0.7679472298975987
168.85000000000002,0.7648568273969123
168.9,0.7635474506771042
168.95000000000002,0.7652283650833134
169.0,0.7683752735559581
169.05,0.7700334443443881
169.10000000000002,0.7686733262981632
169.15,0.7655947850225177
169.20000000000002,0.7635943512416893
169.25,0.7644946005125969
169.3,0.767502629340211
169.35000000000002,0.7698060484887289
169.4,0.7692545788833267
169.45000000000002,0.7664080937056734
169.5,0.7638710787612708
169.55,0.7639398016944784
169.60000000000002,0.7665874702114954
169.65,0.7693566955989105
169.70000000000002,0.7696472688084329
169.75,0.7672351280364389
169.8,0.7643512077795173
169.85000000000002,0.763599241122698
169.9,0.765696180167372
169.95000000000002,0.768717838323356
170.0,0.7698214145873623
170.05,0.7680139838755057
170.10000000000002,0.7649944244046558
170.15,0.7634916723740993
170.20000000000002,0.764892703554213
170.25,0.7679363257052514
170.3,0.7697630572649615
170.35000000000002,0.7686866817973271
170.4,0.7657496936397452
170.45000000000002,0.7636183623848876
170.5,0.7642335178537291
170.55,0.7670698786580888
170.60000000000002,0.7694754826656203
170.65,0.769203116127327
170.70000000000002,0.766559009793243
170.75,0.7639635222623306
170.8,0.763763280275005
170.85000000000002,0.7661825916492476
170.9,0.7689792320476383
170.95000000000002,0.7695245392012398
171.0,0.7673614577812315
171.05,0.7644960025991716
171.10000000000002,0.7635115555389607
171.15,0.765339810256832
171.20000000000002,0.7683108098953713
171.25,0.7696263811857886
171.3,0.7680973408998304
171.35000000000002,0.7651720110853095
171.4,0.7634909070799676
171.45000000000002,0.7646028405594185
171.5,0.7675200818202489
171.55,0.7695002115805941
171.60000000000002,0.7687121671024507
171.65,0.7659385536244776
171.70000000000002,0.7636964652328537
171.75,0.7640240055154455
171.8,0.7666664732770232
171.85000000000002,0.769154655401525
171.9,0.7691603150157689
171.95000000000002,0.766737296421331
172.0,0.7641069080030127
172.05,0.7636425493917828
172.10000000000002,0.7658142244895695
172.15,0.7686150989360144
172.20000000000002,0.7694082134584892
172.25,0.7675085832291675
172.3,0.764686640113333
172.35000000000002,0.7634817937959177
172.4,0.7650271052057619
172.45000000000002,0.7679220744077879
172.5,0.769436860707389
172.55,0.7681953974486666
172.60000000000002,0.7653888624295269
172.65,0.7635477819489873
172.70000000000002,0.7643631080916244
172.75,0.7671283142358607
172.8,0.7692434905226713
172.85000000000002,0.7687471090687987
172.9,0.7661591980467163
172.95000000000002,0.7638294463993671
173.0,0.7638696828857154
173.05,0.7662946141452112
173.10000000000002,0.7688421788995253
173.15,0.7691228724807173
173.20000000000002,0.7669395741741601
173.25,0.7643001453310265
173.3,0.7635800216815708
173.35000000000002,0.7654848193805245
173.4,0.7682632030353129
173.45000000000002,0.7692945350142915
173.5,0.7676721268533531
173.55,0.7649202748724689
173.60000000000002,0.7635107607649189
173.65,0.7647604118275102
173.70000000000002,0.767551034903603
173.75,0.7692488825769069
173.8,0.7683029676788006
173.85000000000002,0.7656406031065686
173.9,0.7636612567112521
173.95000000000002,0.7641752796605975
174.0,0.7667609856779098
174.05,0.7689890075900251
174.10000000000002,0.7687856995405624
174.15,0.7664059858570647
174.20000000000002,0.7640143730455309
174.25,0.7637712578390715
174.3,0.7659547007777675
174.35000000000002,0.7685345647408569
174.4,0.7690845760416515
174.45000000000002,0.7671591932377088
174.5,0.7645385310576348
174.55,0.7635749243255135
174.60000000000002,0.7651949025552356
174.65,0.7679207122547631
174.70000000000002,0.7691771651557884
174.75,0.7678446643728841
174.8,0.7651906714117465
174.85000000000002,0.7635959432445539
174.9,0.7645399368482508
174.95000000000002,0.7671956403304707
175.0,0.7690563199188496
175.05,0.7684120802655877
175.10000000000002,0.7659197548973928
175.15,0.763827008843182
175.20000000000002,0.7640387502300798
175.25,0.7664167614269757
175.3,0.7687312076767385
175.35000000000002,0.7688196744352382
175.4,0.7666704861881425
175.45000000000002,0.7642452224871437
175.5,0.7637268782260491
175.55,0.7656458497155022
175.60000000000002,0.7682271416467622
175.65,0.7690371796095934
175.70000000000002,0.767387039428205
175.75,0.7648145797983811
175.8,0.7636238654239058
175.85000000000002,0.7649436186170939
175.9,0.7675840228293117
175.95000000000002,0.7690482471498798
176.0,0.7680166576586471
176.05,0.7654891826660947
176.10000000000002,0.7637323049540323
176.15,0.7643643573616993
176.20000000000002,0.7668533463909197
176.25,0.7688521040265008
176.3,0.7685130540162027
176.35000000000002,0.7662168187434131
176.4,0.7640384373163117
176.45000000000002,0.7639512661889714
176.5,0.7660939355057327
176.55,0.7684641689826253
176.60000000000002,0.7688395428037766
176.65,0.766942639230118
176.70000000000002,0.7645140484649829
176.75,0.7637330221338381
176.8,0.7653667914344456
176.85000000000002,0.767915371426927
176.9,0.7689717766218398
176.95000000000002,0.7676127707377912
177.0,0.7651192954646884
177.05,0.7637218986225184
177.10000000000002,0.764729631790607
177.15,0.7672500244480969
177.20000000000002,0.7688998856741303
177.25,0.7681777773491139
177.3,0.7658060756874794
177.35000000000002,0.7639135069547758
177.4,0.7642317730172888
177.45000000000002,0.7665222906944659
177.5,0.7686297466264713
177.55,0.7685959154380559
177.60000000000002,0.7665216227715614
177.65,0.7642879930716018
177.70000000000002,0.76390996861471
177.75,0.7657915108558977
177.8,0.7681830917387891
177.85000000000002,0.7688360913269314
177.9,0.7672121175638702
177.95000000000002,0.7648123629658076
178.0,0.7637856491917185
178.05,0.7651168815128673
178.10000000000002,0.7675962335687472
178.15,0.768880356756308
178.20000000000002,0.7678261992843681
178.25,0.7654435501165916
178.3,0.7638637683672509
178.35000000000002,0.7645521115361607
178.4,0.7669173338984332
178.45000000000002,0.7687256950180095
178.5,0.7683183149387812
178.55,0.7661318716235997
178.60000000000002,0.7641332051288473
178.65,0.7641407079866579
178.70000000000002,0.7662023628760772
178.75,0.7683848038894631
178.8,0.7686518370223636
178.85000000000002,0.7668246113111599
178.9,0.7645684722155439
178.95000000000002,0.7639124343400768
179.0,0.7655101267408039
179.05,0.7678856053797727
179.10000000000002,0.7688018202157134
179.15,0.7674695710852992
179.20000000000002,0.7651323710031492
179.25,0.7638812743764369
179.3,0.7648969279688076
179.35000000000002,0.7672693245526
179.4,0.7687571848352798
179.45000000000002,0.7680185049285118
179.5,0.7657792235232006
179.55,0.7640449821985336
179.60000000000002,0.7644115058989401
179.65,0.7665871693358184
179.70000000000002,0.7685220496676123
179.75,0.7684303678836762
179.8,0.7664583776839714
179.85000000000002,0.7643860701813051
179.9,0.7640908613668376
179.95000000000002,0.7658958719327429
180.0,0.7681159275130728
180.05,0.7686742741913165
180.10000000000002,0.7671177782038299
180.15,0.7648739330394219
180.20000000000002,0.7639574075935536
180.25,0.7652525629916722
180.3,0.7675725680994987
180.35000000000002,0.7687319865104353
180.4,0.7677074798751234
180.45000000000002,0.7654677497572221
180.5,0.7640176571314897
180.55,0.7647095843904972
180.60000000000002,0.7669373866555055
180.65,0.7685996865239206
180.70000000000002,0.768183019270757
180.75,0.7661198341295647
180.8,0.7642624152720066
180.85000000000002,0.764309864651299
180.9,0.7662636256334685
180.95000000000002,0.7682887456364811
181.0,0.7685085461018608
181.05,0.7667791826276307
181.10000000000002,0.7646682629620707
181.15,0.7640833771040499
181.20000000000002,0.7656076143772628
181.25,0.76782525118699
181.3,0.7686595601554733
181.35000000000002,0.7673950517730307
181.4,0.7652000112733227
181.45000000000002,0.764045005611049
181.5,0.7650236597368606
181.55,0.7672481590332887
181.60000000000002,0.7686250329450065
181.65,0.767920450207092
181.70000000000002,0.765813796934901
181.75,0.7641939113958888
181.8,0.764559173340895
181.85000000000002,0.7666061233729595
181.9,0.7684086509394878
181.95000000000002,0.7683154362650481
182.0,0.7664605377196523
182.05,0.7645142880439141
182.10000000000002,0.7642505966585365
182.15,0.7659532620673947
182.20000000000002,0.7680289293474197
182.25,0.768550075619392
182.3,0.7670895378097966
182.35000000000002,0.7649772540679555
182.4,0.7641205379908145
182.45000000000002,0.7653442996656368
182.5,0.7675180269893003
182.55,0.7686068589374854
182.60000000000002,0.7676520898795894
182.65,0.7655435785406841
182.70000000000002,0.7641763297435298
182.75,0.7648296432849393
182.8,0.7669192399519946
182.85000000000002,0.7684823373952687
182.9,0.7681049393445126
182.95000000000002,0.7661669494980133
183.0,0.7644100054541748
183.05,0.7644509561576814
183.10000000000002,0.7662833375571284
183.15,0.7681877324849729
183.20000000000002,0.7684134576766745
183.25,0.7667975447009416
183.3,0.7647995341678819
183.35000000000002,0.7642376997312212
183.4,0.7656640876922572
183.45000000000002,0.7677483335056073
183.5,0.7685543314842688
183.55,0.7673857135462632
183.60000000000002,0.7653110597231092
183.65,0.7642049474069509
183.70000000000002,0.7651134544976356
183.75,0.7672016123821459
183.8,0.7685175397601689
183.85000000000002,0.767885601966612
183.9,0.7659018704211746
183.95000000000002,0.7643525785305842
184.0,0.7646770043360784
184.05,0.7665941448352702
184.10000000000002,0.7683073874772381
184.15,0.7682585452535439
184.20000000000002,0.766523846355782
184.25,0.7646657896988852
184.3,0.7643900131175767
184.35000000000002,0.7659775972406422
184.4,0.7679424065400456
184.45000000000002,0.7684760264609864
184.5,0.7671271646358635
184.55,0.7651167442890084
184.60000000000002,0.7642746446081539
184.65,0.7654041814648387
184.70000000000002,0.7674540284393936
184.75,0.7685219745961002
184.8,0.7676640604455552
184.85000000000002,0.7656671262123959
184.9,0.7643384029885193
184.95000000000002,0.764922061019812
185.0,0.7668840662815855
185.05,0.7683941774115136
185.10000000000002,0.7680924379912504
185.15,0.766271355296836
185.20000000000002,0.7645738967911206
185.25,0.7645711918565117
185.3,0.7662811941622116
185.35000000000002,0.7681046227620829
185.4,0.7683791064897377
185.45000000000002,0.7668802322496491
185.5,0.7649598215087242
185.55,0.7643800027852403
185.60000000000002,0.7656967491142737
185.65,0.7676786629769968
185.70000000000002,0.7685024013216334
185.75,0.7674447853015774
185.8,0.765462988665065
185.85000000000002,0.7643631900214385
185.9,0.7651802741793723
185.95000000000002,0.7671530104912054
186.0,0.7684539604095579
186.05,0.7679200806469221
186.10000000000002,0.7660411919023365
186.15,0.7645207532377678
186.20000000000002,0.7647752514866379
186.25,0.7665727021238764
186.3,0.7682394684647137
186.35000000000002,0.7682687403048781
186.4,0.7666466862161478
186.45000000000002,0.7648382702919629
186.5,0.7645154354710224
186.55,0.7659872927859156
186.60000000000002,0.7678782599421865
186.65,0.7684639000886441
186.70000000000002,0.7672300417196197
186.75,0.7652883142357341
186.8,0.7644221043151663
186.85000000000002,0.7654466324858802
186.9,0.7674017752252165
186.95000000000002,0.7684913572275827
187.0,0.7677441091742541
187.05,0.7658328568436942
187.10000000000002,0.7645024284184911
187.15,0.7649966261849229
187.20000000000002,0.766850977649769
187.25,0.7683507080968175
187.3,0.7681478078235477
187.35000000000002,0.7664264646312945
187.4,0.7647490369736415
187.45000000000002,0.7646753671945724
187.5,0.7662729458718832
187.55,0.7680553600510239
187.60000000000002,0.7684094318440068
187.65,0.76702005732666
187.70000000000002,0.7651407672068946
187.75,0.7645099776518669
187.8,0.7657169402480666
187.85000000000002,0.7676314049737982
187.9,0.7685091899189439
187.95000000000002,0.7675649554263415
188.0,0.7656445089858903
188.05,0.76451440235701
188.10000000000002,0.7652302900377308
188.15,0.7671154484479576
188.20000000000002,0.7684407509599136
188.25,0.7680169008234095
188.3,0.7662180002916705
188.35000000000002,0.7646883061753855
188.4,0.7648544564172111
188.45000000000002,0.7665515822348702
188.5,0.7682116622350824
188.55,0.7683397082580598
188.60000000000002,0.766813372762121
188.65,0.7650171372400681
188.70000000000002,0.764621596214798
188.75,0.7659877591021667
188.8,0.7678426183109439
188.85000000000002,0.7685082173814716
188.9,0.7673811823902081
188.95000000000002,0.7654733436405669
189.0,0.7645518945174752
189.05,0.7654718706903667
189.10000000000002,0.7673656687150787
189.15,0.7685102754196386
189.20000000000002,0.7678745963063425
189.25,0.7660186636403143
189.3,0.7646518649118305
189.35000000000002,0.7650478414050005
189.4,0.7668215413591417
189.45000000000002,0.7683475834647853
189.5,0.7682533609686476
189.55,0.7666073369967584
189.60000000000002,0.764913745885988
189.65,0.7647520376849506
189.70000000000002,0.7662563190045052
189.75,0.7680353650650268
189.8,0.7684871736628016
189.85000000000002,0.7671900015681368
189.9,0.7653160545785027
189.95000000000002,0.764610259479493
190.0,0.7657177368694913
190.05,0.7676009376248857
190.10000000000002,0.7685581329262243
190.15,0.7677179518593722
190.20000000000002,0.7658252902928776
190.25,0.7646355382517724
190.3,0.7652513759095617
190.35000000000002,0.7670813617860096
190.4,0.7684620510254832
190.45000000000002,0.768147365620123
190.5,0.7663986988002073
190.55,0.7648269186915392
190.60000000000002,0.7648970173401822
190.65,0.7665204003887179
190.70000000000002,0.7682085513763706
190.75,0.768443077632513
190.8,0.7669879100240365
190.85000000000002,0.7651693501375402
190.9,0.7646854066509973
190.95000000000002,0.7659650390908219
191.0,0.7678200141147212
191.05,0.7685815171468428
191.10000000000002,0.7675431525824898
191.15,0.7656347523915799
191.20000000000002,0.764635654914472
191.25,0.7654618159718881
191.3,0.7673295429472031
191.35000000000002,0.7685525286904682
191.4,0.768017650704348
191.45000000000002,0.7661842394685242
191.5,0.764753482611819
191.55,0.7650531929095185
191.60000000000002,0.766778189198873
191.65,0.768359945487482
191.70000000000002,0.7683717527473398
191.75,0.7667713777907303
191.8,0.7650304817725284
191.85000000000002,0.7647741886706375
191.9,0.7662116849603524
191.95000000000002,0.7680209449248914
192.0,0.7685763519354506
192.05,0.7673462294105746
192.10000000000002,0.7654445265498334
192.15,0.7646494875499525
192.20000000000002,0.7656769208671093
192.25,0.7675643483417751
192.3,0.7686152484444232
192.35000000000002,0.7678598066950051
192.4,0.7659613898877152
192.45000000000002,0.7646912361047147
192.5,0.7652183774019335
192.55,0.7670281068664023
192.60000000000002,0.7684862527231939
192.65,0.7682684764235064
192.70000000000002,0.766537516835589
192.75,0.7648977348991817
192.8,0.7648747000660991
192.85000000000002,0.7664562360991185
192.9,0.7682010063296365
192.95000000000002,0.7685378296607459
193.0,0.7671237689496035
193.05,0.7652532081532827
193.10000000000002,0.7646756074205688
193.15,0.7658954392019764
193.20000000000002,0.767783655658928
193.25,0.7686455968710032
193.3,0.7676698086552172
193.35000000000002,0.7657287778121418
193.4,0.7646393343725014
193.45000000000002,0.7653916172618551
193.5,0.7672686187358718
193.55,0.768583328522561
193.60000000000002,0.7681286721239863
193.65,0.7662846700925643
193.70000000000002,0.7647708292176744
193.75,0.7649864343546401
193.8,0.7666977222139629
193.85000000000002,0.7683567463964184
193.9,0.7684610210802343
193.95000000000002,0.7668735443859701
194.0,0.765060923353015
194.05,0.7647140980753351
194.10000000000002,0.7661169643569922
194.15,0.7679848536177704
194.20000000000002,0.7686385927337338
194.25,0.7674446743970631
194.3,0.7654866581357238
194.35000000000002,0.7645985358663915
194.4,0.76557310840173
194.45000000000002,0.767498027049269
194.5,0.7686464861017254
194.55,0.7679485633546427
194.60000000000002,0.7660128712086828
194.65,0.7646511798326535
194.70000000000002,0.7651102629778377
194.75,0.7669353781519127
194.8,0.7684841055788155
194.85000000000002,0.7683414799287334
194.9,0.7665950129475219
194.95000000000002,0.7648695965688642
195.0,0.7647665864690802
195.05,0.7663416598876533
195.10000000000002,0.7681647820926718
195.15,0.7685893906682549
195.20000000000002,0.7671829976047865
195.25,0.7652371894592686
195.3,0.7645712683660065
195.35000000000002,0.7657639427803581
195.4,0.7677142585318736
195.45000000000002,0.7686708517522792
195.5,0.7677257248785802
195.55,0.7657241409338519
195.60000000000002,0.7645419816095693
195.65,0.7652482208391693
195.70000000000002,0.7671683211023267
195.75,0.7685785903662916
195.8,0.768175778230322
195.85000000000002,0.7662896450776425
195.9,0.7646830428369007
195.95000000000002,0.7648360707648425
196.0,0.7665698730838753
196.05,0.7683197120664518
196.10000000000002,0.7684937543511613
196.15,0.7668853175830841
196.20000000000002,0.7649845337349965
196.25,0.7645614920179098
196.3,0.7659657004389648
196.35000000000002,0.7679146617806997
196.4,0.7686517255114376
196.45000000000002,0.7674594888269852
196.5,0.7654226028171077
196.55,0.7644480963064093
196.60000000000002,0.765403107867376
196.65,0.7673951962285999
196.70000000000002,0.7686354774061922
196.75,0.7679619284298778
196.8,0.7659610708298835
196.85000000000002,0.7645068699214798
196.9,0.7649265488333722
196.95000000000002,0.7668016717634909
197.0,0.7684453648776867
197.05,0.7683484583852133
197.10000000000002,0.7665543106119549
197.15,0.7647347710609576
197.20000000000002,0.7645743600048627
197.25,0.7661799232927893
197.3,0.7680958349201441
197.35000000000002,0.7685849159305209
197.4,0.7671511877830214
197.45000000000002,0.765114417232293
197.5,0.7643757427340707
197.55,0.7655779401757483
197.60000000000002,0.7676138282685945
197.65,0.7686500323579083
197.70000000000002,0.7676996713381812
197.75,0.7656150473134321
197.8,0.7643481931537534
197.85000000000002,0.7650424765342465
197.9,0.7670363532006556
197.95000000000002,0.7685369747784643
198.0,0.7681515975720696
198.05,0.7661948084176823
198.10000000000002,0.7644956375448984
198.15,0.7646157014912189
198.20000000000002,0.7664075247660975
198.25,0.7682535084172586
198.3,0.7684670319606988
198.35000000000002,0.7668042388258222
198.4,0.7648075474277402
198.45000000000002,0.7643320118122757
198.5,0.7657753050487722
198.55,0.7678209227950583
198.60000000000002,0.7686177367353769
198.65,0.7673906303684717
198.70000000000002,0.7652592658219268
198.75,0.7642151843234047
198.8,0.7651881066252324
198.85000000000002,0.7672719830902801
198.9,0.7685894033765412
198.95000000000002,0.7679028008177644
199.0,0.7658136648070664
199.05,0.7642761092133167
199.10000000000002,0.7646913728363545
199.15,0.7666482015611507
199.20000000000002,0.7683825100122229
199.25,0.7682957289374167
199.3,0.7664240887862352
199.35000000000002,0.7645113835631907
199.4,0.7643242477469715
199.45000000000002,0.7659966886214947
199.5,0.7680118624604543
199.55,0.7685345241683533
199.60000000000002,0.7670383486933028
199.65,0.7649030275817504
199.70000000000002,0.764116492235835
199.75,0.765366775143464
199.8,0.7675050252769068
199.85000000000002,0.7685973171779907
199.9,0.767603361185115
199.95000000000002,0.7654195009997459
200.0,0.7640858676008313
