Jt,m3_t
0.05,0.0001570357398357619
0.1,0.00036082598010617824
0.15000000000000002,0.0005435149747247168
0.2,0.0009857434154598107
0.25,0.0015162970462119917
0.30000000000000004,0.0020137167596562602
0.35000000000000003,0.002776069015957336
0.4,0.003675232976320193
0.45,0.004494430626384135
0.5,0.00553434611029241
0.55,0.006803399389980994
0.6000000000000001,0.008022718213416687
0.65,0.009379188111267587
0.7000000000000001,0.01091571720473757
0.75,0.01236181561201024
0.8,0.013962646419893778
0.8500000000000001,0.015933824876322042
0.9,0.01793401298779643
0.9500000000000001,0.01991745321555858
1.0,0.022036727073705024
1.05,0.02407763177214455
1.1,0.026196924907849473
1.1500000000000001,0.028797477687119034
1.2000000000000002,0.03160319924061176
1.25,0.03428064294088421
1.3,0.036954141209014274
1.35,0.039541201199962586
1.4000000000000001,0.04213180920883933
1.4500000000000002,0.04526350001546346
1.5,0.04884739082680341
1.55,0.05229660326852402
1.6,0.05553742777984783
1.6500000000000001,0.058619125029022355
1.7000000000000002,0.061628969134962984
1.75,0.06518123718986155
1.8,0.06945842553866682
1.85,0.07373742623716102
1.9000000000000001,0.0776025400438136
1.9500000000000002,0.08114326422892068
2.0,0.08451687655614631
2.0500000000000003,0.08837836198241414
2.1,0.09321341770699462
2.15,0.09833154193105173
2.2,0.102908266721735
2.25,0.10690667066981034
2.3000000000000003,0.11059126577231662
2.35,0.11465779459811347
2.4000000000000004,0.11988082047420032
2.45,0.1257791896494101
2.5,0.13115827185269724
2.5500000000000003,0.135658449138575
2.6,0.1396154095580718
2.6500000000000004,0.14379497285866236
2.7,0.1492216646833762
2.75,0.15576789290155196
2.8000000000000003,0.1620097302227203
2.85,0.16709951381371244
2.9000000000000004,0.1713193557653329
2.95,0.17553637145056322
3.0,0.18098702412249978
3.0500000000000003,0.18798475048292784
3.1,0.19508767488080692
3.1500000000000004,0.20088165510285091
3.2,0.20539786621880637
3.25,0.20959929540659958
3.3000000000000003,0.2149135881599079
3.35,0.22212345490181637
3.4000000000000004,0.2300025220860134
3.45,0.23661197032799833
3.5,0.24150774443989054
3.5500000000000003,0.2456723008479919
3.6,0.2507192944253532
3.6500000000000004,0.2578855492150465
3.7,0.2663673019035485
3.75,0.273863521913836
3.8000000000000003,0.2792661586479797
3.85,0.2834154272493531
3.9000000000000004,0.28810037206530764
3.95,0.29497699385525233
4.0,0.3038112159346661
4.05,0.3121913861748376
4.1000000000000005,0.3182520553553262
4.15,0.32245982820164504
4.2,0.3267302094437658
4.25,0.3331021494155594
4.3,0.341987212987659
4.3500000000000005,0.3511516053979394
4.4,0.3580125148046308
4.45,0.3624071879163147
4.5,0.36625963026153985
4.55,0.371957514118395
4.6000000000000005,0.38057294035365863
4.65,0.39031954368484073
4.7,0.39807485897207023
4.75,0.4028301682699838
4.800000000000001,0.4063177892937174
4.8500000000000005,0.4112270150790104
4.9,0.4192661427869309
4.95,0.4293041438951061
5.0,0.4379637364711956
5.050000000000001,0.4432756540520497
5.1000000000000005,0.4465131065054057
5.15,0.45057965631674984
5.2,0.45777680975103907
5.25,0.46775559941910333
5.300000000000001,0.47722078968801057
5.3500000000000005,0.4832724375989864
5.4,0.48643431754998845
5.45,0.48966933481531083
5.5,0.495818771031849
5.550000000000001,0.5053656544417755
5.6000000000000005,0.5154234438394157
5.65,0.522344100795309
5.7,0.5256525186994909
5.75,0.5281360517085573
5.800000000000001,0.533102976710281
5.8500000000000005,0.54186158349377
5.9,0.5521992598442351
5.95,0.5600263998428597
6.0,0.5637256445270751
6.050000000000001,0.5656077532284305
6.1000000000000005,0.5693336521491742
6.15,0.5769963063512743
6.2,0.5872332363829447
6.25,0.5958868962769991
6.300000000000001,0.6002068112728122
6.3500000000000005,0.6017025554688118
6.4,0.6042073666108778
6.45,0.6105376616187468
6.5,0.6202671453057467
6.550000000000001,0.6295434783606925
6.6000000000000005,0.6346572413578706
6.65,0.6360318553977041
6.7,0.637414251892105
6.75,0.6422594882272323
6.800000000000001,0.6510919085654013
6.8500000000000005,0.6606782272143974
6.9,0.6666631824707675
6.95,0.6682054354605965
7.0,0.6686404071422396
7.050000000000001,0.6719360865707062
7.1000000000000005,0.6795355824206086
7.15,0.6890439346501277
7.2,0.6958547515290685
7.25,0.6978397922922646
7.300000000000001,0.6975709028901458
7.3500000000000005,0.6993403275361821
7.4,0.7054502445846557
7.45,0.7144622436977717
7.5,0.7219235177938675
7.550000000000001,0.7245703786271068
7.6000000000000005,0.7238934979809728
7.65,0.7242446551044766
7.7,0.7287008094407832
7.75,0.7368143554849699
7.800000000000001,0.7446353596497921
7.8500000000000005,0.7480673119593938
7.9,0.7473038407642579
7.95,0.7464238116137019
8.0,0.749157708966099
8.05,0.7560269261845447
8.1,0.7638358736677627
8.15,0.7680527189744705
8.200000000000001,0.7675131872768671
8.25,0.7656583424170289
8.3,0.7666939395978006
8.35,0.7720566594004075
8.4,0.7794472101501503
8.450000000000001,0.7843167677590034
8.5,0.7842593154770896
8.55,0.7817385897328191
8.6,0.781185737036999
8.65,0.784876943295436
8.700000000000001,0.7914571906925311
8.75,0.7967290718672722
8.8,0.7973203613055577
8.85,0.7944696021013363
8.9,0.7925155015523492
8.950000000000001,0.7944688097377041
9.0,0.7999033319821611
9.05,0.8052427686029724
9.1,0.8065300354182966
9.15,0.8036777949792134
9.200000000000001,0.800575665455888
9.25,0.8008169470748822
9.3,0.804855417301671
9.35,0.8098900669930712
9.4,0.8117915774162764
9.450000000000001,0.8092200435312521
9.5,0.8052727953548481
9.55,0.8039100577947396
9.600000000000001,0.8064002230025341
9.65,0.8107700090359797
9.700000000000001,0.8130873520418985
9.75,0.8109951321779063
9.8,0.8065319998669908
9.850000000000001,0.8037439886018379
9.9,0.8046309773713025
9.950000000000001,0.8080310074911426
10.0,0.8104814694658844
10.05,0.8089563537119336
10.100000000000001,0.8043022776105979
10.15,0.8003259611869149
10.200000000000001,0.7996425079503359
10.25,0.8018518549695288
10.3,0.8041141698325468
10.350000000000001,0.803122980104368
10.4,0.798563494715479
10.450000000000001,0.7936787720062374
10.5,0.7915314140363116
10.55,0.7924249895862717
10.600000000000001,0.7941885844112719
10.65,0.7935877973721075
10.700000000000001,0.7893351332385922
10.75,0.7838446666041767
10.8,0.7803995190163548
10.850000000000001,0.7799448406906243
10.9,0.7809523153038862
10.950000000000001,0.7805182244338418
11.0,0.7766859697498796
11.05,0.7708893169018586
11.100000000000001,0.7663585817835872
11.15,0.7646024185340666
11.200000000000001,0.7646774944702981
11.25,0.7641497313472342
11.3,0.7607428188052057
11.350000000000001,0.7549066002719172
11.4,0.7495347138307622
11.450000000000001,0.7465855455772109
11.5,0.7456431948529353
11.55,0.7447720284357722
11.600000000000001,0.7416958781703491
11.65,0.7360245486501615
11.700000000000001,0.7300718374696229
11.75,0.7260828416262104
11.8,0.724123195190973
11.850000000000001,0.7227102950748547
11.9,0.7197983869787523
11.950000000000001,0.7144120135970433
12.0,0.7081344015839535
12.05,0.7032891201283294
12.100000000000001,0.700380441372221
12.15,0.6983049912038419
12.200000000000001,0.6953593217164445
12.25,0.6902846257642286
12.3,0.6839100617767296
12.350000000000001,0.6784102346379034
12.4,0.6746676734960658
12.450000000000001,0.6718941178687374
12.5,0.6687294620200922
12.55,0.663907969802741
12.600000000000001,0.6576129245311053
12.65,0.6516663425806967
12.700000000000001,0.6472322229094278
12.75,0.6438010286279859
12.8,0.6402828842375378
12.850000000000001,0.6355959179152979
12.9,0.6294872988997069
12.950000000000001,0.6232935865718476
13.0,0.6183223523804777
13.05,0.6143292729882648
13.100000000000001,0.6103972368284863
13.15,0.6057028866783937
13.200000000000001,0.5998109951472633
13.25,0.5935449047471886
13.3,0.5881927965948096
13.350000000000001,0.5837640149501924
13.4,0.5794365695662649
13.450000000000001,0.5746102171221935
13.5,0.5688964977601055
13.55,0.5626908019559004
13.600000000000001,0.5571081112942559
13.65,0.5523779572002828
13.700000000000001,0.5477398389097309
13.75,0.542708501940761
13.8,0.5370882115844893
13.850000000000001,0.5310204285269706
13.9,0.5253436131055861
13.950000000000001,0.520438904702868
14.0,0.5156166607731747
14.05,0.5103789711966743
14.100000000000001,0.5047546039557999
14.15,0.49884247582353836
14.200000000000001,0.4931846204679546
14.25,0.48821627883655583
14.3,0.4833499220654288
14.350000000000001,0.47797754102030793
14.4,0.47227531624768715
14.450000000000001,0.46648463213682523
14.5,0.46092505681310414
14.55,0.4559848488505449
14.600000000000001,0.451203138715207
14.65,0.44582459608529007
14.700000000000001,0.4400248199322886
14.75,0.43429006149464455
14.8,0.42886616796900223
14.850000000000001,0.4240252446400716
14.9,0.4194295025818531
14.950000000000001,0.41420211872262286
15.0,0.4083554483776505
15.05,0.402609790556842
15.100000000000001,0.3973153380775809
15.15,0.3926219514394768
15.200000000000001,0.3882796257059158
15.25,0.38335783432350284
15.3,0.37758318672326013
15.350000000000001,0.3717909471404842
15.4,0.3665841682303547
15.450000000000001,0.36206006837850313
15.5,0.358005931405148
15.55,0.353514245414146
15.600000000000001,0.34797918151208046
15.65,0.34216216237429364
15.700000000000001,0.33698454415411655
15.75,0.33262198550171795
15.8,0.3288630406501325
15.850000000000001,0.3248793546186572
15.9,0.3197685836673392
15.950000000000001,0.3140186599745082
16.0,0.30882163386426287
16.05,0.3045844418616424
16.1,0.30110483208664196
16.150000000000002,0.2976558309987996
16.2,0.29313644402989514
16.25,0.28761015400014994
16.3,0.28238361575195126
16.35,0.27821555389842306
16.400000000000002,0.2749796623252954
16.45,0.2720462824510463
16.5,0.26823854509481265
16.55,0.26313436656264744
16.6,0.2579291666446136
16.650000000000002,0.25377080348452985
16.7,0.25072529350886413
16.75,0.24825377218886094
16.8,0.24521387715071583
16.85,0.2407377510452545
16.900000000000002,0.23567490042933745
16.95,0.23148697262786655
17.0,0.2285644683273404
17.05,0.22647821974108978
17.1,0.2241953124077389
17.150000000000002,0.2205231871905617
17.2,0.21578558833236713
17.25,0.21157366365037175
17.3,0.20870115180177812
17.35,0.2069103531009593
17.400000000000002,0.20531588919003002
17.45,0.20256257196322142
17.5,0.19836979426678053
17.55,0.19420312733873074
17.6,0.19131669535409623
17.650000000000002,0.18972513097353066
17.7,0.18870964247470368
17.75,0.18691097469530193
17.8,0.18348246640346197
17.85,0.17950022975086177
17.900000000000002,0.17656495028278593
17.95,0.17507604462368784
18.0,0.17450756565314504
18.05,0.17361876647363833
18.1,0.17113430453978243
18.150000000000002,0.16753507263633105
18.2,0.164565790503218
18.25,0.16309075219610356
18.3,0.16283051757620134
18.35,0.16273892728894443
18.400000000000002,0.16130590106171655
18.45,0.15832070284665198
18.5,0.15539743412096713
18.55,0.15386757435283993
18.6,0.15378133387654855
18.650000000000002,0.15432827878040403
18.7,0.15396333969245046
18.75,0.1518174005661978
18.8,0.1490890057470936
18.85,0.1474719195862854
18.900000000000002,0.14743800283000882
18.95,0.1484431544402889
19.0,0.14907157963194662
19.05,0.14794343313255415
19.1,0.1456155125771893
19.150000000000002,0.14393190919001314
19.200000000000003,0.1438487905650873
19.25,0.14513143018005104
19.3,0.146602667635995
19.35,0.14659038478720504
19.400000000000002,0.14489745482495492
19.450000000000003,0.14323323608458458
19.5,0.1430291268651325
19.55,0.1444234715346351
19.6,0.14653735608188118
19.650000000000002,0.14763982070297077
19.700000000000003,0.14680650766056033
19.75,0.14531428228499238
19.8,0.14495936941765716
19.85,0.1463242782349396
19.900000000000002,0.14886055058103922
19.950000000000003,0.1509775948812231
20.0,0.151177248450311
20.05,0.15006329968589271
20.1,0.14958252441720976
20.150000000000002,0.15080813354735517
20.200000000000003,0.15355257681779602
20.25,0.15650273533474468
20.3,0.15782319529970712
20.35,0.15731964348517213
20.400000000000002,0.1568015866372263
20.450000000000003,0.15781586036280398
20.5,0.160579068261818
20.55,0.16412933828237172
20.6,0.16655405066462337
20.650000000000002,0.16688044339133148
20.700000000000003,0.1664770813270533
20.75,0.16725386557092964
20.8,0.16988213390321602
20.85,0.17378179437567154
20.900000000000002,0.177190508064163
20.950000000000003,0.17851279660060013
21.0,0.17842621764998592
21.05,0.1789938657146156
21.1,0.18137451726041454
21.150000000000002,0.18538535993323274
21.200000000000003,0.18957350054519145
21.25,0.1919699508294744
21.3,0.19242539354405963
21.35,0.19287257894105755
21.400000000000002,0.19493714487477076
21.450000000000003,0.19885506113932788
21.5,0.2035662028785668
21.55,0.20700857076221493
21.6,0.20821738448026195
21.650000000000002,0.20869150289091642
21.700000000000003,0.210419328456691
21.75,0.21408591559888107
21.8,0.21904900011909456
21.85,0.22340356310123136
21.900000000000002,0.22552343348998843
21.950000000000003,0.22621776709790337
22.0,0.227640345847119
22.05,0.23094655705807995
22.1,0.23590941462632287
22.150000000000002,0.24095734046253645
22.200000000000003,0.24405896121787968
22.25,0.24518752893779266
22.3,0.24639131141805437
22.35,0.2492769583528288
22.400000000000002,0.25403010098129486
22.450000000000003,0.2595017448452126
22.5,0.2635502558699206
22.55,0.2653131873112729
22.6,0.2664369800592795
22.650000000000002,0.2688896217837144
22.700000000000003,0.27327815471491357
22.75,0.2788927243448376
22.8,0.28374880751566417
22.85,0.2862947834064576
22.900000000000002,0.28751802801032633
22.950000000000003,0.28957282189573913
23.0,0.29349815414921543
23.05,0.29899968917441644
23.1,0.3044402284768052
23.150000000000002,0.30783460332823603
23.200000000000003,0.30935498363919683
23.25,0.31109445405849345
23.3,0.3145099203090136
23.35,0.31969270780879167
23.400000000000002,0.32544592090007435
23.450000000000003,0.3296526761794578
23.5,0.33165501044891277
23.55,0.33320565615478975
23.6,0.3361104924829532
23.650000000000002,0.34083097664185946
23.700000000000003,0.34661745963766605
23.75,0.35150009677011046
23.8,0.3541220723062466
23.85,0.3556442828859336
23.900000000000002,0.35807880190572566
23.950000000000003,0.36225526165185074
24.0,0.3678255049385264
24.05,0.3731672417114962
24.1,0.37646982817185837
24.150000000000002,0.37813908316952705
24.200000000000003,0.3801812726801633
24.25,0.3837855688818626
24.3,0.3889463825715278
24.35,0.3944850185508478
24.400000000000002,0.39843534509780537
24.450000000000003,0.4004156888361011
24.5,0.40217705522943226
24.55,0.40522368956333393
24.6,0.40984986831420067
24.650000000000002,0.4153189897739238
24.700000000000003,0.41979089819252435
24.75,0.42220510034398206
24.8,0.4238225011148659
24.85,0.42635904440706046
24.900000000000002,0.43039108582653207
24.950000000000003,0.43555803239876045
25.0,0.44035112371454377
25.05,0.4432543701381413
25.1,0.4448753840250909
25.150000000000002,0.44697578051961495
25.200000000000003,0.45040801371234496
25.25,0.4551005718241013
25.3,0.4599736908507205
25.35,0.46333801507125594
25.400000000000002,0.4650998536254589
25.450000000000003,0.4668593985658665
25.5,0.4697244063548497
25.55,0.473841939091161
25.6,0.4785532180396532
25.650000000000002,0.482267832047077
25.700000000000003,0.48427294551432887
25.75,0.48580205890443784
25.8,0.48815654041231776
25.85,0.49166588872719524
25.900000000000002,0.4960099086035153
25.950000000000003,0.4998986495606353
26.0,0.5021927033135205
26.05,0.5036067134645755
26.1,0.5055215250740097
26.150000000000002,0.5084419619230103
26.200000000000003,0.5122757755308446
26.25,0.516128260812149
26.3,0.5186869137535886
26.35,0.5200909023709277
26.400000000000002,0.5216450796159906
26.450000000000003,0.524028653761563
26.5,0.5272819245069277
26.55,0.5308911719969723
26.6,0.5336205821270227
26.650000000000002,0.5350911494347351
26.700000000000003,0.5363674983954093
26.75,0.5382808218797402
26.8,0.5409499689284585
26.85,0.5441474388014362
26.900000000000002,0.546900005007176
26.950000000000003,0.5484683532730578
27.0,0.5495475964631676
27.05,0.5510589236715179
27.1,0.5531893844847346
27.150000000000002,0.5558692372935797
27.200000000000003,0.5584718187317823
27.25,0.5601136489921146
27.3,0.5610653095827194
27.35,0.5622376794109619
27.400000000000002,0.5639008931108206
27.450000000000003,0.5660284751560912
27.5,0.5683165977564684
27.55,0.5699533450395655
27.6,0.5708239658463972
27.650000000000002,0.5717125043501161
27.700000000000003,0.5729843628464639
27.75,0.5745884621025406
27.8,0.5764380759261806
27.85,0.5779511534377154
27.900000000000002,0.578752941351819
27.950000000000003,0.5794031733783876
28.0,0.5803487187782121
28.05,0.5815014940941218
28.1,0.5828503798292992
28.150000000000002,0.584106264676252
28.200000000000003,0.5848106358363625
28.25,0.585255223200672
28.3,0.5859212298559173
28.35,0.5867125325016447
28.400000000000002,0.587566353581004
28.450000000000003,0.5884468132940759
28.5,0.5889868515993819
28.55,0.589240170059061
28.6,0.5896542033327992
28.650000000000002,0.5901675193875682
28.700000000000003,0.5905898598671807
28.75,0.5910196198669188
28.8,0.5913031684740725
28.85,0.5913555431680372
28.900000000000002,0.5915282625108055
28.950000000000003,0.5918237778272315
29.0,0.5919138848104799
29.05,0.5918783287919472
29.1,0.5918100581363978
29.150000000000002,0.5916251074681039
29.200000000000003,0.5915525557208134
29.25,0.5916596986789463
29.3,0.5915246705047225
29.35,0.5910727561516568
29.400000000000002,0.5905802744453975
29.450000000000003,0.5900988235783069
29.5,0.5897630224921449
29.55,0.5896815052413681
29.6,0.5894104606798499
29.650000000000002,0.5886421420706549
29.700000000000003,0.5876992299685107
29.75,0.5868515059133403
29.8,0.5862199791577287
29.85,0.5859260368918143
29.900000000000002,0.5855722908457465
29.950000000000003,0.584614048570888
30.0,0.5832542073897306
30.05,0.5819791124418626
30.1,0.581005808671243
30.150000000000002,0.5804597672839508
30.200000000000003,0.5800339177229812
30.25,0.579009124206539
30.3,0.5773249383396634
30.35,0.5755921935306241
30.400000000000002,0.574222745551027
30.450000000000003,0.5733752276047421
30.5,0.5728485055219772
30.55,0.5718503475903631
30.6,0.569978023297967
30.650000000000002,0.5678070347518556
30.700000000000003,0.5659900680270513
30.75,0.5647863379363564
30.8,0.5641008319151242
30.85,0.5631741781559269
30.900000000000002,0.5612668110967007
30.950000000000003,0.5587360702009997
31.0,0.5564398051615227
31.05,0.5548238164389548
31.1,0.5539051287347154
31.150000000000002,0.5530406436556271
31.200000000000003,0.5512369269856279
31.25,0.5484798117829327
31.3,0.5457104609980244
31.35,0.5436310772686814
31.400000000000002,0.5423997757637062
31.450000000000003,0.5415398626678068
31.5,0.5399360750665565
31.55,0.5371225375795922
31.6,0.5339391004105246
31.650000000000002,0.5313602609429624
31.700000000000003,0.5297405736538492
31.75,0.5287936374197163
31.8,0.5274255495045861
31.85,0.5247332239216141
31.900000000000002,0.5212530897931085
31.950000000000003,0.5181676591008986
32.0,0.5160941250042652
32.050000000000004,0.5149521629820419
32.1,0.513790447786692
32.15,0.5113718703139548
32.2,0.5077634448503594
32.25,0.504207986615979
32.300000000000004,0.501632131830955
32.35,0.5001871242691824
32.4,0.49914600557923333
32.45,0.49709985882554375
32.5,0.49356179756312035
32.550000000000004,0.4896276297748203
32.6,0.4865265674569793
32.65,0.4846831127995288
32.7,0.4836386001526465
32.75,0.4819918027809673
32.800000000000004,0.4787223388302154
32.85,0.47455785742156376
32.9,0.47094512232660535
32.95,0.46862922488908465
33.0,0.4674414239467871
33.050000000000004,0.4661458668182991
33.1,0.463308859463315
33.15,0.4591096396011477
33.2,0.4550463060733283
33.25,0.4522120234824293
33.300000000000004,0.4507461542296895
33.35,0.4496899292553544
33.4,0.447385568371223
33.45,0.4433718523269722
33.5,0.43897409105629037
33.550000000000004,0.4356101212983649
33.6,0.43375273667118086
33.65,0.43278207203609853
33.7,0.43102919103613013
33.75,0.4274141085514235
33.800000000000004,0.4228527488984389
33.85,0.41898991253414997
33.9,0.41665944685984085
33.95,0.41560536873172776
34.0,0.41433934931278177
34.050000000000004,0.4112943374197188
34.1,0.406783193473481
34.15,0.40250175205637634
34.2,0.39965475970349146
34.25,0.39835834404749776
34.300000000000004,0.39744457196539074
34.35,0.3950698653641037
34.4,0.3908423651547259
34.45,0.3862762031558985
34.5,0.38291157020152805
34.550000000000004,0.3812433815746211
34.6,0.38050237746345633
34.65,0.37880959377911577
34.7,0.3750867877792398
34.75,0.3704206428881374
34.800000000000004,0.36658341725430293
34.85,0.36445550930636633
34.9,0.36369337095704485
34.95,0.3626043346620949
35.0,0.35956044761342143
35.050000000000004,0.3550171803309325
35.1,0.35080192443550684
35.15,0.3481734088011309
35.2,0.34721075887857716
35.25,0.34657266377839285
35.300000000000004,0.3443058676816097
35.35,0.34012316071133064
35.4,0.3356748062721013
35.45,0.33255346159797355
35.5,0.33124768021042783
35.550000000000004,0.33086070507899834
35.6,0.3293761184845888
35.65,0.32577527736564865
35.7,0.321284348522282
35.75,0.31772661005511477
35.800000000000004,0.3159850031807482
35.85,0.31563575573576136
35.9,0.3148449399961439
35.95,0.3119974893867532
36.0,0.3076869358161069
36.050000000000004,0.303797170689312
36.1,0.3015817088924844
36.15,0.30107515900024096
36.2,0.3008123853373658
36.25,0.2988117812870708
36.300000000000004,0.2949146163527603
36.35,0.29084268192773455
36.4,0.28816892479676043
36.45,0.2873528998382885
36.5,0.28740439238318316
36.550000000000004,0.2862497098878889
36.6,0.2829796069489799
36.65,0.2789143097266407
36.7,0.27584751308175853
36.75,0.27462673431130963
36.800000000000004,0.2747661558389758
36.85,0.27436208722496924
36.9,0.2718819958839768
36.95,0.26803798743504476
37.0,0.26468829419906426
37.050000000000004,0.2630281983403673
37.1,0.2630506807711054
37.15,0.26322431015784953
37.2,0.2616198769745545
37.25,0.25821697689009265
37.300000000000004,0.2547337410862145
37.35,0.2526567782960595
37.4,0.25240501561381035
37.45,0.25293576351751795
37.5,0.2522001171306978
37.550000000000004,0.2494366211234007
37.6,0.24600029378536967
37.65,0.24357827578118624
37.7,0.242957071466944
37.75,0.24361313350688713
37.800000000000004,0.24364734051586234
37.85,0.24167160644264063
37.9,0.2384810716111219
37.95,0.2358264123256977
38.0,0.23480553394992937
38.050000000000004,0.23537895868302222
38.1,0.23600879419293458
38.15,0.23489518612346122
38.2,0.232149354254094
38.25,0.2294062964080834
38.300000000000004,0.22801432742994804
38.35,0.22834788633824743
38.400000000000006,0.22935357782315915
38.45,0.22908886669743245
38.5,0.2269634540162535
38.550000000000004,0.22429855677818647
38.6,0.22261178229801543
38.650000000000006,0.22261356611989136
38.7,0.2237660473208161
38.75,0.22425042756334973
38.800000000000004,0.22287334998186958
38.85,0.2204635334839019
38.900000000000006,0.21859353961034256
38.95,0.21823877481486825
39.0,0.21933464645280143
39.050000000000004,0.220398144965322
39.1,0.2198287641088634
39.150000000000006,0.21784558006542473
39.2,0.2159276446405554
39.25,0.215250353946777
39.300000000000004,0.21613855706521853
39.35,0.21756979686646208
39.400000000000006,0.2177875063948642
39.45,0.21637793875772537
39.5,0.21456033144172973
39.550000000000004,0.21363920698963018
39.6,0.21423505686571437
39.650000000000006,0.21581624791083961
39.7,0.21672228819667352
39.75,0.2159886005709227
39.800000000000004,0.21442153515147605
39.85,0.21336439478056995
39.900000000000006,0.21365019024243787
39.95,0.2151907854596047
40.0,0.21662412457215272
40.050000000000004,0.21660705594075702
40.1,0.21542987955794382
40.150000000000006,0.21435965423448666
40.2,0.21437438985433666
40.25,0.21573648485356628
40.300000000000004,0.2175010315410321
40.35,0.2181711020774663
40.400000000000006,0.21749743668699545
40.45,0.21654059600216077
40.5,0.2163633549470001
40.550000000000004,0.21747439247570077
40.6,0.2193718258395847
40.650000000000006,0.2206322600082257
40.7,0.2205346987285961
40.75,0.2198113112829213
40.800000000000004,0.21954323115916752
40.85,0.22039507317193976
40.900000000000006,0.22225611405308185
40.95,0.2239582026808662
41.0,0.22445588378798093
41.050000000000004,0.22406985823019648
41.1,0.2238183282454554
41.150000000000006,0.22445514747310402
41.2,0.2261626146610284
41.25,0.22813105612432172
41.300000000000004,0.22918408055653386
41.35,0.22921276667253257
41.400000000000006,0.22907944389628576
41.45,0.2295791354594452
41.5,0.2310784595936894
41.550000000000004,0.23314140580215167
41.6,0.23465514929985948
41.650000000000006,0.23513902128091596
41.7,0.23521127795529345
41.75,0.23566564405756896
41.800000000000004,0.23696190663556635
41.85,0.23897901367432942
41.900000000000006,0.24081907681512355
41.95,0.2417538468174682
42.0,0.24209817576919918
42.050000000000004,0.24259606906661332
42.1,0.24374001488619887
42.150000000000006,0.24562224371465188
42.2,0.24763781753385847
42.25,0.24897213005361493
42.300000000000004,0.2496282030380187
42.35,0.2502437452572779
42.400000000000006,0.25131155994454674
42.45,0.2530286758232559
42.5,0.25507948511139794
42.550000000000004,0.25672075800169225
42.6,0.25769603188967893
42.650000000000006,0.2584818473556245
42.7,0.259554191046355
42.75,0.26112918755635794
42.800000000000004,0.2631098188271472
42.85,0.2649388684283176
42.900000000000006,0.2662051511513961
42.95,0.2671891060339226
43.0,0.26833394278175915
43.050000000000004,0.2698269384687777
43.1,0.27168277064512497
43.150000000000006,0.27357521565933607
43.2,0.27506955010423234
43.25,0.27625324084223296
43.300000000000004,0.27751493786091214
43.35,0.27900145069925153
43.400000000000006,0.2807325148261741
43.45,0.2825825441467228
43.5,0.2842145066028031
43.550000000000004,0.2855726203056189
43.6,0.2869674600703403
43.650000000000006,0.2885167234648402
43.7,0.29016899081779246
43.75,0.2919098049831382
43.800000000000004,0.29357576555706916
43.85,0.2950568434979375
43.900000000000006,0.296573346991133
43.95,0.2982314284112475
44.0,0.29987827470724104
44.050000000000004,0.3014939011111632
44.1,0.30309647136100526
44.150000000000006,0.30462669099652934
44.2,0.30622854944578903
44.25,0.30800894555901914
44.300000000000004,0.30972786486788795
44.35,0.31125307979991274
44.400000000000006,0.31272175961721616
44.45,0.31421341140968806
44.5,0.3158434199494338
44.550000000000004,0.3177253381139216
44.6,0.3195757328299701
44.650000000000006,0.32108391257683333
44.7,0.3223917357681546
44.75,0.3237569051108699
44.800000000000004,0.3253416048189295
44.85,0.3272741540657822
44.900000000000006,0.329281109223841
44.95,0.33086301782029065
45.0,0.33203435042975904
45.050000000000004,0.33320231265907013
45.1,0.33465827217577565
45.150000000000006,0.3365678934252846
45.2,0.33871469357091993
45.25,0.34045350153431336
45.300000000000004,0.34156009961779266
45.35,0.34249490360042806
45.400000000000006,0.3437379596347572
45.45,0.345536783412093
45.5,0.3477663299116394
45.550000000000004,0.3497148761084665
45.6,0.3508603242949753
45.650000000000006,0.3515738585662104
45.7,0.35253186195150304
45.75,0.35412592207782423
45.800000000000004,0.3563490123445435
45.85,0.35851434503482077
45.900000000000006,0.35981013925852917
45.95,0.3603662533982731
46.0,0.3609941913406661
46.050000000000004,0.36229179592032434
46.1,0.364399090323186
46.150000000000006,0.366737071363629
46.2,0.36827587619864643
46.25,0.36878296878499767
46.300000000000004,0.36907747195848295
46.35,0.3699987553693914
46.400000000000006,0.37187342351948605
46.45,0.3742934250864132
46.5,0.37612572677382505
46.550000000000004,0.37671813708839735
46.6,0.3767271958562322
46.650000000000006,0.3772155095661711
46.7,0.3787447411427131
46.75,0.38112206938902715
46.800000000000004,0.3832414025453393
46.85,0.38405305256356964
46.900000000000006,0.3838769163917227
46.95,0.3839113806645179
47.0,0.384996476370668
47.050000000000004,0.38718881106284825
47.1,0.3895283629048052
47.150000000000006,0.39066437341031046
47.2,0.39044527519804645
47.25,0.39005212274891143
47.300000000000004,0.3906179433299715
47.35,0.39248209178305177
47.400000000000006,0.3949225614097162
47.45,0.39643526485335423
47.5,0.3963364075743847
47.550000000000004,0.3955955378912408
47.6,0.3956001422020434
47.650000000000006,0.3970065758227579
47.7,0.399392570607593
47.75,0.4012672589887376
47.800000000000004,0.40144456809114354
47.85,0.4004876995937387
47.900000000000006,0.39993202468205347
47.95,0.40077636205396594
48.0,0.40293707333108225
48.050000000000004,0.40509033246588283
48.1,0.40566278863413185
48.150000000000006,0.40466102429408757
48.2,0.4035969510078087
48.25,0.40380895523854227
48.300000000000004,0.40557872991712596
48.35,0.40786911107135215
48.400000000000006,0.40889423221666976
48.45,0.4080354569099825
48.5,0.4065693528650673
48.550000000000004,0.40612049009281187
48.6,0.4073560759369858
48.650000000000006,0.409604056726804
48.7,0.4110640246036408
48.75,0.4105235401197429
48.800000000000004,0.4088121175758795
48.85,0.4077221193788351
48.900000000000006,0.4083152240682795
48.95,0.4103276798350194
49.0,0.4121290467920999
49.050000000000004,0.4120392013964992
49.1,0.4102756502893835
49.150000000000006,0.4086172113766779
49.2,0.4085027554868957
49.25,0.41009690964512224
49.300000000000004,0.412083567597026
49.35,0.4125089911918171
49.400000000000006,0.410899683763845
49.45,0.4087991371106533
49.5,0.4079604861843907
49.550000000000004,0.4089834627661933
49.6,0.4109595609400456
49.650000000000006,0.41188361962459275
49.7,0.4106185373449093
49.75,0.40824984617741306
49.800000000000004,0.4067220880119695
49.85,0.4070642104726086
49.900000000000006,0.40882178825366194
49.95,0.4101473027348546
50.0,0.40936971179879456
50.050000000000004,0.4069398793366572
50.1,0.40481111761892463
50.150000000000006,0.40441315948527146
50.2,0.40575887894733376
50.25,0.407322790258127
50.300000000000004,0.40710467726227684
50.35,0.4048306719540999
50.400000000000006,0.40223999249235626
50.45,0.4010959063737194
50.5,0.40187240844480443
50.550000000000004,0.40347090620808307
50.6,0.4037998305605284
50.650000000000006,0.4018797790181676
50.7,0.39900978391363406
50.75,0.3971666052484265
50.800000000000004,0.397266173021427
50.85,0.39868469883192414
50.900000000000006,0.39946521656685374
50.95,0.39804898281121825
51.0,0.39511114873732583
51.050000000000004,0.39266690889460903
51.1,0.39203747796079935
51.150000000000006,0.39307950108832135
51.2,0.39414891115774764
51.25,0.39331431115462884
51.300000000000004,0.3905270212353428
51.35,0.387626183049661
51.400000000000006,0.38627145330656754
51.45,0.38678102371797446
51.5,0.3879358880358798
51.550000000000004,0.38767613330340905
51.6,0.3852376176001278
51.650000000000006,0.3820625325946466
51.7,0.380038488106318
51.75,0.3799138408321622
51.800000000000004,0.38094146155927167
51.85,0.38116707164006175
51.900000000000006,0.3792278013439112
51.95,0.3759846266103649
52.0,0.37339415379500285
52.050000000000004,0.3725922514565496
52.1,0.373300638389903
52.150000000000006,0.3738556928142758
52.2,0.3724960451691634
52.25,0.3693946977466624
52.300000000000004,0.3663806872784836
52.35,0.3649146595188005
52.400000000000006,0.3651555788361081
52.45,0.3658448029018829
52.5,0.3650634028061548
52.550000000000004,0.3622931809430476
52.6,0.3590292508045499
52.650000000000006,0.35696160324803483
52.7,0.35664364361211276
52.75,0.35726441708626666
52.800000000000004,0.356980431614525
52.85,0.3546851313316945
52.900000000000006,0.3513626229161201
52.95,0.3487967203886842
53.0,0.347888135281655
53.050000000000004,0.34826073106248606
53.1,0.34833014035019655
53.150000000000006,0.34658789024453324
53.2,0.3433984442258309
53.25,0.34046950785785884
53.300000000000004,0.33899297364599285
53.35,0.33898332694033373
53.400000000000006,0.33922580617318715
53.45,0.3380387049685185
53.5,0.3351533864055987
53.550000000000004,0.3320187917425949
53.6,0.3300414605144444
53.650000000000006,0.3295731568694324
53.7,0.32980369697123374
53.75,0.32910049991200657
53.800000000000004,0.3266484732845123
53.85,0.3234762441202391
53.900000000000006,0.32109833952567274
53.95,0.32015349541278737
54.0,0.32021198489523434
54.050000000000004,0.31986402961075855
54.1,0.3179152700527649
54.150000000000006,0.31486982280091025
54.2,0.31221381793480385
54.25,0.31082516198538795
54.300000000000004,0.3105980686295831
54.35,0.3104452984769951
54.400000000000006,0.3090019715368849
54.45,0.3062274003539573
54.5,0.3034281939735275
54.550000000000004,0.3016661734333884
54.6,0.30109686669773167
54.650000000000006,0.30097824060637357
54.7,0.2999778895201485
54.75,0.2975808934497552
54.800000000000004,0.2947761354763045
54.85,0.29273495097930957
54.900000000000006,0.29182231143305665
54.95,0.29160387130982623
55.0,0.29093476791949324
55.050000000000004,0.2889708580100154
55.1,0.28629025446006984
55.150000000000006,0.28407557519314897
55.2,0.28286337313347487
55.25,0.2824580668678019
55.300000000000004,0.28198387482747084
55.35,0.28045092549146067
55.400000000000006,0.27800414420614505
55.45,0.2757234923771725
55.5,0.27428475816741077
55.550000000000004,0.27366050735839553
55.6,0.273248817554822
55.650000000000006,0.2720909160480258
55.7,0.26995526476005155
55.75,0.2677104628439962
55.800000000000004,0.2661313192332884
55.85,0.26530701157781533
55.900000000000006,0.26485518841616024
55.95,0.26397729173410983
56.0,0.2621878856145749
56.050000000000004,0.26006819227469924
56.1,0.2584345116430095
56.150000000000006,0.2574665932673495
56.2,0.25691909291218484
56.25,0.2562099856255904
56.300000000000004,0.25475581041758194
56.35,0.2528307254339114
56.400000000000006,0.25121908797106013
56.45,0.2501833492011834
56.5,0.24953702353679194
56.550000000000004,0.24889550435137944
56.6,0.24772407478369335
56.650000000000006,0.2460360601012308
56.7,0.2445086039698313
56.75,0.24348212676398956
56.800000000000004,0.24277927342140249
56.85,0.24213728144782198
56.900000000000006,0.241168541345175
56.95,0.23972742290977722
57.0,0.2383290086788876
57.050000000000004,0.23737615395403078
57.1,0.23668819848818223
57.150000000000006,0.23602518647922427
57.2,0.23517253453331383
57.25,0.2339542753480508
57.300000000000004,0.232710333098506
57.35,0.23187463542832198
57.400000000000006,0.2312813978273377
57.45,0.23062653891354534
57.5,0.22982036427617833
57.550000000000004,0.2287726020981567
57.6,0.22768701173532227
57.650000000000006,0.22698870249818165
57.7,0.22655867102088267
57.75,0.22598075583557725
57.800000000000004,0.22518856256659983
57.85,0.2242436823850491
57.900000000000006,0.2232975021464062
57.95,0.22273485696995568
58.0,0.22251079325044332
58.050000000000004,0.22209890973338303
58.1,0.22133655125197335
58.150000000000006,0.22043060810970988
58.2,0.21958360132801327
58.25,0.21913588578481322
58.300000000000004,0.21912793899744312
58.35,0.21896822979689487
58.400000000000006,0.21829893353613655
58.45,0.2173923507094706
58.5,0.21658936652094257
58.550000000000004,0.21621986878752492
58.6,0.2164059803676595
58.650000000000006,0.2165603304098873
58.7,0.21608144395794276
58.75,0.21517602762157542
58.800000000000004,0.2143591222013132
58.85,0.21401816286021919
58.900000000000006,0.21434969443714236
58.95,0.2148410815412623
59.0,0.21466179412638017
59.050000000000004,0.2138088628799489
59.1,0.21293394678214922
59.150000000000006,0.21256307715259853
59.2,0.2129728442006215
59.25,0.21377979374378775
59.300000000000004,0.21399542718923126
59.35,0.21329183541376934
59.400000000000006,0.2123463947106557
59.45,0.2118854892477458
59.5,0.21229585752833294
59.550000000000004,0.2133557961484357
59.6,0.21402491868527007
59.650000000000006,0.21359692457058968
59.7,0.21261391624542025
59.75,0.21201216051593252
59.800000000000004,0.21234220417008592
59.85,0.21356135172333773
59.900000000000006,0.21469084208504408
59.95,0.2146691451215806
60.0,0.2137322126099464
60.050000000000004,0.2129622761724077
60.1,0.21313448800195733
60.150000000000006,0.21440087697291937
60.2,0.2159416350324975
60.25,0.2164333865828237
60.300000000000004,0.2156702796662745
60.35,0.21474291999502937
60.400000000000006,0.21469083026862373
60.45,0.2158873019406179
60.5,0.2177404080719646
60.550000000000004,0.21880479082054852
60.6,0.21836889033104895
60.650000000000006,0.21734374653995772
60.7,0.21702156784390797
60.75,0.21803688600991397
60.800000000000004,0.22006755404634692
60.85,0.22170043632080194
60.900000000000006,0.22174365266870139
60.95,0.2207318051438557
61.0,0.22012592116567234
61.050000000000004,0.22086379705172876
61.1,0.22291912872202224
61.150000000000006,0.2250497636606576
61.2,0.22569268223759492
61.25,0.22484799057841104
61.300000000000004,0.22398829597642764
61.35,0.22437533872714074
61.400000000000006,0.22630194776307555
61.45,0.22880156357402273
61.5,0.23010766846603592
61.550000000000004,0.2296066753318249
61.6,0.22857427634326055
61.650000000000006,0.22856810211351897
61.7,0.23022692339275544
61.75,0.23292629842628615
61.800000000000004,0.234886114356186
61.85,0.23489958822439672
61.900000000000006,0.23382696154003668
61.95,0.2334248194117084
62.0,0.23470222453876033
62.050000000000004,0.23741371888814836
62.1,0.23994213462215705
62.150000000000006,0.24060401680104493
62.2,0.23966481275001406
62.25,0.23891153760489223
62.300000000000004,0.23972743698542173
62.35,0.24226681307961628
62.400000000000006,0.2452135419778101
62.45,0.24659420730438428
62.5,0.24598233509675507
62.550000000000004,0.24497496287817175
62.6,0.24528923730275648
62.650000000000006,0.2474937998335068
62.7,0.250663906852952
62.75,0.25275382058234036
62.800000000000004,0.25265456510204615
62.85,0.2515403173874327
62.900000000000006,0.2513584741671556
62.95,0.25310000502257507
63.0,0.2562795245722278
63.050000000000004,0.25898684589109683
63.1,0.25954548500579605
63.150000000000006,0.25851054492188125
63.2,0.2578882286525469
63.25,0.2590810687488351
63.300000000000004,0.26206238917211067
63.35,0.2652246548492537
63.400000000000006,0.26651937125277725
63.45,0.2657679335165825
63.5,0.26481250037411597
63.550000000000004,0.26541821914062064
63.6,0.26802104014256206
63.650000000000006,0.2714278074481239
63.7,0.2734530808971181
63.75,0.2731790067135505
63.800000000000004,0.27204554931911906
63.85,0.27207561487097554
63.900000000000006,0.27416134394540614
63.95,0.2775824986885672
64.0,0.280246768072148
64.05,0.2806028448177473
64.10000000000001,0.2794823911816485
64.15,0.2789992828582791
64.2,0.2804789021119873
64.25,0.2836927695281249
64.3,0.2868307226100991
64.35000000000001,0.2879020038192504
64.4,0.28700123863039356
64.45,0.2861171005818899
64.5,0.28695402480327115
64.55,0.28977045760988873
64.60000000000001,0.2931668947319699
64.65,0.29495423781050567
64.7,0.2944686015609832
64.75,0.29333954763034553
64.8,0.2935493724211906
64.85000000000001,0.29582512822466844
64.9,0.2992449391433333
64.95,0.30166267871747765
65.0,0.30174723827863364
65.05,0.300561386821988
65.10000000000001,0.30020974917343396
65.15,0.3018558846180248
65.2,0.30507388963204596
65.25,0.30796223904342507
65.3,0.308706300235173
65.35000000000001,0.30766478466912117
65.4,0.3068633105574552
65.45,0.3078461749018082
65.5,0.31067149727874466
65.55,0.3138207901264387
65.60000000000001,0.3152321211184127
65.65,0.31452443272343555
65.7,0.3134236168808207
65.75,0.3137617880890521
65.8,0.3160535978986854
65.85000000000001,0.3192348948721245
65.9,0.32123752802217403
65.95,0.3210148826139344
66.0,0.3197923658999094
66.05,0.31955148346688256
66.10000000000001,0.32122556930891744
66.15,0.3242211623381956
66.2,0.3266675764531434
66.25,0.32701961807102764
66.3,0.3258630352079188
66.35000000000001,0.3251493406567935
66.4,0.3261771421758802
66.45,0.32880526373200963
66.5,0.3315002926084881
66.55,0.33244058868262416
66.60000000000001,0.33152584036932076
66.65,0.3304779878014289
66.7,0.330880831886982
66.75,0.3330110432834724
66.8,0.33574215741948443
66.85000000000001,0.3372063561182204
66.9,0.33667423600115076
66.95,0.3354522312756353
67.0,0.33529339732982955
67.05,0.33685189453637726
67.10000000000001,0.3394193330720838
67.15,0.3412769455113841
67.2,0.34121266473160355
67.25,0.33998305082161673
67.3,0.3393592534041947
67.35000000000001,0.3403257746727689
67.4,0.3425666315796272
67.45,0.34464405840278084
67.5,0.3450645703426453
67.55,0.34398221502466286
67.60000000000001,0.3430147415716295
67.65,0.3434141796055079
67.7,0.34521667069058504
67.75,0.34732635226407893
67.8,0.3481791343309877
67.85000000000001,0.3473677569820243
67.9,0.34619249545961717
67.95,0.3460844458327836
68.0,0.3473914450563463
68.05,0.34936070477096565
68.10000000000001,0.35053506370313636
68.15,0.35007019604203365
68.2,0.34882561826298103
68.25,0.3482941586976681
68.3,0.34909775443605673
68.35000000000001,0.3507913821899155
68.4,0.35214019653165185
68.45,0.35203882278269566
68.5,0.3508517873667356
68.55,0.34999634136086594
68.60000000000001,0.35032684488099525
68.65,0.3516595171899286
68.7,0.35302661686974285
68.75,0.35324683844454513
68.8,0.35221754167266794
68.85000000000001,0.35114440214423437
68.9,0.35105758503932993
68.95,0.3519951315597516
69.0,0.35324210329938793
69.05,0.3536939446929333
69.10000000000001,0.3528828175086681
69.15,0.3516963347278338
69.2,0.3512618215537584
69.25,0.35181317704510345
69.3,0.3528397154325446
69.35000000000001,0.35340529062471515
69.4,0.352825354327693
69.45,0.35161816436283994
69.5,0.3509103803243556
69.55,0.35111396267680745
69.60000000000001,0.35186783660438303
69.65,0.3524264696527124
69.7,0.35204410673402475
69.75,0.3508869182439333
69.8,0.34997846010295874
69.85000000000001,0.34988724323044956
69.9,0.350362870153361
69.95,0.350815287860011
70.0,0.35056054914135093
70.05,0.3494933650372485
70.10000000000001,0.34844971840820443
70.15,0.348118487668571
70.2,0.3483460605145244
70.25,0.3486319623374685
70.3,0.34841694331316686
70.35000000000001,0.3474444470015459
70.4,0.34631894193014573
70.45,0.34579560760659267
70.5,0.3458248038180565
70.55,0.34592993748715783
70.60000000000001,0.34567127453266827
70.65,0.34476489094209495
70.7,0.3435936124445776
70.75,0.342914687738433
70.8,0.34279767547667395
70.85000000000001,0.3427494364828951
70.9,0.3423894683011897
70.95,0.3414971872510981
71.0,0.3402947916992659
71.05,0.33948385148282595
71.10000000000001,0.3392615810584165
71.15,0.33911518801973084
71.2,0.3386363732962199
71.25,0.33769918626712836
71.3,0.33645754483949253
71.35000000000001,0.3355250758312324
71.4,0.3352191438102716
71.45,0.33503867902385254
71.5,0.3344675286514026
71.55,0.33343904033607674
71.60000000000001,0.3321307344804675
71.65,0.33107431162757406
71.7,0.33068469031893133
71.75,0.3305241206858006
71.8,0.32992371296598044
71.85000000000001,0.32878798881567656
71.9,0.32737568054791555
71.95,0.32618051092754635
72.0,0.32568782566935334
72.05,0.32557643962461935
72.10000000000001,0.3250296575725636
72.15,0.3238122766118102
72.2,0.32226312213602176
72.25,0.3209040677771544
72.3,0.32027435521751196
72.35000000000001,0.32020926322566273
72.4,0.31979725491204564
72.45,0.3185660191693321
72.5,0.3168682388811985
72.55,0.3153148392898343
72.60000000000001,0.3145049667567407
72.65,0.31445110250179625
72.7,0.3142324231501973
72.75,0.31308685453178825
72.8,0.31126411154804406
72.85000000000001,0.30948954166959675
72.9,0.3084524527814982
72.95,0.3083486024080482
73.0,0.30834387017097675
73.05,0.3073956821295944
73.10000000000001,0.3055147006562911
73.15,0.30350814433202267
73.2,0.30219825456608485
73.25,0.3019665765735578
73.3,0.3021516095861905
73.35000000000001,0.30150079540731756
73.4,0.29966892198302236
73.45,0.29744905104856845
73.5,0.2958288131300895
73.55,0.29538530729794454
73.60000000000001,0.2956932973924249
73.65,0.29540556189718653
73.7,0.2937574699501544
73.75,0.29138332868419786
73.8,0.2894318068550914
73.85000000000001,0.2886960671905273
73.9,0.2890271544838633
73.95,0.2891178583782823
74.0,0.2877935816233561
74.05,0.28536883975257415
74.10000000000001,0.2830920775460506
74.15,0.2819959068675502
74.2,0.2822311622099183
74.25,0.2826590329313238
74.3,0.2817780208814862
74.35000000000001,0.27944560248183986
74.4,0.2768870622894477
74.45,0.2753824921177073
74.5,0.2753990824435834
74.55,0.2760703554313039
74.60000000000001,0.2757074490499825
74.65,0.2736338134060199
74.7,0.27088187055777196
74.75,0.26894933519525027
74.8,0.2686344301868515
74.85000000000001,0.26941563254481726
74.9,0.26958439235428716
74.95,0.2679355970852658
75.0,0.26512463404133535
75.05,0.2627813856126259
75.10000000000001,0.26204369124130356
75.15,0.2627796489739501
75.2,0.26342653986175957
75.25,0.2623407308999477
75.3,0.25964318468500686
75.35000000000001,0.2569508177192537
75.4,0.2557298451719271
75.45,0.25626305277071404
75.5,0.25727326038863035
75.55,0.256835543341549
75.60000000000001,0.2544442615375979
75.65,0.2515130293997646
75.7,0.24978677995338494
75.75,0.24997497271664054
75.8,0.25118794282887463
75.85000000000001,0.2514132385602322
75.9,0.2495161667452106
75.95,0.24650324726083442
76.0,0.24429470789395263
76.05,0.2440248901212781
76.10000000000001,0.2452557969489946
76.15,0.24608339042963398
76.2,0.24483508369347431
76.25,0.24193451908485702
76.3,0.23931642742039028
76.35000000000001,0.23851507890808726
76.4,0.23957778671865293
76.45,0.24087846177191516
76.5,0.24037430569722965
76.55,0.2377980494713447
76.60000000000001,0.23489431369628924
76.65,0.23353441806663466
76.7,0.23426212408611702
76.75,0.23585590355125355
76.80000000000001,0.23611470900612616
76.85000000000001,0.23406664463894777
76.9,0.2310481990247473
76.95,0.22915380966625165
77.0,0.22941505068526538
77.05000000000001,0.23109544667477122
77.10000000000001,0.2320542723485361
77.15,0.2307014433619284
77.2,0.2277746473057332
77.25,0.2254230400597027
77.30000000000001,0.2251324488045574
77.35000000000001,0.22669229514334943
77.4,0.22821451084212144
77.45,0.22766124877280497
77.5,0.2250483301654678
77.55000000000001,0.22236882867537963
77.60000000000001,0.22149327880255112
77.65,0.22274775985921896
77.7,0.22464235631682486
77.75,0.22491291187714235
77.80000000000001,0.22282611234576166
77.85000000000001,0.21999398938506967
77.9,0.21855517989056653
77.95,0.21935923310975902
78.0,0.22140707497718343
78.05000000000001,0.22244067644947887
78.10000000000001,0.22105398882459285
78.15,0.21827793365716577
78.2,0.21635205180014871
78.25,0.21661124114257996
78.30000000000001,0.2185929480908173
78.35000000000001,0.22025241228982267
78.4,0.21967626997449474
78.45,0.21717897623015045
78.5,0.2148932171429292
78.55000000000001,0.21456873879728508
78.60000000000001,0.21628933176010362
78.65,0.2183812772291407
78.7,0.21864561536894747
78.75,0.21663889330670705
78.80000000000001,0.21416385380490233
78.85000000000001,0.21327306792517206
78.9,0.2145801280669269
78.95,0.21688238357740613
79.0,0.21793197903875552
79.05000000000001,0.21658984512397567
79.10000000000001,0.21412665606992876
79.15,0.21274036639384314
79.2,0.2135345632312602
79.25,0.21582519296242236
79.30000000000001,0.21752849889243425
79.35000000000001,0.21696315440015684
79.4,0.21472494398284653
79.45,0.2129618799930647
79.5,0.2132005737648881
79.55000000000001,0.2152832950605916
79.60000000000001,0.21745291247494342
79.65,0.2176987195801774
79.7,0.21588751801634035
79.75,0.21390563469700363
79.80000000000001,0.21360128807786233
79.85000000000001,0.21532368916344377
79.9,0.2177440697661413
79.95,0.21875332007116774
80.0,0.2175353456098345
80.05000000000001,0.21551916588988076
80.10000000000001,0.21473435113959852
80.15,0.2159975788490026
80.2,0.21845424960577337
80.25,0.22010599606098988
80.30000000000001,0.21958967770207877
80.35000000000001,0.21773329293998814
80.4,0.2165733977672654
80.45,0.21733408380486824
80.5,0.21963893809166646
80.55000000000001,0.22175916079038102
80.60000000000001,0.2219805755854839
80.65,0.22046709178926152
80.7,0.2190709080407699
80.75,0.21933740135204688
80.80000000000001,0.22134622708841703
80.85000000000001,0.22373502390136335
80.9,0.22465433481060687
80.95,0.22363413349826106
81.0,0.22216189243063147
81.05000000000001,0.22198711848970235
81.10000000000001,0.22360791089271087
81.15,0.22606800309737698
81.2,0.22757817837901026
81.25,0.2271497023029823
81.30000000000001,0.22576817888446463
81.35000000000001,0.22524083655527688
81.4,0.22643375114164818
81.45,0.22879475168309316
81.5,0.2307409851727107
81.55000000000001,0.23093819160523488
81.60000000000001,0.2298033233764997
81.65,0.22903812951632085
81.7,0.22980946532948088
81.75,0.2319439531730394
81.80000000000001,0.23414965450893718
81.85000000000001,0.23493942138066337
81.9,0.2341782022223795
81.95,0.23330505145035396
82.0,0.23369808545975795
82.05000000000001,0.2355279818618506
82.10000000000001,0.23782174589030977
82.15,0.2391124720588397
82.2,0.23880712206014434
82.25,0.23795876905138505
82.30000000000001,0.23804370982803025
82.35000000000001,0.23953792809259483
82.4,0.24177596079729893
82.45,0.24343593788654758
82.5,0.2436138743160573
82.55000000000001,0.24291222768799112
82.60000000000001,0.24277646941566805
82.65,0.24394254414358946
82.7,0.24602256787808113
82.75,0.24790423724591254
82.80000000000001,0.24853675240743406
82.85000000000001,0.2480789124890834
82.9,0.2478177114592124
82.95,0.24869069617752984
83.0,0.25055584692246036
83.05000000000001,0.2525205744557221
83.10000000000001,0.2535313740674383
83.15,0.25337766958151814
83.2,0.25308480218484836
83.25,0.2537162112760122
83.30000000000001,0.25535004390211075
83.35000000000001,0.25728803283248697
83.4,0.2585703724454041
83.45,0.25873724799714165
83.5,0.2584953663508548
83.55000000000001,0.2589437545051203
83.60000000000001,0.26035937399740744
83.65,0.2622008114245701
83.7,0.26363964282867774
83.75,0.26409986425518595
83.80000000000001,0.26397104518772235
83.85000000000001,0.2642945440404938
83.9,0.26552159309404344
83.95,0.267237616537454
84.0,0.268731690267862
84.05000000000001,0.2694228939528162
84.10000000000001,0.26944087599633415
84.15,0.2696911547082718
84.2,0.27076390014669605
84.25,0.2723586626377727
84.30000000000001,0.2738374479425898
84.35000000000001,0.2746779307476215
84.4,0.2748441903752843
84.45,0.2750611598522601
84.5,0.27600963226034486
84.55000000000001,0.27750678568162374
84.60000000000001,0.27893845428443187
84.65,0.2798469587247467
84.7,0.280132618618638
84.75,0.2803397326519763
84.80000000000001,0.28118438239090127
84.85000000000001,0.2826121259848841
84.9,0.2840012983284925
84.95,0.2849161305175202
85.0,0.2852705713427295
85.05000000000001,0.285471459909976
85.10000000000001,0.2862206571255222
85.15,0.2875990288886835
85.2,0.28897572257782006
85.25,0.2898683916973278
85.30000000000001,0.29023362286109433
85.35000000000001,0.2904115043574268
85.4,0.29106077694012594
85.45,0.2923934680215889
85.5,0.2937968426361042
85.55000000000001,0.2946766835689214
85.60000000000001,0.29500460651652816
85.65,0.29512598583325034
85.7,0.2956581982249905
85.75,0.2969294582488076
85.80000000000001,0.29839088564927063
85.85000000000001,0.2992994979103822
85.9,0.29956785795683827
85.95,0.2995912158826631
86.0,0.29997767241493445
86.05000000000001,0.30115345687570116
86.10000000000001,0.3026830015748004
86.15,0.3036800824967159
86.2,0.3039027019174915
86.25,0.3037913930198799
86.30000000000001,0.30399462092045865
86.35000000000001,0.305026421948061
86.4,0.3066053171153761
86.45,0.3077497062027094
86.5,0.30797773226565756
86.55000000000001,0.3077146320506188
86.60000000000001,0.3076938744605545
86.65,0.3085237787246488
86.7,0.3101035537706633
86.75,0.31143434441483786
86.80000000000001,0.3117474923739591
86.85000000000001,0.3113477026212129
86.9,0.31106766606353825
86.95,0.3116338821274793
87.0,0.3131411003397011
87.05000000000001,0.3146632724283989
87.10000000000001,0.31515274084114153
87.15,0.31467041568887555
87.2,0.3141126588590345
87.25,0.31435559983857303
87.30000000000001,0.3157001817803033
87.35000000000001,0.31737763203986913
87.4,0.3181246551132447
87.45,0.3176510048930377
87.5,0.3168259377732848
87.55000000000001,0.3166954378099543
87.60000000000001,0.31778045257916293
87.65,0.31953716986491976
87.7,0.32059230886073226
87.75,0.3202439185012894
87.80000000000001,0.3192002724563812
87.85000000000001,0.31866434072585337
87.9,0.31939577886941406
87.95,0.32112394019736235
88.0,0.3224918778311452
88.05000000000001,0.3223910722945743
88.10000000000001,0.32121942396115194
88.15,0.3202741082619012
88.2,0.320570080195418
88.25,0.32214258833310866
88.30000000000001,0.32377557328777357
88.35000000000001,0.3240268539424353
88.4,0.32285462578021396
88.45,0.3215333987193396
88.5,0.3213329199135107
88.55000000000001,0.32261761565407543
88.60000000000001,0.32441840902560926
88.65,0.3250862055238968
88.7,0.32406344612995464
88.75,0.3224435486927136
88.80000000000001,0.321715207707325
88.85000000000001,0.3225885620247749
88.9,0.3244215118833398
88.95,0.32551424108630245
89.0,0.3247919314978955
89.05000000000001,0.3229948067159285
89.10000000000001,0.32174509802228324
89.15,0.32210421668773653
89.2,0.32381156442312153
89.25,0.3252753759119771
89.30000000000001,0.3249802550325724
89.35000000000001,0.3231638872190414
89.4,0.32144408096053934
89.45,0.32121680549579834
89.5,0.32263684270285403
89.55000000000001,0.3243600185698532
89.60000000000001,0.3245712009194782
89.65,0.3229138340465351
89.7,0.3208234009166204
89.75,0.31997673610337324
89.80000000000001,0.320960941026908
89.85000000000001,0.3227874733740076
89.9,0.3235199770272228
89.95,0.3221969350637589
90.0,0.31988121682672827
90.05000000000001,0.31842811080599664
90.10000000000001,0.31885552089098224
90.15,0.32060461478646535
90.2,0.32180335452260195
90.25,0.3209608430232801
90.30000000000001,0.31860118152429995
90.35000000000001,0.31660500925235086
90.4,0.31639327774388143
90.45,0.31788084245595283
90.5,0.31942617253999467
90.55000000000001,0.3191572510414348
90.60000000000001,0.316953210296281
90.65,0.3145285654762303
90.7,0.3136419117362986
90.75,0.31470054166373135
90.80000000000001,0.3164238192645302
90.85000000000001,0.31675168019673294
90.9,0.31489702205103853
90.95,0.3122050572650091
91.0,0.3106594220764131
91.05000000000001,0.3111545890734671
91.10000000000001,0.3128602274116104
91.15,0.3137324419085667
91.2,0.31238854458478915
91.25,0.3096254525857416
91.30000000000001,0.30749071452627585
91.35000000000001,0.30733232403738797
91.4,0.3088219214570223
91.45,0.3101168423607466
91.5,0.3093885637858526
91.55000000000001,0.30676696683229343
91.60000000000001,0.3041654175620437
91.65,0.3033149607857996
91.7,0.3044094449398731
91.75,0.30595323304410493
91.80000000000001,0.3058722670149048
91.85000000000001,0.3035970637322619
91.9,0.30069691582341884
91.95,0.29917085683126143
92.0,0.29972787894456926
92.05000000000001,0.30131842873833026
92.10000000000001,0.30183784543781683
92.15,0.30007993916021997
92.2,0.29708280758762445
92.25,0.294952599241718
92.30000000000001,0.2948780726837127
92.35000000000001,0.29631104255377827
92.4,0.297312291508089
92.45,0.2961849171495176
92.5,0.2933071277725744
92.55000000000001,0.29069565934878433
92.60000000000001,0.28994973265436985
92.65,0.2910421370475315
92.7,0.2923530174499273
92.75,0.291895528375821
92.80000000000001,0.2893446298404953
92.85000000000001,0.2864184018188106
92.9,0.28501686897031225
92.95,0.2856250358464213
93.0,0.28704480790264275
93.05000000000001,0.2872175734737362
93.10000000000001,0.2851671300096288
93.15,0.28212341041674754
93.2,0.2801355219436313
93.25,0.28016608484316785
93.30000000000001,0.2814926532711929
93.35000000000001,0.28218441306669956
93.4,0.28075141413093596
93.45,0.2778002625140875
93.5,0.2753433634322877
93.55000000000001,0.27475765931360674
93.60000000000001,0.2758118988568892
93.65,0.2768581597125862
93.7,0.27608762596211445
93.75,0.27342991763813523
93.80000000000001,0.27066072563224497
93.85000000000001,0.26947398787551385
93.9,0.27011764465041405
93.95,0.2713262854616994
94.0,0.271186611172766
94.05000000000001,0.26899070536788583
94.10000000000001,0.2660927691128462
94.15,0.2643696723178837
94.2,0.2645153147049528
94.25,0.26569417383114036
94.30000000000001,0.26608459936174067
94.35000000000001,0.2644655070269889
94.4,0.26163271409195366
94.45,0.2594803373139091
94.5,0.2590938171756614
94.55000000000001,0.260075051778654
94.60000000000001,0.2608439749864175
94.65,0.25984922698091395
94.7,0.25726618157053555
94.75,0.25482472439697385
94.80000000000001,0.2539219281529786
94.85000000000001,0.25457928045881495
94.9,0.2555496603546873
94.95,0.2551552332838315
95.0,0.2529766274095461
95.05000000000001,0.25040768790606466
95.10000000000001,0.24904773423610266
95.15,0.2493050097511605
95.2,0.2503016078911551
95.25,0.2504193241065647
95.30000000000001,0.24875157898586703
95.35000000000001,0.2462238099694605
95.4,0.2445004104727529
95.45,0.24433171307925305
95.5,0.24520480219098492
95.55000000000001,0.24570007268729357
95.60000000000001,0.24458897333958127
95.65,0.2422615697227895
95.7,0.24029341208735178
95.75,0.2397172875040854
95.80000000000001,0.24035874554199813
95.85000000000001,0.24107509370801006
95.9,0.24050251269283285
95.95,0.23850806000747388
96.0,0.23642828477791197
96.05000000000001,0.23549851458677803
96.10000000000001,0.2358484693169972
96.15,0.23663368514227207
96.2,0.23652479976575097
96.25,0.23495409290288433
96.30000000000001,0.23289860627044628
96.35000000000001,0.23169401256499142
96.4,0.23173864905183567
96.45,0.23246717725150381
96.5,0.23270723378331157
96.55000000000001,0.23159921676758516
96.60000000000001,0.2296938888734231
96.65,0.22830853291519942
96.7,0.22807154796926704
96.75,0.22865890772805025
96.80000000000001,0.22911624248059043
96.85000000000001,0.22845582160425826
96.9,0.22680345556241194
96.95,0.2253375604623215
97.0,0.22486855303727318
97.05000000000001,0.22527585061444824
97.10000000000001,0.2258262538666277
97.15,0.22555132852115936
97.2,0.2242202740623796
97.25,0.2227715307954272
97.30000000000001,0.22213430679567045
97.35000000000001,0.22236349880744954
97.4,0.2229106414542587
97.45,0.22292759687213956
97.5,0.22194450896670528
97.55000000000001,0.22059939487309418
97.60000000000001,0.21986208221316586
97.65,0.21994474906578265
97.7,0.22043246030758332
97.75,0.22063717156163265
97.80000000000001,0.21998624628008676
97.85000000000001,0.21881156940479776
97.9,0.21803912856368965
97.95,0.2180225314756392
98.0,0.2184369334822632
98.05000000000001,0.21873672242814732
98.10000000000001,0.21836663904308418
98.15,0.21740240769218
98.2,0.2166511120243003
98.25,0.2165850843431731
98.30000000000001,0.21694726690993657
98.35000000000001,0.21727878971203302
98.4,0.21711677977630836
98.45,0.21637219534833074
98.5,0.21568528681510948
98.55000000000001,0.2156123441346312
98.60000000000001,0.21596454568834642
98.65,0.21630351089328678
98.7,0.21627398365708708
98.75,0.215728411093993
98.80000000000001,0.21513246628246002
98.85000000000001,0.21508196947393945
98.9,0.21547143931007162
98.95,0.21583217005954117
99.0,0.21587578540367006
99.05000000000001,0.21548576400798697
99.10000000000001,0.21498808249722198
99.15,0.21497394575414128
99.2,0.215438543329665
99.25,0.21586408065775525
99.30000000000001,0.21595263121437525
99.35000000000001,0.21566449628610188
99.4,0.2152525855822963
99.45,0.2152733180569073
99.5,0.21583168530569807
99.55000000000001,0.216377533581424
99.60000000000001,0.21652076868543363
99.65,0.21628670652061535
99.7,0.21593120991063194
99.75,0.21597115486079116
99.80000000000001,0.2166185350556113
99.85000000000001,0.2173345277917335
99.9,0.21757701448247782
99.95,0.21737095202016732
100.0,0.21703288226769307
100.05000000000001,0.21706418534291894
100.10000000000001,0.21777330676573853
100.15,0.2186880669107593
100.2,0.21909680018256608
100.25,0.21892597325778332
100.30000000000001,0.2185679459621283
100.35000000000001,0.21855360693947684
100.4,0.21927901857777732
100.45,0.22039024926982986
100.5,0.22103617952188132
100.55000000000001,0.22094485200462366
100.60000000000001,0.22054452923463178
100.65,0.22044337393417
100.7,0.2211274441749422
100.75,0.22239935002150982
100.80000000000001,0.22333750319359053
100.85000000000001,0.22340108991122837
100.9,0.22296377340843354
100.95,0.22273800071466404
101.0,0.22331734908474998
101.05000000000001,0.22468454750017314
101.10000000000001,0.22593752767920866
101.15,0.2262478612347481
101.2,0.2258146238388378
101.25,0.22543973236409848
101.30000000000001,0.22585174848592285
101.35000000000001,0.22722768496069667
101.4,0.22877612891958385
101.45,0.22942104745483033
101.5,0.22906929469410164
101.55000000000001,0.2285449780875043
101.60000000000001,0.22873477483926224
101.65,0.23002222938774272
101.7,0.2318037216826156
101.75,0.23284574437230107
101.80000000000001,0.23268068262895422
101.85000000000001,0.2320401751790847
101.9,0.23196843914643192
101.95,0.23307015986066673
102.0,0.23498593079621605
102.05000000000001,0.2364450139359753
102.10000000000001,0.23658281104540835
102.15,0.23589764387438727
102.2,0.23554930639804625
102.25,0.23637775180444834
102.30000000000001,0.23830484125666623
102.35000000000001,0.24014903741997906
102.4,0.2406948153671098
102.45,0.24007234069784877
102.5,0.2394650351609184
102.55000000000001,0.23995111291864946
102.60000000000001,0.24175700904770747
102.65,0.24390271979606998
102.7,0.2449281389138707
102.75,0.2445005664468245
102.80000000000001,0.2436908904153346
102.85000000000001,0.24379199542302285
102.9,0.24534908830159996
102.95,0.24767022057391774
103.0,0.24919573547269544
103.05000000000001,0.2491015259757066
103.10000000000001,0.24818664030311466
103.15,0.24789406081863397
103.2,0.24909225238040508
103.25,0.2514356878667842
103.30000000000001,0.253421459643851
103.35000000000001,0.2537821398642541
103.4,0.25289453958261454
103.45,0.2522395870052011
103.5,0.2529965171935792
103.55000000000001,0.2552003902797279
103.60000000000001,0.2575476904744565
103.65,0.2584447534322507
103.7,0.2577392378294954
103.75,0.2567966524008519
103.80000000000001,0.25706572084034013
103.85000000000001,0.258977203446567
103.9,0.26153963105187233
103.95,0.2629965780191168
104.0,0.2626303240239138
104.05000000000001,0.26151704668047365
104.10000000000001,0.2612934806125173
104.15,0.26278381381394333
104.2,0.2653855286138021
104.25,0.2673591037606632
104.30000000000001,0.26746779505765705
104.35000000000001,0.26633540278760914
104.4,0.2656601430268991
104.45,0.2666359785645974
104.5,0.2690930165304628
104.55000000000001,0.2714755684816665
104.60000000000001,0.27215007166081273
104.65,0.27117017406673255
104.7,0.270130670947851
104.75,0.2705418100931287
104.80000000000001,0.27268261131509175
104.85000000000001,0.27531493160976783
104.9,0.2765834499878628
104.95,0.2759269904976551
105.0,0.27465354208648035
105.05000000000001,0.2744975408637286
105.10000000000001,0.27617987927218657
105.15,0.27887158637472687
105.2,0.2806913154387704
105.25,0.28050457662795236
105.30000000000001,0.2791609386940519
105.35000000000001,0.27848479969924833
105.4,0.27960781219566816
105.45,0.28216101500295837
105.5,0.2844212808221394
105.55000000000001,0.2848028423506209
105.60000000000001,0.2835706422849603
105.65,0.2824692393632811
105.7,0.2829805747674007
105.75,0.28521247103236647
105.80000000000001,0.28774874053526384
105.85000000000001,0.28873210423640205
105.9,0.28779000140600214
105.95,0.28640040050601395
106.0,0.2862992032499633
106.05000000000001,0.28806031762258844
106.10000000000001,0.2906760843779202
106.15,0.29222187754077433
106.2,0.29172206580010035
106.25,0.29021286826828674
106.30000000000001,0.2895492950522299
106.35000000000001,0.2907357250476745
106.4,0.29322777806555067
106.45,0.2952275117546314
106.5,0.29527350197548824
106.55000000000001,0.29382892757844803
106.60000000000001,0.29270041634830946
106.65,0.29326005793270543
106.7,0.2954424212632006
106.75,0.2977332363958359
106.80000000000001,0.2983633370012956
106.85000000000001,0.2971629318898972
106.9,0.2957069127303735
106.95,0.2956406425403656
107.0,0.2973634865324053
107.05000000000001,0.2997508912683687
107.10000000000001,0.3009311090282055
107.15,0.30012740879832756
107.2,0.2985099475955063
107.25,0.2978689579293854
107.30000000000001,0.2990305643833224
107.35000000000001,0.30131455073164337
107.4,0.30294283713915343
107.45,0.3026405432549302
107.5,0.3010407664757106
107.55000000000001,0.2999208624676534
107.60000000000001,0.3004725809598014
107.65,0.30247215673400907
107.7,0.3043934798004511
107.75,0.30463419687261356
107.80000000000001,0.3032252605732321
107.85000000000001,0.30175833541188535
107.9,0.30170377391826203
107.95,0.3032758989229514
108.0,0.30530520422421414
108.05000000000001,0.3060612048126441
108.10000000000001,0.30498980273244
108.15,0.3033323207092095
108.2,0.3027224715620887
108.25,0.30377324379335663
108.30000000000001,0.305721678449589
108.35000000000001,0.3069005287810217
108.4,0.3062680466931952
108.45,0.30458646293720404
108.5,0.30351217383437734
108.55000000000001,0.3040001797758605
108.60000000000001,0.30569948367015526
108.65,0.30715906085061806
108.7,0.3070079842928818
108.75,0.3054616762288049
108.80000000000001,0.3040442104532224
108.85000000000001,0.30397754027403373
108.9,0.30529838078117105
108.95,0.30686946322217923
109.0,0.3071781894714819
109.05000000000001,0.3059014879727294
109.10000000000001,0.3042813243668136
109.15,0.30371044984145507
109.2,0.3045723638728013
109.25,0.3060842569698667
109.30000000000001,0.3067720169964737
109.35000000000001,0.30585792162324676
109.4,0.30418176206960157
109.45,0.30319028695999856
109.5,0.30356312841841954
109.55000000000001,0.3048672200714479
109.60000000000001,0.30580869592348037
109.65,0.3052973744680726
109.7,0.3037036859224786
109.75,0.3023982424677824
109.80000000000001,0.30229687183655096
109.85000000000001,0.30328378653592436
109.9,0.304330777491363
109.95,0.30420562946799984
110.0,0.30280983419021434
110.05000000000001,0.30130958671430147
110.10000000000001,0.30078447116039536
110.15,0.3013923634540594
110.2,0.30239815054939645
110.25,0.3025909790592769
110.30000000000001,0.30147228797771414
110.35000000000001,0.29989802058990817
110.4,0.29902433922324356
110.45,0.29923821280182794
110.5,0.30007962921513426
110.55000000000001,0.3004845630540514
110.60000000000001,0.2996769843909756
110.65,0.2981398042105513
110.7,0.2970068583708772
110.75,0.2968508472074557
110.80000000000001,0.2974437272487298
110.85000000000001,0.2979374644919431
110.9,0.2974273462019078
110.95,0.29601758404820333
111.0,0.29471928072107356
111.05000000000001,0.29424498351055417
111.10000000000001,0.29455047396575484
111.15,0.2950147757086391
111.2,0.2947462325931844
111.25,0.29352388949651265
111.30000000000001,0.29215026854004067
111.35000000000001,0.29142428109504925
111.4,0.29144589396754633
111.45,0.2917875685687008
111.5,0.29167548787734726
111.55000000000001,0.29066414069792734
111.60000000000001,0.2892936505324318
111.65,0.2883866081612899
111.7,0.28816010363845135
111.75,0.2883242751601962
111.80000000000001,0.28827272342096366
111.85000000000001,0.2874587858057667
111.9,0.28615131588700937
111.95,0.28512952082105836
112.0,0.2847090646251321
112.05000000000001,0.2846832288704092
112.10000000000001,0.2846055438670624
112.15,0.283944011476626
112.2,0.2827353401173356
112.25,0.28165493738090086
112.30000000000001,0.28109916697845694
112.35000000000001,0.28090791913336804
112.4,0.28074406985501166
112.45,0.28017048569216957
112.5,0.279069401056217
112.55000000000001,0.27797246890569655
112.60000000000001,0.277333260494229
112.65,0.2770258855499604
112.7,0.27675313119468403
112.75,0.2761998626694035
112.80000000000001,0.27518936328766824
112.85000000000001,0.2741013304473285
112.9,0.273416644501588
112.95,0.2730512805009393
113.0,0.2726857392689586
113.05000000000001,0.27209925872847673
113.10000000000001,0.27114272178823234
113.15,0.27007105407723186
113.2,0.2693618257934384
113.25,0.26899023740204947
113.30000000000001,0.2685792812941411
113.35000000000001,0.26793446270380694
113.4,0.26698654783470827
113.45,0.26592128623682454
113.5,0.26519139665110875
113.55000000000001,0.2648475742326352
113.60000000000001,0.2644553015518025
113.65,0.26376310684292686
113.7,0.26278375904577905
113.75,0.26170081530070466
113.80000000000001,0.26093895825381036
113.85000000000001,0.2606332057511504
113.9,0.26032287505260043
113.95,0.2596292392479269
114.0,0.25859791593876275
114.05000000000001,0.2574657700621851
114.10000000000001,0.2566484349103209
114.15,0.2563669287961264
114.2,0.2561846888923988
114.25,0.2555605960983087
114.30000000000001,0.2544872148695013
114.35000000000001,0.2532768128469421
114.4,0.25237228522789446
114.45,0.2520808350139612
114.5,0.2520443070443277
114.55000000000001,0.2515693463156559
114.60000000000001,0.2504987476767203
114.65,0.24919523258703688
114.7,0.2481690257347079
114.75,0.2478192751571417
114.80000000000001,0.24791289796633328
114.85000000000001,0.24765627389412448
114.9,0.24666428684030142
114.95,0.2452781238578951
115.0,0.24410025648848147
115.05000000000001,0.24363683540512446
115.10000000000001,0.24381397957253298
115.15,0.24381749829047222
115.2,0.24299872809917242
115.25,0.24157322149935023
115.30000000000001,0.24022718636187035
115.35000000000001,0.23959504741990756
115.4,0.23978535718899513
115.45,0.24005218446545823
115.5,0.23950184645143663
115.55000000000001,0.238114301914697
115.60000000000001,0.2366066327021391
115.65,0.2357585116755318
115.7,0.23587817745344314
115.75,0.23636946976284193
115.80000000000001,0.23616327416481686
115.85000000000001,0.23491822476817764
115.9,0.23328664932159818
115.95,0.23219086843885453
116.0,0.2321536618129636
116.05000000000001,0.23279309267041198
116.10000000000001,0.23296978774555738
116.15,0.23198457291864938
116.2,0.23030223981525558
116.25,0.22895077896751403
116.30000000000001,0.22867844066964294
116.35000000000001,0.22936284509840293
116.4,0.22991335302692711
116.45,0.2292984182048872
116.5,0.2276719045729612
116.55000000000001,0.22608794552938527
116.60000000000001,0.22551941968911818
116.65,0.22613277476091434
116.7,0.22699814002512278
116.75,0.22683605521096306
116.80000000000001,0.22539591360193
116.85000000000001,0.22363927063242017
116.9,0.22273884875743089
116.95,0.22316679171784398
117.0,0.22424496160269408
117.05000000000001,0.22457277629796135
117.10000000000001,0.22345709469309294
117.15,0.22162548165503354
117.2,0.22038991204959757
117.25,0.22053277867564922
117.30000000000001,0.221692231787597
117.35000000000001,0.22249115005681805
117.4,0.22182453955738013
117.45,0.22004879772210667
117.5,0.21851290670455065
117.55000000000001,0.21829636888574175
117.60000000000001,0.21939338246232612
117.65,0.22058802726853663
117.7,0.22046000553288173
117.75,0.21889235359062809
117.80000000000001,0.2171320350006891
117.85000000000001,0.21651528526238065
117.9,0.2174114715261532
117.95,0.21887872998587637
118.0,0.21932607736858578
118.05000000000001,0.21812201555961042
118.10000000000001,0.21625298185656808
118.15,0.21523470589278237
118.2,0.21581223682072573
118.25,0.21739751981714325
118.30000000000001,0.218394576623229
118.35000000000001,0.2176908839889396
118.4,0.2158616675251257
118.45,0.21448375063827285
118.5,0.21465696691310038
118.55000000000001,0.2161943057576225
118.60000000000001,0.21765347621738118
118.65,0.21754621147663547
118.7,0.2159247121858175
118.75,0.21427301985639688
118.80000000000001,0.21399628781927077
118.85000000000001,0.21532839359174044
118.9,0.2171108015394073
118.95,0.21763780775818742
119.0,0.2163921076247318
119.05000000000001,0.2145931785396061
119.10000000000001,0.21386546766665088
119.15,0.21486066084681166
119.2,0.21679463372002478
119.25,0.21792645982862308
119.30000000000001,0.21720230732639742
119.35000000000001,0.21541476815871563
119.4,0.21428135394413902
119.45,0.21484570652978435
119.5,0.2167492039781498
119.55000000000001,0.21839067586798322
119.60000000000001,0.2182894440185527
119.65,0.21668959631433105
119.7,0.21524076871860848
119.75,0.21532525792185303
119.80000000000001,0.21702793888468863
119.85000000000001,0.21903027710303072
119.9,0.21959177945383823
119.95,0.21835406893965398
120.0,0.21672015739217643
120.05000000000001,0.21632356247210877
120.10000000000001,0.21768494413273845
120.15,0.21986598457640413
120.2,0.2210599799271763
120.25,0.22033461884658137
120.30000000000001,0.21867644389722085
120.35000000000001,0.217844896070214
120.4,0.21876662194702487
120.45,0.22093501883635916
120.5,0.2226635964051436
120.55000000000001,0.22255495425639174
120.60000000000001,0.2210492413106672
120.65,0.21987290343116395
120.7,0.22030486157041332
120.75,0.222283615785823
120.80000000000001,0.22439433010235427
120.85000000000001,0.22494430293444376
120.9,0.22376465354595804
120.95,0.22237135837136957
121.0,0.22231264435342407
121.05000000000001,0.22395802105363893
121.10000000000001,0.22626526725934107
121.15,0.22744534414937587
121.2,0.22674078335222148
121.25,0.22528605018271558
121.30000000000001,0.22478221100680834
121.35000000000001,0.2259957690781907
121.4,0.22830612391040725
121.45,0.23002030317890979
121.5,0.2298947188847501
121.55000000000001,0.22854772750402147
121.60000000000001,0.2276854014963381
121.65,0.22841881360910063
121.7,0.23055542780980504
121.75,0.23265386105587493
121.80000000000001,0.23315028690838135
121.85000000000001,0.2320761996575838
121.9,0.23097554717496707
121.95,0.23122945019733293
122.0,0.23305124208527547
122.05000000000001,0.23535210272720364
122.10000000000001,0.23644540432695316
122.15,0.2357856822309442
122.2,0.23459036654482418
122.25,0.23440919578789782
122.30000000000001,0.23582230916539626
122.35000000000001,0.23813755682272478
122.4,0.2397376314932811
122.45,0.23959123492304504
122.5,0.23845556523245015
122.55000000000001,0.23792014155397967
122.60000000000001,0.23888127548070037
122.65,0.24104125356948117
122.7,0.24300667130193104
122.75,0.2434157309737522
122.80000000000001,0.2424890938020058
122.85000000000001,0.2417079606435164
122.9,0.24222101862277995
122.95,0.24409341111227895
123.0,0.2462530811207545
123.05000000000001,0.2471963721348378
123.10000000000001,0.24660612322738482
123.15,0.2457057701983037
123.2,0.24581426189884603
123.25,0.24731465831977384
123.30000000000001,0.24949325163984792
123.35000000000001,0.2508895189767717
123.4,0.25072467845281593
123.45,0.24983831080139907
123.5,0.24961591360449417
123.55000000000001,0.2507095104779889
123.60000000000001,0.25275155195679794
123.65,0.2544726965873247
123.7,0.2547715518855019
123.75,0.25402624108442323
123.80000000000001,0.2535671349559845
123.85000000000001,0.2542631789156491
123.9,0.2560512178434038
123.95,0.2579430948996951
124.0,0.2586877318066996
124.05000000000001,0.2581905750724766
124.10000000000001,0.2576000969792888
124.15,0.25794191958954155
124.2,0.2594058750201071
124.25,0.2613126095299381
124.30000000000001,0.26243231949086004
124.35000000000001,0.26225730249493495
124.4,0.26164265528730885
124.45,0.2616962985006857
124.5,0.262813427243209
124.55000000000001,0.264600270281294
124.60000000000001,0.2659839388906485
124.65,0.266162016732831
124.7,0.26562257870292844
124.75,0.2654662276286144
124.80000000000001,0.2662534229564572
124.85000000000001,0.26782356276923186
124.9,0.2693390227352955
124.95,0.26985403702794997
125.0,0.26947131950074704
125.05000000000001,0.26918651672511823
125.10000000000001,0.2696881224044854
125.15,0.2709904719932234
125.2,0.2725070078205049
125.25,0.27329923583207116
125.30000000000001,0.27312746372531965
125.35000000000001,0.2727919480707827
125.4,0.27306660391123655
125.45,0.2740939462365452
125.5,0.2755032140668804
125.55000000000001,0.27648074578434967
125.60000000000001,0.2765398992975199
125.65,0.27622134834218787
125.7,0.27633064532111806
125.75,0.27710989554659865
125.80000000000001,0.27834080700238095
125.85000000000001,0.279397009104607
125.9,0.2796704605152409
125.95,0.27942059810574477
126.0,0.2794209447857992
126.05000000000001,0.2799989559260946
126.10000000000001,0.28102356657019034
126.15,0.2820571883396866
126.2,0.28249552225871494
126.25,0.28234480834973535
126.30000000000001,0.28228248854446686
126.35000000000001,0.28271133591649633
126.4,0.28354108413532186
126.45,0.2844746251110422
126.5,0.28500591165712147
126.55000000000001,0.28495991531890863
126.60000000000001,0.28486838492247557
126.65,0.28519339979529096
126.7,0.28586746790857237
126.75,0.286659613877814
126.80000000000001,0.28720469140685007
126.85000000000001,0.28724373416721316
126.9,0.2871420518287044
126.95,0.2873944103936935
127.0,0.2879637830859063
127.05000000000001,0.28861307117681645
127.10000000000001,0.28910282158554346
127.15,0.2891862234859578
127.2,0.2890780676003506
127.25,0.2892720719941805
127.30000000000001,0.2897835334646005
127.35000000000001,0.2903226053964964
127.4,0.29071328819392983
127.45,0.29078853783281755
127.5,0.2906621409289477
127.55000000000001,0.2907960528709747
127.60000000000001,0.291279791436526
127.65,0.2917619990468034
127.7,0.29204481313401576
127.75,0.2920605236227222
127.80000000000001,0.2918905233301611
127.85000000000001,0.29194931971418286
127.9,0.29241230211656677
127.95,0.2928943066325453
128.0,0.29309655625998
128.05,0.2930166530137771
128.1,0.2927689018376852
128.15,0.2927276594441428
128.20000000000002,0.29315307468953256
128.25,0.2936778709940374
128.3,0.2938551665202241
128.35,0.29367087841504746
128.4,0.2933105681196484
128.45000000000002,0.29313803426324264
128.5,0.29348952510647053
128.55,0.2940738460045223
128.6,0.2942950959183869
128.65,0.2940313560729564
128.70000000000002,0.2935336252014083
128.75,0.29319636618864253
128.8,0.29342495067185503
128.85,0.29405349760905064
128.9,0.2943823374664014
128.95000000000002,0.29409626243932824
129.0,0.29345721215701437
129.05,0.29292507342651675
129.1,0.29297676413691276
129.15,0.29360371289542303
129.20000000000002,0.2940808864279545
129.25,0.29385189126834643
129.3,0.29309711626311263
129.35,0.29235037648285866
129.4,0.2921733014522735
129.45000000000002,0.29272969800539833
129.5,0.293360514347845
129.55,0.29327382621391784
129.6,0.29246154489989484
129.65,0.29149924193115967
129.70000000000002,0.29105005344707685
129.75,0.29145460373066684
129.8,0.29220411199339125
129.85,0.2923312935849286
129.9,0.2915480843377585
129.95000000000002,0.29039592514737517
130.0,0.28964591888849067
130.05,0.28981654870108353
130.1,0.2906129906874528
130.15,0.29099398817356403
130.20000000000002,0.2903428544704693
130.25,0.28905835888976716
130.3,0.28799971423218246
130.35,0.2878639969888735
130.4,0.28860907538867964
130.45000000000002,0.28923997820620434
130.5,0.2888225261976384
130.55,0.28749497544674074
130.6,0.28614691295730815
130.65,0.28565056838172664
130.70000000000002,0.28623370451988195
130.75,0.2870629576157909
130.8,0.28695924284854923
130.85,0.28570278713004177
130.9,0.2841165495431489
130.95000000000002,0.2832301342807545
131.0,0.28354354284753125
131.05,0.2844772323547034
131.1,0.28472773239402727
131.15,0.28366755510691516
131.20000000000002,0.2819284019493998
131.25,0.28065264250354
131.3,0.280604683560682
131.35,0.28151936128777755
131.4,0.28211324334969295
131.45000000000002,0.2813665871370756
131.5,0.2795908456000585
131.55,0.27796074279484984
131.6,0.2774862134698302
131.65,0.27824616448679246
131.70000000000002,0.27911860484124923
131.75,0.27877414693725544
131.8,0.27709999781046485
131.85,0.2751871152375951
131.9,0.27425432292722296
131.95000000000002,0.2747296417661716
132.0,0.27576882163793637
132.05,0.2758687628735075
132.1,0.27444080739412957
132.15,0.27235247107616245
132.20000000000002,0.2709675949549641
132.25,0.27104997656829977
132.3,0.27211214020104374
132.35,0.2726411062334366
132.4,0.27159051567956216
132.45000000000002,0.26946441378297786
132.5,0.2676736359842252
132.55,0.2672880623813688
132.6,0.26821731661925236
132.65,0.2691007871656802
132.70000000000002,0.26852442812458277
132.75,0.26651756756566075
132.8,0.26440691068434696
132.85,0.26351882891316547
132.9,0.2641676690963386
132.95000000000002,0.2652805205134202
133.0,0.2652233022700857
133.05,0.26349545853014456
133.1,0.2611875973144998
133.15,0.259806171661396
133.20000000000002,0.26005317323017735
133.25,0.26123663041348216
133.3,0.26168107576307054
133.35,0.2603744763011159
133.4,0.2580214347483753
133.45000000000002,0.25619972637261373
133.5,0.2559621698793122
133.55,0.25704565606725294
133.6,0.25791134440470437
133.65,0.2571298355365239
133.70000000000002,0.254900749806662
133.75,0.2527333056780868
133.8,0.25197412461054625
133.85,0.25279768339397013
133.9,0.2539510950768971
133.95000000000002,0.253742887497418
134.0,0.25180698337910074
134.05,0.2494246550785872
134.1,0.2481543855385635
134.15,0.24858772971152415
134.20000000000002,0.24986070288513684
134.25,0.2502085840047744
134.3,0.24871496058173367
134.35,0.2462762738760323
134.4,0.2445512466685259
134.45000000000002,0.24450685674342537
134.5,0.24571998890737573
134.55,0.24654158397860748
134.6,0.24559883200237398
134.65,0.24327726333416996
134.70000000000002,0.241195084555632
134.75,0.24063458056030496
134.8,0.24162100076156803
134.85,0.24277956971401976
134.9,0.24243911395358764
134.95000000000002,0.24040635303433477
135.0,0.23809906384048568
135.05,0.23703364160985246
135.1,0.23765889687877376
135.15,0.23898282328845408
135.20000000000002,0.23922974180089102
135.25,0.23763627973210505
135.3,0.23526092747394847
135.35,0.2337474937819556
135.4,0.23392268937066676
135.45000000000002,0.23522988658944402
135.5,0.23598373291750796
135.55,0.2349394786983672
135.6,0.23266560109635384
135.65,0.2308002281547925
135.70000000000002,0.23048751343699275
135.75,0.23160999066294483
135.8,0.23273610153801194
135.85,0.23229462900936798
135.9,0.2302885914125746
135.95000000000002,0.22819826855420838
136.0,0.22740957795816455
136.05,0.2282136683373104
136.1,0.2295431162283189
136.15,0.2296931166956446
136.20000000000002,0.22810028743458458
136.25,0.225933126134978
136.3,0.22472419535313837
136.35,0.2251233563422479
136.4,0.22647773694825257
136.45000000000002,0.22714415187236459
136.5,0.22607117633361354
136.55,0.22398470710011256
136.6,0.22244655518332046
136.65,0.2224057248811412
136.70000000000002,0.223621919531526
136.75,0.22467727702525775
136.8,0.2241776610713055
136.85,0.2223249779529291
136.9,0.2205744282866915
136.95000000000002,0.22010695739834196
137.0,0.22105720579749927
137.05,0.2223413993310013
137.1,0.22240773275574946
137.15,0.22092203161864407
137.20000000000002,0.21909186864707175
137.25,0.21825140756289288
137.3,0.2188554242122539
137.35,0.22020018358916194
137.4,0.22076541018926105
137.45000000000002,0.21974462841769032
137.5,0.21797317511146408
137.55,0.21684325151357714
137.6,0.21707127730675008
137.65,0.2183244692892261
137.70000000000002,0.21927280507440178
137.75,0.21876706818497188
137.8,0.21718673941060956
137.85,0.21587018596327648
137.9,0.21573808313726967
137.95000000000002,0.216783099950062
138.0,0.21796899571070247
138.05,0.2179738703845495
138.1,0.2166987549845552
138.15,0.2153080357784784
138.20000000000002,0.21486711802258812
138.25,0.21563397093848993
138.3,0.21690553509183552
138.35,0.21736338766246902
138.4,0.21647692462310644
138.45000000000002,0.21512531211746827
138.5,0.21445013986370337
138.55,0.2149170740099523
138.6,0.21613920611134405
138.65,0.2169493616500396
138.70000000000002,0.21649420554077792
138.75,0.21528717216828613
138.8,0.2144640271968985
138.85,0.2146508244889596
138.9,0.21572334690116446
138.95000000000002,0.21675966822158463
139.0,0.2167323176458858
139.05,0.2157586812334914
139.1,0.2148762178090742
139.15,0.21483212842453142
139.20000000000002,0.2156994928191774
139.25,0.21683206205736863
139.3,0.2171843856563227
139.35,0.21650757481614802
139.4,0.2156497866787776
139.45000000000002,0.2154397397166793
139.5,0.2160910768989398
139.55,0.2172074612749367
139.6,0.21785590269996655
139.65,0.21750674427343247
139.70000000000002,0.21674744774632299
139.75,0.21643975094562132
139.8,0.21690046299750035
139.85,0.2179219969252326
139.9,0.2187633440182551
139.95000000000002,0.21873643455221783
140.0,0.21813430424335967
140.05,0.21779175361144348
140.1,0.21810976623197187
140.15,0.21899947562851846
140.20000000000002,0.21993022497671388
140.25,0.2201857926336945
140.3,0.21977959609848263
140.35,0.21945433389512894
140.4,0.219684988287065
140.45000000000002,0.22044592168192675
140.5,0.22138105714204528
140.55,0.22185315837647246
140.6,0.2216578463618919
140.65,0.22138903872652627
140.70000000000002,0.2215822459357217
140.75,0.2222474294197546
140.8,0.22313430095598577
140.85,0.22374452375130635
140.9,0.22374966076410496
140.95000000000002,0.22356256288365012
141.0,0.22375451508512664
141.05,0.22437176120881105
141.1,0.22519583255686543
141.15,0.22586994307706804
141.20000000000002,0.22604209920406468
141.25,0.2259474471742315
141.3,0.22615741792936273
141.35,0.22677319973748444
141.4,0.22755448087876104
141.45000000000002,0.22823824976001492
141.5,0.22852823260035166
141.55,0.228521854812547
141.6,0.22875306281803456
141.65,0.22939938929490872
141.70000000000002,0.2301807929497663
141.75,0.2308510317131098
141.8,0.23120542247334852
141.85,0.2312689370974297
141.9,0.2315116220896931
141.95000000000002,0.23219851124030316
142.0,0.2330294259894871
142.05,0.23369722592049652
142.1,0.23407209746150476
142.15,0.23417599063621627
142.20000000000002,0.23441097122459345
142.25,0.2351252201674851
142.3,0.2360446550557581
142.35,0.2367497517429783
142.4,0.23712327649332732
142.45000000000002,0.23723324986528013
142.5,0.2374351045513817
142.55,0.23814425690110588
142.6,0.23916770511627464
142.65,0.23996524525082585
142.70000000000002,0.2403456283539902
142.75,0.24043197360185037
142.8,0.24057207942706466
142.85,0.24123137258018554
142.9,0.2423442062605889
142.95000000000002,0.24328724165733898
143.0,0.2437132521275959
143.05,0.2437615932405434
143.1,0.24381196674872196
143.15,0.24437191650000892
143.20000000000002,0.24553013585187278
143.25,0.24665227332994652
143.3,0.24718544341201065
143.35,0.2472060595993737
143.4,0.24714488357333228
143.45000000000002,0.24755793223851996
143.5,0.24869510233693792
143.55,0.24999757901521946
143.6,0.2507073995104682
143.65,0.2507400021912855
143.70000000000002,0.25055889269330694
143.75,0.25078473320644484
143.8,0.2518225753096628
143.85,0.25326870154033865
143.9,0.2542141521480295
143.95000000000002,0.25432569445106046
144.0,0.25403753094574555
144.05,0.2540476938494587
144.1,0.2549074435514701
144.15,0.2564253066829176
144.20000000000002,0.2576371758974674
144.25,0.25791192465882606
144.3,0.25755698349206424
144.35,0.2573395595879168
144.4,0.25795185854289004
144.45000000000002,0.259444048212811
144.5,0.260912366092801
144.55,0.2614356118274931
144.6,0.2610833286302746
144.65,0.2606481860297225
144.70000000000002,0.26096052686148236
144.75,0.2623180747240619
144.8,0.26398766091953085
144.85,0.26482639958177123
144.9,0.2645706430071027
144.95000000000002,0.26395446390939226
145.0,0.2639364242073782
145.05,0.2650535950701225
145.1,0.26682863337152934
145.15,0.26801366614002897
145.20000000000002,0.26796089490242403
145.25,0.2672303204972022
145.3,0.26687744721883316
145.35,0.2676645578449592
145.4,0.26942087305751994
145.45000000000002,0.2709346566004429
145.5,0.2711863528296063
145.55,0.27043702092995725
145.6,0.2697740371441202
145.65,0.27016677451350063
145.70000000000002,0.27176876323394644
145.75,0.2735420267660264
145.8,0.2741746984718341
145.85,0.27352434263820447
145.9,0.27260752541192285
145.95000000000002,0.2725726666601116
146.0,0.2738911106934101
146.05,0.2758091337941565
146.1,0.2768562904375289
146.15,0.27643137212538466
146.20000000000002,0.2753489614966685
146.25,0.2748873478927678
146.3,0.27581477149601363
146.35,0.27773190439879714
146.4,0.27917231859124236
146.45000000000002,0.2790895444411433
146.5,0.2779584354728427
146.55,0.2771061908841693
146.6,0.27756774254116906
146.65,0.27932690735887356
146.70000000000002,0.2810821717883943
146.75,0.2814280870988989
146.8,0.2803852394923866
146.85,0.27921362248674503
146.9,0.2791730767467791
146.95000000000002,0.2806261321845707
147.0,0.2825683774391723
147.05,0.2833813496927253
147.1,0.2825694314644702
147.15,0.2811827764839541
147.20000000000002,0.28064450351327985
147.25,0.28166969416847976
147.3,0.2836379613817314
147.35,0.28489682162539665
147.4,0.2844453184891177
147.45000000000002,0.28297579890688784
147.5,0.28198400933069967
147.55,0.2824980534478369
147.6,0.2843198787822662
147.65,0.28594221941775544
147.70000000000002,0.2859470131375499
147.75,0.28454491169760077
147.8,0.2831811141495286
147.85,0.2831452533714348
147.9,0.2846590582475542
147.95000000000002,0.2865100391125645
148.0,0.28701560885470256
148.05,0.28583460367603897
148.1,0.2842133442415557
148.15,0.28363420441689063
148.20000000000002,0.2847083453241301
148.25,0.28661844284682614
148.3,0.28760687571136756
148.35,0.28678536498267
148.4,0.2850474790594905
148.45000000000002,0.2839743581455511
148.5,0.28452002828797307
148.55,0.28630814781109915
148.6,0.2876979478385633
148.65,0.28733912515399607
148.70000000000002,0.28564143338287096
148.75,0.28416149769578
148.8,0.28413857105384965
148.85,0.28563588809268875
148.9,0.28729145471683953
148.95000000000002,0.287446036727325
149.0,0.28594694251083125
149.05,0.28417902219319396
149.1,0.2835956971847979
149.15,0.284665783515298
149.20000000000002,0.2864159882701668
149.25,0.2870716434617974
149.3,0.28591336348594176
149.35,0.28400009049937674
149.4,0.28290824372454776
149.45000000000002,0.28346037075829345
149.5,0.28512257941303715
149.55,0.28620303191881014
149.6,0.28549277046083227
149.65,0.28359024112931863
149.70000000000002,0.2820784990870702
149.75,0.2820730144267454
149.8,0.2834777620568233
149.85,0.28485250046815924
149.9,0.28464610846888316
149.95000000000002,0.28291045010605687
150.0,0.28109628668143594
150.05,0.2805429351257941
150.1,0.28155458176363685
150.15,0.2830576663587723
150.20000000000002,0.28334962061247315
150.25,0.2819208337282588
150.3,0.279941957067287
150.35,0.2788933320968373
150.4,0.27942334982121525
150.45000000000002,0.2808776768678695
150.5,0.2816003151527827
150.55,0.28058519787269154
150.6,0.27858966814842256
150.65,0.27713229977379933
150.70000000000002,0.27714392632045337
150.75,0.2783860839500608
150.8,0.27941911887892906
150.85,0.27887633984791327
150.9,0.27701070908086456
150.95000000000002,0.2752556926919163
151.0,0.27476083949265084
151.05,0.27566173055473825
151.1,0.27685067774830296
151.15,0.2767815272564995
151.20000000000002,0.275176965454739
151.25,0.2732509140123754
151.3,0.27230176346213414
151.35,0.27277946252717306
151.4,0.2739594530038117
151.45000000000002,0.27430712736934004
151.5,0.2730647511668363
151.55,0.271100781652166
151.6,0.2697790385678138
151.65,0.26980248639162685
151.70000000000002,0.2708226259711102
151.75,0.2714811796157848
151.8,0.2706590666369881
151.85,0.26878702773763047
151.9,0.26719329165412115
151.95000000000002,0.2667777278499621
152.0,0.26752111379859633
152.05,0.268352929475289
152.1,0.26795794255368777
152.15,0.2662934170508769
152.20000000000002,0.2645379627819037
152.25,0.26373474561127064
152.3,0.26413048633726444
152.35,0.2649889494283183
152.4,0.2649760847346726
152.45000000000002,0.26360873051919226
152.5,0.2618036847858339
152.55,0.26068787020940026
152.6,0.2607136077040839
152.65,0.2614662882849361
152.70000000000002,0.2617467927316123
152.75,0.26072983021275
152.8,0.25898188268789013
152.85,0.25764054279831455
152.9,0.2573163819143116
152.95000000000002,0.2578638687945412
153.0,0.2583212491928833
153.05,0.25766471523596585
153.1,0.25606746725985996
153.15,0.25459051224362284
153.20000000000002,0.25396717768573074
153.25,0.25425385845447057
153.3,0.2547647837548456
153.35,0.25443505387799115
153.4,0.25306088408020344
153.45000000000002,0.25153465345822446
153.5,0.2506795900992771
153.55,0.2506948054760404
153.60000000000002,0.251150461118138
153.65,0.2510773754435879
153.70000000000002,0.2499698863627016
153.75,0.2484726014712865
153.8,0.24745744768181585
153.85000000000002,0.24722791756999893
153.9,0.24755109621347499
153.95000000000002,0.24764212058415444
154.0,0.24681119643857824
154.05,0.24540897010057278
154.10000000000002,0.24430060006690496
154.15,0.24387706754308403
154.20000000000002,0.24403131585847826
154.25,0.2441901381611799
154.3,0.2436118281220656
154.35000000000002,0.24235442474071456
154.4,0.24121009304860422
154.45000000000002,0.24065217420424226
154.5,0.24064139052188185
154.55,0.24078687346259742
154.60000000000002,0.24040948932188475
154.65,0.23932611908762594
154.70000000000002,0.23819177626321061
154.75,0.23755481665428654
154.8,0.23741418533981293
154.85000000000002,0.23749520374788788
154.9,0.23725138769933254
154.95000000000002,0.23634791008740186
155.0,0.2352580171018945
155.05,0.23458452137022648
155.10000000000002,0.23436581063092712
155.15,0.234368398783158
155.20000000000002,0.2341910218690172
155.25,0.23345041613760545
155.3,0.23242779396041507
155.35000000000002,0.23174420305690352
155.4,0.2314996135051102
155.45000000000002,0.2314448259676689
155.5,0.23128309082458842
155.55,0.23067059018305927
155.60000000000002,0.22972580530296827
155.65,0.22904368250645168
155.70000000000002,0.2288123337517713
155.75,0.22874569529680028
155.8,0.2285773077546484
155.85000000000002,0.22805027306689063
155.9,0.22718124326140318
155.95000000000002,0.22650087629535276
156.0,0.22630079327531508
156.05,0.22627640795607104
156.10000000000002,0.22611242306341503
156.15,0.2256333164081774
156.20000000000002,0.22482658381516488
156.25,0.22414093485448414
156.3,0.2239675059145506
156.35000000000002,0.22403114546058106
156.4,0.22391194113291327
156.45000000000002,0.22346129350107286
156.5,0.22269632232844874
156.55,0.22199407578989927
156.60000000000002,0.22182403809132262
156.65,0.22199950202763852
156.70000000000002,0.2219827489548622
156.75,0.22156839869700057
156.8,0.22082527616070408
156.85000000000002,0.22009297467049793
156.9,0.21989165812188838
156.95000000000002,0.22017348214415589
157.0,0.22031719436504843
157.05,0.21997664252171073
157.10000000000002,0.2192460610815649
157.15,0.21847033433449198
157.20000000000002,0.21819955854830517
157.25,0.21855318471220794
157.3,0.21889824891575305
157.35000000000002,0.21869266606218218
157.4,0.21798564896257377
157.45000000000002,0.2171568138490153
157.5,0.21678149602910876
157.55,0.21714994086886957
157.60000000000002,0.2177065523162972
157.65,0.21770729690067697
157.70000000000002,0.21706141138234214
157.75,0.2161791000628969
157.8,0.21567189918696675
157.85000000000002,0.2159864083069902
157.9,0.21672763342322118
157.95000000000002,0.21699835254102262
158.0,0.21647753991226426
158.05,0.21555775470383445
158.10000000000002,0.21490230966318113
158.15,0.21509392419749468
158.20000000000002,0.21595758688110245
158.25,0.21653633171350042
158.3,0.21622298611067534
158.35000000000002,0.21530463837197994
158.4,0.21449857397418903
158.45000000000002,0.21450805031082293
158.5,0.21540593397868246
158.55,0.21629180023296193
158.60000000000002,0.2162719332763407
158.65,0.21542011604872052
158.70000000000002,0.21447872669873924
158.75,0.2142635244901911
158.8,0.21509515540264765
158.85000000000002,0.21624275953029723
158.9,0.21658727291509197
158.95000000000002,0.21589070486601614
159.0,0.21485122914951021
159.05,0.21438969931510748
159.10000000000002,0.21505722682016382
159.15,0.2163802536097566
159.20000000000002,0.217126743973063
159.25,0.2166881121431843
159.3,0.21561326330239405
159.35000000000002,0.214907097923918
159.4,0.21532817521260766
159.45000000000002,0.2167109205895856
159.5,0.2178505711693154
159.55,0.21777055579519172
159.60000000000002,0.2167490860903457
159.65,0.2158251737136683
159.70000000000002,0.21594201407578056
159.75,0.21725597613961414
159.8,0.2187289057428531
159.85000000000002,0.21908680929746852
159.9,0.21822886719685614
159.95000000000002,0.21714096860961246
160.0,0.21692532410833806
160.05,0.21804699560927435
160.10000000000002,0.21974731776389161
160.15,0.22058266346640004
160.20000000000002,0.22000875173209403
160.25,0.21883827233071226
160.3,0.21829329451763027
160.35000000000002,0.21911959420057056
160.4,0.22090903338717474
160.45000000000002,0.22220869767033025
160.5,0.2220329145555895
160.55,0.2208870913184669
160.60000000000002,0.2200474397527183
160.65,0.22050649128544186
160.70000000000002,0.22223340913722622
160.75,0.223927704578574
160.8,0.22423802123758363
160.85000000000002,0.22324361070191817
160.9,0.22217471138167827
160.95000000000002,0.2222313845147436
161.0,0.22375104605139215
161.05,0.22572002944499964
161.10000000000002,0.22655984166999604
161.15,0.22585117668577084
161.20000000000002,0.2246475131257491
161.25,0.22430460631408952
161.3,0.225496719143907
161.35000000000002,0.2275855116693266
161.4,0.22894099635321113
161.45000000000002,0.22864293593123264
161.5,0.22742423603940876
161.55,0.22672088488818182
161.60000000000002,0.2275017206009433
161.65,0.22954152070890507
161.70000000000002,0.23133825177906633
161.75,0.23154652483479504
161.8,0.23045026015577022
161.85000000000002,0.22945894487956037
161.9,0.22978717946786764
161.95000000000002,0.23161751712336648
162.0,0.23372766123331673
162.05,0.23449062759791653
162.10000000000002,0.23365973259850287
162.15,0.23248236306514336
162.20000000000002,0.23235946196018875
162.25,0.2338473767972037
162.3,0.23610623978645762
162.35000000000002,0.2374125035897519
162.4,0.236978625002982
162.45000000000002,0.23574111086822203
162.5,0.23520806224876528
162.55,0.23626117222404985
162.60000000000002,0.23848965794060278
162.65,0.24026500984775107
162.70000000000002,0.2403294450271083
162.75,0.23917349845886277
162.8,0.23830572338027042
162.85000000000002,0.2388780900462707
162.9,0.2409063934375132
162.95000000000002,0.24302147851927552
163.0,0.24363751085112592
163.05,0.24270861502534016
163.10000000000002,0.2416101106750415
163.15,0.2417016995873129
163.20000000000002,0.24338962024225747
163.25,0.24567715086979033
163.3,0.24683804032976114
163.35000000000002,0.24626963250335054
163.4,0.24506629250071463
163.45000000000002,0.24471805160477228
163.5,0.24596860208879964
163.55,0.24824663582452733
163.60000000000002,0.24988273056155982
163.65,0.24977833148241801
163.70000000000002,0.24860952056816016
163.75,0.24789634265007923
163.8,0.24866136449849008
163.85000000000002,0.2507578176987414
163.9,0.25274428354486267
163.95000000000002,0.2531608611853015
164.0,0.2521681953494649
164.05,0.25119137433203953
164.10000000000002,0.25146995191583965
164.15,0.25324350289751896
164.20000000000002,0.2554176096775562
164.25,0.25635416313711384
164.3,0.2556672491240649
164.35000000000002,0.2545468937456597
164.4,0.2543788039615215
164.45000000000002,0.25573261683845205
164.5,0.257917155018626
164.55,0.259311922164577
164.60000000000002,0.25903228965087177
164.65,0.2578990973388549
164.70000000000002,0.25735597647175334
164.75,0.2582427941639436
164.8,0.2602707380485112
164.85000000000002,0.26200863222065784
164.9,0.2621946274121317
164.95000000000002,0.2611799843438869
165.0,0.2603563457128782
165.05,0.26077574254084146
165.10000000000002,0.26251116031783095
165.15,0.26444056008972205
165.20000000000002,0.2650968156504517
165.25,0.2643206623825778
165.3,0.26332572220001393
165.35000000000002,0.263315959319815
165.4,0.26466741060729926
165.45000000000002,0.26662303147094846
165.5,0.26769778653921616
165.55,0.2672549322200649
165.60000000000002,0.2662049618347767
165.65,0.2658325133601035
165.70000000000002,0.26675734412545926
165.75,0.2685843637326952
165.8,0.26997633934921383
165.85000000000002,0.26992338883638645
165.9,0.2689335740470702
165.95000000000002,0.26828294551836346
166.0,0.26878327075005537
166.05,0.2703576481935602
166.10000000000002,0.2719318387713227
166.15,0.2722778831447337
166.20000000000002,0.27145280688210255
166.25,0.2706180656076478
166.3,0.2707310693744794
166.35000000000002,0.27197216840554084
166.4,0.2735815311081232
166.45000000000002,0.27428567120859565
166.5,0.27370852178387706
166.55,0.2727865541739794
166.60000000000002,0.2725725275557076
166.65,0.27344634142138885
166.70000000000002,0.27495472410894606
166.75,0.2759322084200416
166.8,0.2756542088643354
166.85000000000002,0.2747386997380217
166.9,0.27426988417923776
166.95000000000002,0.27478364713543113
167.0,0.27608493746494794
167.05,0.27722154686070616
167.10000000000002,0.27725420781571386
167.15,0.2764291384228444
167.20000000000002,0.27578121821967827
167.25,0.2759721915638951
167.3,0.2770017357140304
167.35000000000002,0.27817373535527357
167.4,0.2784867245558547
167.45000000000002,0.2778188973043944
167.5,0.27706542929146655
167.55,0.2769875954344524
167.60000000000002,0.27772409904974515
167.65,0.2788193770898938
167.70000000000002,0.2793458268199383
167.75,0.27887720260181387
167.8,0.2780859905989485
167.85000000000002,0.2777981210657821
167.9,0.2782568036360505
167.95000000000002,0.2791923257111845
168.0,0.2798415026617364
168.05,0.27958333840157495
168.10000000000002,0.27881323984156925
168.15,0.2783705636512014
168.20000000000002,0.278590477359163
168.25,0.2793221172868314
168.3,0.27999718320193345
168.35000000000002,0.2799284193420154
168.4,0.2792255024359697
168.45000000000002,0.27867550828918863
168.5,0.278705021854286
168.55,0.2792279242915637
168.60000000000002,0.2798447875143358
168.65,0.27991650337045326
168.70000000000002,0.27930961451136704
168.75,0.27869100010908693
168.8,0.2785752630964624
168.85000000000002,0.2789154842055031
168.9,0.27941811798309296
168.95000000000002,0.2795642764645275
169.0,0.27906134461758464
169.05,0.2784043091409859
169.10000000000002,0.27817725931377196
169.15,0.27837768021400555
169.20000000000002,0.2787460532260051
169.25,0.27889872610963984
169.3,0.27848585099485595
169.35000000000002,0.27781207976932437
169.4,0.2774937430356607
169.45000000000002,0.2775984710396372
169.5,0.27784721890159797
169.55,0.2779527605422502
169.60000000000002,0.2775978554576398
169.65,0.27691953529488894
169.70000000000002,0.27651763017295833
169.75,0.27655900169393227
169.8,0.2767275438477842
169.85000000000002,0.27675943094454714
169.9,0.2764209278798812
169.95000000000002,0.27573943811660906
170.0,0.27525320703461675
170.05,0.27524424662059443
170.10000000000002,0.2753813824186659
170.15,0.27534602084820836
170.20000000000002,0.2749853293237962
170.25,0.27429120695306347
170.3,0.2737152888833822
170.35000000000002,0.27364855752954403
170.4,0.2737959154156737
170.45000000000002,0.27372954300792784
170.5,0.2733242707109875
170.55,0.27260012914578896
170.60000000000002,0.2719271174808386
170.65,0.271778952479448
170.70000000000002,0.27195765097338565
170.75,0.2719149810556267
170.8,0.27146905970167545
170.85000000000002,0.2706962336772509
170.9,0.2699178864120423
170.95000000000002,0.26965570118308085
171.0,0.26985932357261544
171.05,0.2698969517509511
171.10000000000002,0.26944419210644477
171.15,0.2686123165821183
171.20000000000002,0.26772054389544037
171.25,0.26731050980561605
171.3,0.2675054817365919
171.35000000000002,0.26766452564968396
171.4,0.2672637571993084
171.45000000000002,0.26638088173393615
171.5,0.2653700599460632
171.55,0.26478316403961744
171.60000000000002,0.264915518892979
171.65,0.26520803906452367
171.70000000000002,0.26493039957447023
171.75,0.2640302785985875
171.8,0.26290189956581
171.85000000000002,0.2621176941155803
171.9,0.26212365928364956
171.95000000000002,0.26252617158105984
172.0,0.2624374996296278
172.05,0.2615808667908606
172.10000000000002,0.26035024210423424
172.15,0.25935893883337036
172.20000000000002,0.2591762159738822
172.25,0.25963151754405084
172.3,0.2597743456082988
172.35000000000002,0.2590423807281599
172.4,0.2577456262423351
172.45000000000002,0.25654992850824954
172.5,0.25612706895713605
172.55,0.25655334145279685
172.60000000000002,0.25693316872585276
172.65,0.2564136218723355
172.70000000000002,0.2551121114318512
172.75,0.2537299961530447
172.8,0.25303258431651754
172.85000000000002,0.2533369910192409
172.9,0.25391631847295293
172.95000000000002,0.2536851148769708
173.0,0.2524645490377286
173.05,0.25093321075815805
173.10000000000002,0.24994706029544556
173.15,0.25004030389008736
173.20000000000002,0.2507417717776384
173.25,0.2508445473474578
173.3,0.24980692323182216
173.35000000000002,0.24818673412556697
173.4,0.246919327938531
173.45000000000002,0.24672803792053477
173.5,0.24744561295859388
173.55,0.24788392728270855
173.60000000000002,0.2471327539275447
173.65,0.24550900781282242
173.70000000000002,0.24399057026193083
173.75,0.2434656917624651
173.8,0.24408092556275915
173.85000000000002,0.244806772216624
173.9,0.24442816631251033
173.95000000000002,0.24290812644355742
174.0,0.24119300391028214
174.05,0.24031398634609907
174.10000000000002,0.24071344774902653
174.15,0.2416335146258985
174.20000000000002,0.24167749772417027
174.25,0.24038113260196725
174.3,0.23854895016588606
174.35000000000002,0.23732481967170055
174.4,0.2374150957839246
174.45000000000002,0.23840372159920203
174.5,0.23887046521539798
174.55,0.23791508045465637
174.60000000000002,0.23607002631979068
174.65,0.23453889412970064
174.70000000000002,0.2342568538594051
174.75,0.2351745395706638
174.8,0.2360092770656929
174.85000000000002,0.23549043178416734
174.9,0.23375658057564633
174.95000000000002,0.23198469921169876
175.0,0.23130246580643915
175.05,0.23201572207348978
175.10000000000002,0.23311389422783724
175.15,0.23308671353287533
175.20000000000002,0.2315978822682107
175.25,0.2296783031865177
175.3,0.22860390268772893
175.35000000000002,0.2290024074424793
175.4,0.23022401669798442
175.45000000000002,0.2306895717053802
175.5,0.22957376171829277
175.55,0.2276235134955193
175.60000000000002,0.22619891958982108
175.65,0.22620725895933547
175.70000000000002,0.22739717283443928
175.75,0.22829770553645828
175.8,0.22765822212321574
175.85000000000002,0.22581230702905591
175.9,0.22411040954292955
175.95000000000002,0.22369355152434117
176.0,0.22470326528507667
176.05,0.22592794102397945
176.10000000000002,0.22582501444351016
176.15,0.22422582467371713
176.20000000000002,0.2223469300149131
176.25,0.22151031881521774
176.3,0.22221678125560876
176.35000000000002,0.22361701558176442
176.4,0.2240544403598489
176.45000000000002,0.22283647385856958
176.5,0.22090379451016384
176.55,0.2196899697819068
176.60000000000002,0.22000837543629287
176.65,0.22141941793803016
176.70000000000002,0.22234000050577718
176.75,0.22161161971297966
176.8,0.2197644167906663
176.85000000000002,0.2182480932179046
176.9,0.21813753630239177
176.95000000000002,0.21940161374097533
177.0,0.22069322973233302
177.05,0.2205189272469997
177.10000000000002,0.21890199727796905
177.15,0.2171847402566746
177.20000000000002,0.2166475768617166
177.25,0.21763388398512484
177.3,0.21914530912100788
177.35000000000002,0.21953276417038342
177.4,0.21828195166920622
177.45000000000002,0.21648641185886083
177.5,0.21556343640946218
177.55,0.2161815502794644
177.60000000000002,0.21774476708069473
177.65,0.2186404437236074
177.70000000000002,0.2178655260228912
177.75,0.21612823252796692
177.8,0.21489201255884816
177.85000000000002,0.2150974053036222
177.9,0.2165515577919011
177.95000000000002,0.21784676166549993
178.0,0.21761474024194946
178.05,0.21607620645417397
178.10000000000002,0.2146242218480902
178.15,0.2144166982783977
178.20000000000002,0.21562873389612264
178.25,0.2171754568882009
178.3,0.21749823175956773
178.35000000000002,0.21628982442291178
178.4,0.21473785059581954
178.45000000000002,0.21415523252812682
178.5,0.21503352178068333
178.55,0.21666687982083643
178.60000000000002,0.21749696230814244
178.65,0.21672543695785595
178.70000000000002,0.21520047731347805
178.75,0.21431028810927374
178.8,0.2148096963187301
178.85000000000002,0.21637209957508124
178.9,0.21760838591514858
178.95000000000002,0.217340625473089
179.0,0.21597217857770537
179.05,0.2148634752823391
179.10000000000002,0.21498269924572505
179.15,0.21634462104210972
179.20000000000002,0.21784776600933295
179.25,0.21809931984765374
179.3,0.21700816688877156
179.35000000000002,0.21578441451874475
179.4,0.21555812168579963
179.45000000000002,0.21663152055185952
179.5,0.21824590651977413
179.55,0.21897683187970707
179.60000000000002,0.21826175880417686
179.65,0.2170343311321587
179.70000000000002,0.2165232591631441
179.75,0.21726594145985834
179.8,0.21884345356258825
179.85000000000002,0.21996357078073345
179.9,0.21968800152507378
179.95000000000002,0.21856910000537513
180.0,0.21785075510340335
180.05,0.21826246987813624
180.10000000000002,0.21968286409728524
180.15,0.22106621081851258
180.20000000000002,0.2212478983743007
180.25,0.220341779753301
180.3,0.21950306978556508
180.35000000000002,0.21961606898243566
180.4,0.22079980782475978
180.45000000000002,0.2223055606155851
180.5,0.22291262823207247
180.55,0.22230502511377043
180.60000000000002,0.221436672146246
180.65,0.2213042824900614
180.70000000000002,0.22221595440417263
180.75,0.22371120976158684
180.8,0.22466671656308018
180.85000000000002,0.2244138121277633
180.9,0.22360532465039037
180.95000000000002,0.22329164421082323
181.0,0.2239347167785133
181.05,0.22531394090692045
181.10000000000002,0.22650903065387154
181.15,0.22662861692775443
181.20000000000002,0.22596239735227802
181.25,0.22553488189264814
181.3,0.2259406833863797
181.35000000000002,0.22713759372084474
181.4,0.22845084270700344
181.45000000000002,0.22891868506433488
181.5,0.22846259813767025
181.55,0.2279876321746026
181.60000000000002,0.22820245976019887
181.65,0.2291923025111483
181.70000000000002,0.23051094662886806
181.75,0.2312645611746709
181.8,0.23106366454788121
181.85000000000002,0.2306038777145156
181.9,0.23067779639227542
181.95000000000002,0.23147070231460276
182.0,0.2327086846730296
182.05,0.2336588741694246
182.10000000000002,0.23372836303163452
182.15,0.23333994673909844
182.20000000000002,0.23331945893033396
182.25,0.23394788325212756
182.3,0.2350564492366893
182.35000000000002,0.23610462770975937
182.4,0.23642668645480802
182.45000000000002,0.23615546396313167
182.5,0.2360803908550047
182.55,0.23658483713233713
182.60000000000002,0.23755351246023482
182.65,0.23861088642397088
182.70000000000002,0.2391376492715056
182.75,0.23901390858998384
182.8,0.23891722509394778
182.85000000000002,0.23933423352778493
182.9,0.24018277298196608
182.95000000000002,0.24118655916794482
183.0,0.2418498159035234
183.05,0.24188333476975005
183.10000000000002,0.24179189663988468
183.15,0.24214687225450537
183.20000000000002,0.24291123772468665
183.25,0.24383368889126547
183.3,0.24455983019526395
183.35000000000002,0.244737401329372
183.4,0.24467174859801072
183.45000000000002,0.24497721341899076
183.5,0.24569401634660937
183.55,0.24654199509526395
183.60000000000002,0.24726874000933988
183.65,0.24755635120537178
183.70000000000002,0.2475288958736277
183.75,0.2477868985816361
183.8,0.2484806521431711
183.85000000000002,0.24928621965720454
183.9,0.24997664790777568
183.95000000000002,0.25032723171201027
184.0,0.2503396050191398
184.05,0.25054592818368415
184.10000000000002,0.25122205887810567
184.15,0.2520271198709151
184.20000000000002,0.25267691140287074
184.25,0.25304265597829256
184.3,0.25308409396233145
184.35000000000002,0.2532318897797361
184.4,0.253876336405082
184.45000000000002,0.2547159324653075
184.5,0.2553514930904892
184.55,0.25569780554400157
184.60000000000002,0.25574663566159656
184.65,0.25582810616872165
184.70000000000002,0.25641224633980664
184.75,0.2573011468901498
184.8,0.25796894479516713
184.85000000000002,0.25828602546164187
184.9,0.25831542375061967
184.95000000000002,0.25832165635343796
185.0,0.2588099301512785
185.05,0.2597358118207273
185.10000000000002,0.26048587877370116
185.15,0.2607940252820523
185.20000000000002,0.26078154511874957
185.25,0.2607019218886357
185.3,0.26105926232533927
185.35000000000002,0.2619835494338331
185.4,0.262851802976242
185.45000000000002,0.26319810672426286
185.5,0.2631366723426475
185.55,0.26295978380136015
185.60000000000002,0.26315680204893244
185.65,0.26402194268770324
185.70000000000002,0.2650162038855754
185.75,0.26546280542580974
185.8,0.26536964543742286
185.85000000000002,0.265087100263785
185.9,0.26510248084081445
185.95000000000002,0.2658427945416359
186.0,0.26693609387064043
186.05,0.2675427916692208
186.10000000000002,0.2674627287467197
186.15,0.26707586294102864
186.20000000000002,0.2668969136408893
186.25,0.26744964282210903
186.3,0.2685821320064285
186.35000000000002,0.26938796613036176
186.4,0.2693887585013474
186.45000000000002,0.2689165696264395
186.5,0.2685396935629447
186.55,0.268853576125776
186.60000000000002,0.2699418865947162
186.65,0.27095070560081763
186.70000000000002,0.2711104416521086
186.75,0.27059579904545455
186.8,0.2700284696213128
186.85000000000002,0.2700686563124765
186.9,0.2710196571002894
186.95000000000002,0.27219350910853707
187.0,0.2725826281195518
187.05,0.27209353952327575
187.10000000000002,0.27135826328880874
187.15,0.2711080564525011
187.20000000000002,0.27183322033247376
187.25,0.27309512411576986
187.3,0.2737575510475475
187.35000000000002,0.2733812674225242
187.4,0.2725204932440862
187.45000000000002,0.27198149587356146
187.5,0.2724086115091249
187.55,0.2736536502200292
187.60000000000002,0.27459208250245637
187.65,0.274421885764658
187.70000000000002,0.27350151790380767
187.75,0.27269393301966
187.8,0.2727743925270169
187.85000000000002,0.27388596199068727
187.9,0.2750553271209297
187.95000000000002,0.2751723016829102
188.0,0.2742810157311576
188.05,0.27324502934947
188.10000000000002,0.2729567202726628
188.15,0.27382378398412816
188.20000000000002,0.2751346466589488
188.25,0.2755886940521239
188.3,0.27483097087566877
188.35000000000002,0.27362879106365945
188.4,0.27297600052932997
188.45000000000002,0.27350757279380894
188.5,0.2748385694595646
188.55,0.27563363015865433
188.60000000000002,0.27511620884336735
188.65,0.27383303224084543
188.70000000000002,0.2728452409337386
188.75,0.27297978084719454
188.8,0.2741958602752727
188.85000000000002,0.27528345812365385
188.9,0.27509720415949207
188.95000000000002,0.2738387519098336
189.0,0.2725696696308715
189.05,0.2722789947530487
189.10000000000002,0.27325104149283097
189.15,0.2745341206050395
189.20000000000002,0.27473526314298324
189.25,0.2736199657638586
189.3,0.2721469634050494
189.35000000000002,0.2714359219667335
189.4,0.27205753975109354
189.45000000000002,0.27340383316428296
189.5,0.2739993629213256
189.55,0.27314476876772137
189.60000000000002,0.27156757057036557
189.65,0.27047147889159107
189.70000000000002,0.2706701261729487
189.75,0.2719318503814586
189.8,0.2728732048889719
189.85000000000002,0.2723782848918879
189.9,0.270815004283065
189.95000000000002,0.2693965930102123
190.0,0.2691382958668648
190.05,0.2701735610706379
190.10000000000002,0.27136071592331945
190.15,0.2712876544760957
190.20000000000002,0.26986642789310006
190.25,0.26821299995806996
190.3,0.26750172862385185
190.35000000000002,0.26819308089469795
190.4,0.26948846102467744
190.45000000000002,0.26984846926054434
190.5,0.2686941450780344
190.55,0.26691436565408033
190.60000000000002,0.26578821109819456
190.65,0.2660550715908577
190.70000000000002,0.26730415771974003
190.75,0.2680513658987191
190.8,0.26726858405471415
190.85000000000002,0.265487402907669
190.9,0.2640136729888304
190.95000000000002,0.2638175533378186
191.0,0.2648714772137053
191.05,0.2659071294734769
191.10000000000002,0.26556297420522174
191.15,0.2639130966617807
191.20000000000002,0.2621835531526612
191.25,0.2615269997591726
191.3,0.2622622719754404
191.35000000000002,0.26344881713914264
191.4,0.263559259871163
191.45000000000002,0.2621684969966613
191.5,0.26029467202561685
191.55,0.2592162095162551
191.60000000000002,0.25954798672956364
191.65,0.2607300762420086
191.70000000000002,0.261254130986564
191.75,0.2602296097432316
191.8,0.2583370796488264
191.85000000000002,0.25690464236118044
191.9,0.2567921064387852
191.95000000000002,0.25781978512703707
192.0,0.2586636625683196
192.05,0.25807563633068303
192.10000000000002,0.25629579994068397
192.15,0.25460037080679077
192.20000000000002,0.25404505299401253
192.25,0.2547941059032007
192.3,0.25582514262997447
192.35000000000002,0.25569425152952086
192.4,0.25415278822992693
192.45000000000002,0.25230266972400406
192.5,0.25134212775673803
192.55,0.251727701414311
192.60000000000002,0.25279525817363385
192.65,0.2530869802472151
192.70000000000002,0.25188958566449604
192.75,0.250004517436294
192.8,0.24870421970625897
192.85000000000002,0.2486860220681416
192.9,0.2496447111593203
192.95000000000002,0.2502733223743314
193.0,0.24949098574238218
193.05,0.2476947454327797
193.10000000000002,0.24614036679565215
193.15,0.24572016930117319
193.20000000000002,0.24645028576928102
193.25,0.2472922934306493
193.3,0.24694955668005614
193.35000000000002,0.24536002447601662
193.4,0.24365104390686504
193.45000000000002,0.24286502448128333
193.5,0.2432860813403302
193.55,0.2442005532923347
193.60000000000002,0.24427027622422665
193.65,0.24298713850499254
193.70000000000002,0.24123125819465552
193.75,0.24014039562347464
193.8,0.24021583514842415
193.85000000000002,0.24106713768635593
193.9,0.24147409960523172
193.95000000000002,0.24056593734866033
194.0,0.23887300956803156
194.05,0.23755421128017246
194.10000000000002,0.2372879068660056
194.15,0.2379657267209604
194.20000000000002,0.2385992289859731
194.25,0.23809298017443004
194.3,0.2365671875066944
194.35000000000002,0.23510649427927202
194.4,0.23453369433191884
194.45000000000002,0.23496609852615205
194.5,0.23569926761646426
194.55,0.23557533660077176
194.60000000000002,0.23430533350787966
194.65,0.232793008722585
194.70000000000002,0.2319692677310337
194.75,0.23212667399957362
194.8,0.232838208571159
194.85000000000002,0.2330335538080297
194.9,0.2320817484374167
194.95000000000002,0.2306079619184316
195.0,0.22959920722782323
195.05,0.22948976279407549
195.10000000000002,0.23008308925974708
195.15,0.23050267020008564
195.20000000000002,0.2298961371501505
195.25,0.22854572211064791
195.3,0.22742124577063388
195.35000000000002,0.22708034500809032
195.4,0.2274958628977541
195.45000000000002,0.2280304733568605
195.5,0.2277564819958941
195.55,0.22660196639162195
195.60000000000002,0.22543043386322587
195.65,0.22490821911798523
195.70000000000002,0.22512634116735336
195.75,0.2256728832952117
195.8,0.22568135798940445
195.85000000000002,0.22477483432377887
195.9,0.22362203609439543
195.95000000000002,0.22297247126806655
196.0,0.223007826003673
196.05,0.22348717012945676
196.10000000000002,0.22370069508930357
196.15,0.22306647074477137
196.20000000000002,0.22199301099513044
196.25,0.2212667573716852
196.3,0.2211563166155646
196.35000000000002,0.22152443038656805
196.4,0.22185420469798878
196.45000000000002,0.22148488468859476
196.5,0.2205424783732197
196.55,0.21978395062629272
196.60000000000002,0.21957317064645168
196.65,0.21982309192975283
196.70000000000002,0.22018727707767377
196.75,0.22004555628151917
196.8,0.219271846611166
196.85000000000002,0.21851919951557774
196.9,0.218250165786759
196.95000000000002,0.21840504274227165
197.0,0.21874492099081005
197.05,0.21877193695162084
197.10000000000002,0.21818517963858444
197.15,0.21747113983975638
197.20000000000002,0.21717536959954037
197.25,0.2172753042150541
197.3,0.21756501591316174
197.35000000000002,0.21769408658228856
197.4,0.2172899743244652
197.45000000000002,0.21664165197099705
197.5,0.21633822407450973
197.55,0.21642518109615538
197.60000000000002,0.21667252852607236
197.65,0.21684517529655667
197.70000000000002,0.21659800792001344
197.75,0.216034932329069
197.8,0.21573273798521733
197.85000000000002,0.21583784920995747
197.9,0.2160762372553136
197.95000000000002,0.2162562734057772
198.0,0.21612555345347476
198.05,0.215656649760155
198.10000000000002,0.2153584220622539
198.15,0.2154947351925733
198.20000000000002,0.21576889859065948
198.25,0.21595052325266706
198.3,0.21589224368394178
198.35000000000002,0.21551360470546355
198.4,0.21521933932525442
198.45000000000002,0.215380977677173
198.5,0.21573084297285128
198.55,0.2159381954179239
198.60000000000002,0.21591823263939286
198.65,0.21561378380108354
198.70000000000002,0.21532213160802352
198.75,0.2154887228686539
198.8,0.21593600000231647
198.85000000000002,0.2162140906192534
198.9,0.21621992239911292
198.95000000000002,0.21596626619368087
199.0,0.21567397484040576
199.05,0.21581778602035273
199.10000000000002,0.21635868618013668
199.15,0.21675821588074545
199.20000000000002,0.21680515853810173
199.25,0.2165803095359708
199.3,0.2162811207842306
199.35000000000002,0.21637402605977296
199.4,0.21697936277614965
199.45000000000002,0.2175397710358535
199.5,0.21766922147688983
199.55,0.21746319102266243
199.60000000000002,0.2171481508624461
199.65,0.2171663724142915
199.70000000000002,0.2177879962825647
199.75,0.21852350681947857
199.8,0.21879296569588957
199.85000000000002,0.21861691266226513
199.9,0.2182775603830087
199.95000000000002,0.21820362771355933
200.0,0.2187844554761437
