Jt,m3_plus_q4
0.05,0.9957499466134518
0.1,0.9869464242487342
0.15000000000000002,0.9817244056251697
0.2,0.9848567591080427
0.25,0.9933758451510646
0.30000000000000004,0.9992868245244199
0.35000000000000003,0.996972951410824
0.4,0.9884557747913976
0.45,0.9814824698131531
0.5,0.9823184821735855
0.55,0.9899924081265847
0.6000000000000001,0.9971702088764535
0.65,0.9969308048318346
0.7000000000000001,0.9892419566260536
0.75,0.9809634894053247
0.8,0.9794426473610346
0.8500000000000001,0.9857595515122276
0.9,0.9937175590522639
0.9500000000000001,0.9955449663146284
1.0,0.9891614294151225
1.05,0.9801003587058851
1.1,0.9763119919587206
1.1500000000000001,0.9808446164795277
1.2000000000000002,0.9890368312174216
1.25,0.9927780886947466
1.3,0.9880805415761156
1.35,0.9787998497495589
1.4000000000000001,0.9729758265159038
1.4500000000000002,0.975411222932317
1.5,0.9832700948788219
1.55,0.9886373120869436
1.6,0.9858854685419968
1.6500000000000001,0.9769506261905013
1.7000000000000002,0.9694479443229863
1.75,0.9696086152230469
1.8,0.976584885336906
1.85,0.9831749910538453
1.9000000000000001,0.9824909258337192
1.9500000000000002,0.9744326229020411
2.0,0.965707664802331
2.0500000000000003,0.9635624456505929
2.1,0.969163842778925
2.15,0.9764867327108893
2.2,0.9778472135583082
2.25,0.9711270014625181
2.3000000000000003,0.961703771094538
2.35,0.9573678299186207
2.4000000000000004,0.9611933743595024
2.45,0.9687067171297963
2.5,0.9719452439413168
2.5500000000000003,0.9669259776499786
2.6,0.9573608179725018
2.6500000000000004,0.9510852548444277
2.7,0.9528522702187378
2.75,0.9600004386441539
2.8000000000000003,0.9648192493857027
2.85,0.9617419475616709
2.9000000000000004,0.9525871235412886
2.95,0.9447395715285074
3.0,0.94430128534441
3.0500000000000003,0.950555250827254
3.1,0.9565469023800183
3.1500000000000004,0.9555154541644071
3.2,0.9472837278094034
3.25,0.9383219446882352
3.3000000000000003,0.9356746226117064
3.35,0.9405693794004961
3.4000000000000004,0.9472466548824612
3.45,0.9482215985796253
3.5,0.9413536722460368
3.5500000000000003,0.9317943311918008
3.6,0.9270740186915251
3.6500000000000004,0.9302403149189081
3.7,0.937072267626667
3.75,0.9398745109177696
3.8000000000000003,0.9347110684942033
3.85,0.9250958838984039
3.9000000000000004,0.918565791503455
3.95,0.919753633556666
4.0,0.926204757781318
4.05,0.9305294925111885
4.1000000000000005,0.927289519681424
4.15,0.9181506346964392
4.2,0.9101808357952589
4.25,0.9092732660672238
4.3,0.914842309387913
4.3500000000000005,0.920282483956236
4.4,0.919049494199619
4.45,0.9108758732318935
4.5,0.9019172382473076
4.55,0.898934033981168
4.6000000000000005,0.9031889911412854
4.65,0.9092666529058441
4.7,0.909984228047583
4.75,0.9031907452621432
4.800000000000001,0.8937449880381427
4.8500000000000005,0.8888369415733965
4.9,0.8914433250465099
4.95,0.8976461489994798
5.0,0.9001236867503946
5.050000000000001,0.895024681224503
5.1000000000000005,0.8856122027851671
5.15,0.8790473334935791
5.2,0.8797877819109836
5.25,0.8856074093759686
5.300000000000001,0.8895361149039426
5.3500000000000005,0.886325286306376
5.4,0.8774523460006933
5.45,0.8695956933813103
5.5,0.8683801255491884
5.550000000000001,0.8733487433170807
5.6000000000000005,0.8783268006006845
5.65,0.8770652721258765
5.7,0.8691920195864279
5.75,0.8604806400836151
5.800000000000001,0.8573472220113799
5.8500000000000005,0.8610691867635888
5.9,0.8666339111971444
5.95,0.8672479242006466
6.0,0.8607590030441508
6.050000000000001,0.8516736035886404
6.1000000000000005,0.8467815526889524
6.15,0.8489577189920162
6.2,0.8546215942632314
6.25,0.8569105451868627
6.300000000000001,0.8520902278000098
6.3500000000000005,0.8431247106996999
6.4,0.8367403180619724
6.45,0.8371838400906416
6.5,0.8424709136876458
6.550000000000001,0.8461253600429561
6.6000000000000005,0.8431393071908493
6.65,0.834769520281079
6.7,0.8272467738740796
6.75,0.8258902418494223
6.800000000000001,0.8303695101724403
6.8500000000000005,0.8349975561282373
6.9,0.8338831227673501
6.95,0.8265363448082708
7.0,0.8182933431090312
7.050000000000001,0.8151879400953209
7.1000000000000005,0.8185010486884032
7.15,0.8236604496487433
7.2,0.8243268627525017
7.25,0.8183539186284268
7.300000000000001,0.8098460820433623
7.3500000000000005,0.805153873056224
7.4,0.807035492409775
7.45,0.8122681587099496
7.5,0.8145068946263995
7.550000000000001,0.8101591011883283
7.6000000000000005,0.8018501895649822
7.65,0.7958306991809145
7.7,0.7961210304416598
7.75,0.8009865272220319
7.800000000000001,0.8044909840443136
7.8500000000000005,0.8019041604538145
7.9,0.79423635819707
7.95,0.787228401176612
8.0,0.7858781489704258
8.05,0.7899832852838958
8.1,0.7943756525004826
8.15,0.793563032458475
8.200000000000001,0.7869278044364243
8.25,0.7793273190426523
8.3,0.7763959705985738
8.35,0.7794184843390609
8.4,0.7842808474012037
8.450000000000001,0.7851358780096322
8.5,0.7798477516162877
8.55,0.7720823427227785
8.6,0.7677306931243106
8.65,0.7694360987741867
8.700000000000001,0.7743424900411474
8.75,0.7766513220886081
8.8,0.7729269852178275
8.85,0.7654281165804527
8.9,0.7599058021247211
8.950000000000001,0.7601573892135981
9.0,0.764703766718856
9.05,0.7681659873461704
9.1,0.7661109171490317
9.15,0.7592851678835413
9.200000000000001,0.7529137233046425
9.25,0.7516762689870518
9.3,0.7555061560058702
9.35,0.7597612867175642
9.4,0.7593654641026063
9.450000000000001,0.7535668250799608
9.5,0.7467186794858759
9.55,0.7440566067478981
9.600000000000001,0.7468811118572602
9.65,0.751537840359005
9.700000000000001,0.7526810404208474
9.75,0.7481866413223597
9.8,0.741260647951499
9.850000000000001,0.7373312121472899
9.9,0.7389430799852761
9.950000000000001,0.7436082257829434
10.0,0.7460741256965263
10.05,0.7430658342071812
10.100000000000001,0.736460396495332
10.15,0.7315022146254244
10.200000000000001,0.7317841958219145
10.25,0.7360889667768559
10.3,0.7395861753670242
10.350000000000001,0.73814007396689
10.4,0.732225555550848
10.450000000000001,0.726542629035921
10.5,0.7254706990312728
10.55,0.7290926695354306
10.600000000000001,0.7332800308234042
10.65,0.7333648806223871
10.700000000000001,0.7284575484727306
10.75,0.7223990365993568
10.8,0.7200408885168051
10.850000000000001,0.7227210363484964
10.9,0.7272343553727468
10.950000000000001,0.7287189778340845
11.0,0.7250589906177491
11.05,0.7189954135026606
11.100000000000001,0.7155043748357824
11.15,0.7170591960255116
11.200000000000001,0.7215368769071107
11.25,0.7242051991637382
11.3,0.7219409544620741
11.350000000000001,0.7162381479573228
11.4,0.7118424496008149
11.450000000000001,0.7121714839546982
11.5,0.7162772949343743
11.55,0.7198488994046406
11.600000000000001,0.7190293665343226
11.65,0.7140221759094362
11.700000000000001,0.7090095235677438
11.75,0.7080985758938433
11.8,0.7115406019590116
11.850000000000001,0.7156941998562169
11.9,0.7162698157911433
11.950000000000001,0.7122379609260686
12.0,0.7069357058271153
12.05,0.7048557833788269
12.100000000000001,0.7074013276744908
12.15,0.711798693469518
12.200000000000001,0.7136302312313357
12.25,0.7107788103312054
12.3,0.7055306349282401
12.350000000000001,0.7024323561184324
12.4,0.7039189279810464
12.450000000000001,0.7082273792706968
12.5,0.7111011952343643
12.55,0.7095478401319839
12.600000000000001,0.7046885931252949
12.65,0.7007917593635185
12.700000000000001,0.7011343038853652
12.75,0.7050465599853697
12.8,0.7086940215274512
12.850000000000001,0.7084638466888872
12.9,0.704294748696427
12.950000000000001,0.6998730255358387
13.0,0.699067313939563
13.05,0.702318253945185
13.100000000000001,0.7064370478344989
13.15,0.7074654474512212
13.200000000000001,0.7042321326713354
13.25,0.6995933448081855
13.3,0.6977151543053653
13.350000000000001,0.7000954182318075
13.4,0.7043707912699025
13.450000000000001,0.7065131007155294
13.5,0.7043887432562782
13.55,0.6998520130700085
13.600000000000001,0.697051587661504
13.65,0.6984180463438181
13.700000000000001,0.7025426479336504
13.75,0.7055889441491496
13.8,0.7046640583784336
13.850000000000001,0.7005356962063816
13.9,0.697027136790524
13.950000000000001,0.6973100640437485
14.0,0.701001699283923
14.05,0.7046947168597251
14.100000000000001,0.7049742696632593
14.15,0.7015247390298756
14.200000000000001,0.697570445525142
14.25,0.6967769314847614
14.3,0.6997939770186379
14.350000000000001,0.7038482658877383
14.4,0.705255730697568
14.450000000000001,0.7027000160945921
14.5,0.6985909954281887
14.55,0.6968039473109083
14.600000000000001,0.6989583201269164
14.65,0.7030792315264897
14.700000000000001,0.7054663942770439
14.75,0.7039496643898953
14.8,0.6999832379278096
14.850000000000001,0.6973553814396469
14.9,0.6985228094711409
14.950000000000001,0.7024244513105362
15.0,0.7055853223410506
15.05,0.7051750076573009
15.100000000000001,0.7016319888474563
15.15,0.6983746645140771
15.200000000000001,0.6985017280451031
15.25,0.7019234628778626
15.3,0.7056106070673658
15.350000000000001,0.7062950932599047
15.4,0.7034186971246826
15.450000000000001,0.69978587516595
15.5,0.6988930618933817
15.55,0.7016142952319879
15.600000000000001,0.7055561813006737
15.65,0.7072494868183747
15.700000000000001,0.7052280132895412
15.75,0.7014966683663085
15.8,0.6996766787922848
15.850000000000001,0.701529592250192
15.9,0.7054480008114081
15.950000000000001,0.7079992457742309
16.0,0.7069540026901792
16.05,0.7034025985094708
16.1,0.7008134305238919
16.150000000000002,0.701693060836817
16.2,0.7053199757515309
16.25,0.708526246371492
16.3,0.708505397698513
16.35,0.705392562247877
16.400000000000002,0.7022454589867579
16.45,0.702116284337883
16.5,0.7052098748610336
16.55,0.7088312065025828
16.6,0.70980944733933
16.650000000000002,0.7073548850148023
16.7,0.7038979159468348
16.75,0.7027960524463494
16.8,0.7051552944829496
16.85,0.708930798784368
16.900000000000002,0.7108141541709874
16.95,0.7091834589865393
17.0,0.7056821406812381
17.05,0.7037124694845567
17.1,0.7051897284733878
17.150000000000002,0.708854195024436
17.2,0.7114889223152787
17.25,0.710783339008751
17.3,0.707500123562615
17.35,0.704828152338551
17.400000000000002,0.7053388101050281
17.45,0.7086392715304318
17.5,0.7118238172898375
17.55,0.7120753117724539
17.6,0.7092498782715847
17.650000000000002,0.7060887812018883
17.7,0.7056168968487379
17.75,0.7083285972731401
17.8,0.7118277218540785
17.85,0.712999136110227
17.900000000000002,0.7108312071461639
17.95,0.7074251223905269
18.0,0.7060242785255936
18.05,0.7079652769128499
18.1,0.7115256620397953
18.150000000000002,0.7135153545248851
18.2,0.7121513061786255
18.25,0.7087564400800219
18.3,0.7065453488326565
18.35,0.7075887504225401
18.400000000000002,0.7109555074457332
18.45,0.7136057438838694
18.5,0.7131297195569477
18.55,0.7099950099509965
18.6,0.7071480493742407
18.650000000000002,0.7072307438755443
18.7,0.7101641725819262
18.75,0.713272570285124
18.8,0.7137022905922215
18.85,0.7110512975348975
18.900000000000002,0.707784769085336
18.95,0.7069116746330159
19.0,0.7092034112940829
19.05,0.712536832391446
19.1,0.7138239209447816
19.150000000000002,0.711839301943772
19.200000000000003,0.7083946914183248
19.25,0.7066378813935623
19.3,0.7081253296733488
19.35,0.7114356423906474
19.400000000000002,0.7134700961105842
19.450000000000003,0.7122815962087853
19.5,0.7089073805058491
19.55,0.7064000323929853
19.6,0.7069778350314931
19.650000000000002,0.7100188473091587
19.700000000000003,0.7126372287850476
19.75,0.7123136955815536
19.8,0.7092472403886543
19.85,0.7061729527255004
19.900000000000002,0.70580034927436
19.950000000000003,0.7083449798710789
20.0,0.7113419039252206
20.05,0.7118875151446906
20.1,0.7093384041737948
20.150000000000002,0.7059169299332013
20.200000000000003,0.7046201903652954
20.25,0.706476673150501
20.3,0.7096190973038735
20.35,0.7109737965063573
20.400000000000002,0.7091096192624629
20.450000000000003,0.7055803566720869
20.5,0.703450020942003
20.55,0.7044757720811469
20.6,0.7075194186012231
20.650000000000002,0.7095634610992836
20.700000000000003,0.7084987695122119
20.75,0.7051034057616107
20.8,0.7022866627539762
20.85,0.7023984928585377
20.900000000000002,0.7051054388557969
20.950000000000003,0.7076678770331195
21.0,0.707456777937148
21.05,0.7044223446982283
21.1,0.7011113998724873
21.150000000000002,0.7002910676944942
21.200000000000003,0.7024472240079158
21.25,0.7053180228862715
21.3,0.7059507257582296
21.35,0.70347409267001
21.400000000000002,0.6998916912092901
21.450000000000003,0.6981863216933024
21.5,0.6996173082684993
21.55,0.7025625265583055
21.6,0.7039660795237749
21.650000000000002,0.7022006830337231
21.700000000000003,0.6985840406583244
21.75,0.6961015405353597
21.8,0.6966854721824338
21.85,0.6994645840762007
21.900000000000002,0.7015079328823519
21.950000000000003,0.7005533802031874
22.0,0.6971376736093388
22.05,0.6940378173957944
22.1,0.6937137923440229
22.150000000000002,0.6960978428766871
22.200000000000003,0.6986011601634927
22.25,0.6984962729373476
22.3,0.6954986544018781
22.35,0.6919808610761411
22.400000000000002,0.6907524564499639
22.450000000000003,0.6925414633573868
22.5,0.6952893760870772
22.55,0.6960092010440259
22.6,0.6936141315655354
22.650000000000002,0.6899030632839779
22.700000000000003,0.6878367642965081
22.75,0.688874722004053
22.8,0.6916326317028436
22.85,0.6930898669791804
22.900000000000002,0.6914364768285298
22.950000000000003,0.6877665090242107
23.0,0.6849855722927781
23.05,0.6851716422634173
23.1,0.6877038700865629
23.150000000000002,0.6897549574971604
23.200000000000003,0.6889271475696644
23.25,0.6855265886358792
23.3,0.6822012287434535
23.35,0.6814961881575925
23.400000000000002,0.6835843122281259
23.450000000000003,0.6860400870005596
23.5,0.686060122933519
23.55,0.6831359172555849
23.6,0.6794708493267189
23.650000000000002,0.6778985019473367
23.700000000000003,0.679358114524347
23.75,0.6819984072595989
23.8,0.6828247384252117
23.85,0.6805483465696462
23.900000000000002,0.6767686501373767
23.950000000000003,0.674412515229285
24.0,0.6751067872657833
24.05,0.6776978272729409
24.1,0.6792276947651715
24.150000000000002,0.6777229175926034
24.200000000000003,0.6740590152530819
24.25,0.6710550512506852
24.3,0.670903939293584
24.35,0.6732169478301554
24.400000000000002,0.6752939821347916
24.450000000000003,0.6746276185387922
24.5,0.6713000165386465
24.55,0.667826324853879
24.6,0.6668108848974461
24.650000000000002,0.6686400077217707
24.700000000000003,0.6710664790682752
24.75,0.6712427722655704
24.8,0.6684471850720785
24.85,0.6647115938108088
24.900000000000002,0.6628735135020725
24.950000000000003,0.6640513141037215
25.0,0.6666040792570362
25.05,0.6675638059113189
25.1,0.6654574045639555
25.150000000000002,0.6616836555583732
25.200000000000003,0.6591206143894168
25.25,0.6595297363077449
25.3,0.6619783667714951
25.35,0.6636030934828343
25.400000000000002,0.662292816652208
25.450000000000003,0.6587059135938439
25.5,0.6555636264089294
25.55,0.6551438429814759
25.6,0.657269070454529
25.650000000000002,0.6593905551697878
25.700000000000003,0.658924582841666
25.75,0.6557358208958108
25.8,0.6521976089831242
25.85,0.6509481491471562
25.900000000000002,0.6525587312247897
25.950000000000003,0.6549727746514992
26.0,0.6553362578804948
26.05,0.6527285891475881
26.1,0.6490031482696635
26.150000000000002,0.6469807405896703
26.200000000000003,0.6479271562046925
26.25,0.6504105594367277
26.3,0.651526439162472
26.35,0.6496410836900783
26.400000000000002,0.6459489272779585
26.450000000000003,0.6432623142900912
26.5,0.6434462681356223
26.55,0.6457750906709986
26.6,0.6475103179769778
26.650000000000002,0.6464357828033939
26.700000000000003,0.6429947696002513
26.75,0.6397964808334518
26.8,0.6391758731021301
26.85,0.6411430361759873
26.900000000000002,0.6433198091956515
26.950000000000003,0.6430845796084853
27.0,0.6400950581316529
27.05,0.6365710680524979
27.1,0.6351606857965052
27.150000000000002,0.6365911742376168
27.200000000000003,0.6390020854383534
27.25,0.6395720896442201
27.3,0.6372024774566184
27.35,0.6335601606184895
27.400000000000002,0.6314287221835823
27.450000000000003,0.6321911469817143
27.5,0.6346165652549658
27.55,0.635898054096048
27.6,0.6342719991884714
27.650000000000002,0.6307266841559827
27.700000000000003,0.6279909611612278
27.75,0.6280049094118416
27.8,0.6302306507143062
27.85,0.6320784451307747
27.900000000000002,0.6312649279351277
27.950000000000003,0.6280254418478259
28.0,0.6248420463891752
28.05,0.6240812778727247
28.1,0.6259147148503595
28.150000000000002,0.6281450046314222
28.200000000000003,0.6281526917978257
28.25,0.6254065764740757
28.3,0.6219617726221845
28.35,0.6204537578946285
28.400000000000002,0.6217369484685563
28.450000000000003,0.6241431629739088
28.5,0.6249199553883443
28.55,0.6228194193711218
28.6,0.6193171631050645
28.650000000000002,0.6171396125406063
28.700000000000003,0.6177586593129385
28.75,0.6201285408459895
28.8,0.6215666113383935
28.85,0.620216593600734
28.900000000000002,0.616865047595541
28.950000000000003,0.6141399803626091
29.0,0.6140304812085969
29.05,0.6161624687975533
29.1,0.6181082979849074
29.150000000000002,0.6175580946483402
29.200000000000003,0.6145551323014061
29.25,0.6114408017586983
29.3,0.6105897388052791
29.35,0.6123071048537466
29.400000000000002,0.6145752878334781
29.450000000000003,0.6148149379548666
29.5,0.6123335630188541
29.55,0.6090143592270892
29.6,0.6074589897654623
29.650000000000002,0.6086207522729435
29.700000000000003,0.6110098488113669
29.75,0.611971901413388
29.8,0.6101469034011371
29.85,0.6068213390799171
29.900000000000002,0.6046455961256824
29.950000000000003,0.6051538755145522
30.0,0.6074624318581562
30.05,0.6090289436279982
30.1,0.6079463050080676
30.150000000000002,0.6048134179265656
30.200000000000003,0.602142103094277
30.25,0.601946118172185
30.3,0.6039872173137787
30.35,0.6060010479463173
30.400000000000002,0.6056914907777626
30.450000000000003,0.6029364098720208
30.5,0.5999272319872421
30.55,0.5990244038450864
30.6,0.6006376127154625
30.650000000000002,0.6029164907403403
30.700000000000003,0.6033540758490703
30.75,0.6011339514044907
30.8,0.5979673906701338
30.85,0.5964020171773283
30.900000000000002,0.5974622250370771
30.950000000000003,0.5998137953962107
31.0,0.6009197604225246
31.05,0.5993515628141132
31.1,0.5962187107978859
31.150000000000002,0.5940784674056185
31.200000000000003,0.5945016588843975
31.25,0.5967378402805873
31.3,0.598389063479288
31.35,0.5975407574560021
31.400000000000002,0.5946296755226078
31.450000000000003,0.5920399454661968
31.5,0.5917862762639946
31.55,0.5937356856250013
31.6,0.595776496073438
31.650000000000002,0.5956627413057299
31.700000000000003,0.593144366137899
31.75,0.5902602730926325
31.8,0.5893348613263758
31.85,0.5908526505133911
31.900000000000002,0.5931083380155623
31.950000000000003,0.5936912144524176
32.0,0.5917062323567555
32.050000000000004,0.5887023540233431
32.1,0.5871540201620032
32.15,0.5881290263606986
32.2,0.5904194093545981
32.25,0.5916138804295462
32.300000000000004,0.5902621197157014
32.35,0.5873202109737747
32.4,0.5852381346637643
32.45,0.5855976096551336
32.5,0.5877493573517422
32.550000000000004,0.5894324722893698
32.6,0.5887661349994557
32.65,0.5860616817348346
32.7,0.5835697646870674
32.75,0.583282041507264
32.800000000000004,0.5851389811427554
32.85,0.5871613621150655
32.9,0.5871828615796143
32.95,0.5848717436728409
33.0,0.5821205057945723
33.050000000000004,0.5811958138169859
33.1,0.5826270005479527
33.15,0.5848250607407879
33.2,0.5854894891739388
33.25,0.5836962692562806
33.300000000000004,0.5808523988217953
33.35,0.5793417724839908
33.4,0.5802474885352049
33.45,0.5824550706370767
33.5,0.5836765924701809
33.550000000000004,0.582485847372433
33.6,0.5797200011402022
33.65,0.5777120096413239
33.7,0.5780279938164197
33.75,0.5800865891003689
33.800000000000004,0.581747534947223
33.85,0.5811992038519436
33.9,0.5786731481387768
33.95,0.5762881476170567
34.0,0.5759882425863938
34.050000000000004,0.5777554726299254
34.1,0.5797167181029937
34.15,0.57980576691842
34.2,0.5776602780354482
34.25,0.5750421174686163
34.300000000000004,0.5741392635016469
34.35,0.5754957059102845
34.4,0.5776070723794272
34.45,0.5782870567438807
34.5,0.5766320184174578
34.550000000000004,0.5739375698996525
34.6,0.5724828280383545
34.65,0.5733374323276911
34.7,0.5754472485505855
34.75,0.5766367974736082
34.800000000000004,0.5755446066342951
34.85,0.5729319984436219
34.9,0.5710112043611542
34.95,0.5713054603865751
35.0,0.5732689099728031
35.050000000000004,0.5748598896268419
35.1,0.5743626921812378
35.15,0.5719795151243894
35.2,0.5697073303193824
35.25,0.569418103671326
35.300000000000004,0.5711043790185113
35.35,0.5729705692444942
35.4,0.5730611658092382
35.45,0.5710340445064148
35.5,0.5685455640003607
35.550000000000004,0.5676862482552408
35.6,0.568984713842459
35.65,0.5709901652573302
35.7,0.5716258522463254
35.75,0.5700525586271782
35.800000000000004,0.567493134517763
35.85,0.5661126420321223
35.9,0.566938147821415
35.95,0.5689448327132005
36.0,0.5700531320016624
36.050000000000004,0.568997920925081
36.1,0.5665122938786209
36.15,0.564691512606754
36.2,0.5649887593488273
36.25,0.5668635116853815
36.300000000000004,0.5683487514937414
36.35,0.5678409693145521
36.4,0.5655630021629159
36.45,0.5634086876622306
36.5,0.5631552669939642
36.550000000000004,0.5647761946327018
36.6,0.5665261823444813
36.65,0.5665616321500321
36.7,0.5646058246804554
36.75,0.5622423757412098
36.800000000000004,0.5614499412255933
36.85,0.5627124421903718
36.9,0.5646048768377397
36.95,0.5651490840413804
37.0,0.5636046415552545
37.050000000000004,0.5611646613971425
37.1,0.5598777397876648
37.15,0.5607000178910619
37.2,0.5626086551528179
37.25,0.5636011418425971
37.300000000000004,0.5625288019025251
37.35,0.5601436087163204
37.4,0.5584358532117519
37.45,0.5587635338521312
37.5,0.5605643017917699
37.550000000000004,0.5619232135762622
37.6,0.5613544908141512
37.65,0.5591457087752763
37.7,0.5571138482213762
37.75,0.5569230935830285
37.800000000000004,0.5585003070381797
37.85,0.5601271143542794
37.9,0.5600652733323888
37.95,0.5581383105858724
38.0,0.5558945093592315
38.050000000000004,0.5551930385313288
38.1,0.5564456164642763
38.15,0.5582299645293722
38.2,0.5586519688536454
38.25,0.5570916815172544
38.300000000000004,0.5547553287580987
38.35,0.553580995818308
38.400000000000006,0.5544282696503605
38.45,0.5562532330295239
38.5,0.5571121283602002
38.550000000000004,0.5559804545258439
38.6,0.5536704338284546
38.650000000000006,0.5520874415018402
38.7,0.5524739040279275
38.75,0.5542218465180319
38.800000000000004,0.5554493991176493
38.85,0.5547843986479062
38.900000000000006,0.5526126334206933
38.95,0.5507059212645933
39.0,0.5506042270182118
39.050000000000004,0.5521632081264954
39.1,0.5536729712229027
39.150000000000006,0.5534886329243863
39.2,0.5515552488699709
39.25,0.5494239290904831
39.300000000000004,0.5488356630672944
39.35,0.5501059849769091
39.400000000000006,0.5517971501776711
39.45,0.5520835270318039
39.5,0.5504734865989716
39.550000000000004,0.5482242838144818
39.6,0.5471784146452103
39.650000000000006,0.548078621063189
39.7,0.5498409529440739
39.75,0.5505645523035947
39.800000000000004,0.5493452732358857
39.85,0.5470867236943266
39.900000000000006,0.5456361180106011
39.95,0.5461076688367548
40.0,0.5478275409748246
40.050000000000004,0.5489322620553111
40.1,0.5481516529646372
40.150000000000006,0.5459894078724031
40.2,0.5442061414340096
40.25,0.5442161514840448
40.300000000000004,0.5457833148439618
40.35,0.547192428223291
40.400000000000006,0.5468769737718429
40.45,0.5449100861305269
40.5,0.5428804121983706
40.550000000000004,0.5424222177560661
40.6,0.5437365952936903
40.650000000000006,0.5453562056770622
40.7,0.5455091170441113
40.75,0.5438268504508825
40.800000000000004,0.5416465292769651
40.85,0.5407383078376117
40.900000000000006,0.5417159638567803
40.95,0.5434400996873836
41.0,0.544039944242845
41.050000000000004,0.5427185576444079
41.1,0.5404888719073951
41.150000000000006,0.5391709236687144
41.2,0.539748473306013
41.25,0.5414655146952212
41.300000000000004,0.5424659781418357
41.35,0.5415651445957853
41.400000000000006,0.5393894712884509
41.45,0.5377209344491348
41.5,0.5378580088528973
41.550000000000004,0.5394577632803887
41.6,0.5407891672280082
41.650000000000006,0.5403480940965675
41.7,0.5383285549256305
41.75,0.536384208477193
41.800000000000004,0.5360640551495991
41.85,0.5374445744169528
41.900000000000006,0.5390174682876652
41.95,0.539051233224827
42.0,0.537284848301768
42.050000000000004,0.5351523003746167
42.1,0.5343810083877262
42.150000000000006,0.5354542983407186
42.2,0.5371649702104533
42.25,0.5376618849382266
42.300000000000004,0.5362358588473733
42.35,0.5340129648231102
42.400000000000006,0.5328180087538693
42.45,0.5335141010043016
42.5,0.535251378361339
42.550000000000004,0.5361722084169227
42.6,0.5351584151908312
42.650000000000006,0.5329504016472948
42.7,0.5313791177741133
42.75,0.5316484370494333
42.800000000000004,0.5333008485594016
42.85,0.5345804268514346
42.900000000000006,0.5340296661969338
42.95,0.5319453136410055
43.0,0.5300635862240268
43.050000000000004,0.5298779870082297
43.1,0.5313403400552597
43.150000000000006,0.5328916073911293
43.2,0.5328285796077448
43.25,0.5309750098221844
43.300000000000004,0.5288659842936845
43.35,0.5282190804454074
43.400000000000006,0.5293977813588252
43.45,0.5311177424939107
43.5,0.5315377778801031
43.550000000000004,0.530013850407966
43.6,0.5277760904149915
43.650000000000006,0.5266834643640932
43.7,0.5275003658934299
43.75,0.5292770558018668
43.800000000000004,0.5301453845265705
43.85,0.5290342734865895
43.900000000000006,0.5267786139432313
43.95,0.5252781786548126
44.0,0.5256732088941618
44.050000000000004,0.5273926564118367
44.1,0.5286464910079568
44.150000000000006,0.528008479293745
44.2,0.5258529915896444
44.25,0.5240053077905268
44.300000000000004,0.5239384364039215
44.35,0.5254908209224215
44.400000000000006,0.5270439181209958
44.45,0.5269106305155205
44.5,0.5249735809773725
44.550000000000004,0.5228614915231823
44.6,0.5223146040527484
44.650000000000006,0.5235992382044072
44.7,0.5253481158850704
44.75,0.5257192334442495
44.800000000000004,0.5241105362536
44.85,0.5218372574098058
44.900000000000006,0.5208162254984707
44.95,0.5217454903811467
45.0,0.5235762621718067
45.050000000000004,0.524419266292193
45.1,0.5232314933140162
45.150000000000006,0.5209164172393821
45.2,0.5194531759850265
45.25,0.5199558918884821
45.300000000000004,0.5217508064637815
45.35,0.5230036551259971
45.400000000000006,0.5223039639823585
45.45,0.5200758763833876
45.5,0.5182298351257322
45.550000000000004,0.518254627505955
45.6,0.5198977970451146
45.650000000000006,0.5214738541943527
45.7,0.5212981166534407
45.75,0.5192861905403533
45.800000000000004,0.5171440115139926
45.85,0.516662991945046
45.900000000000006,0.5180452992784594
45.95,0.519839511202669
46.0,0.5201894835035751
46.050000000000004,0.5185130610592412
46.1,0.5161858847478302
46.150000000000006,0.5151984942594663
46.2,0.5162220771149751
46.25,0.5181174111256551
46.300000000000004,0.5189611307406912
46.35,0.5177197280194802
46.400000000000006,0.5153373330471053
46.45,0.5138736694309176
46.5,0.5144565264971727
46.550000000000004,0.5163300217863803
46.6,0.517604960296049
46.650000000000006,0.5168699743309698
46.7,0.5145720293255531
46.75,0.5126946117451573
46.800000000000004,0.5127756924109278
46.85,0.5145039702662867
46.900000000000006,0.5161220323616877
46.95,0.5159312773056004
47.0,0.5138565672441171
47.050000000000004,0.5116594483298874
47.1,0.5112041353283743
47.150000000000006,0.5126686676525668
47.2,0.5145220310229961
47.25,0.514877596929763
47.300000000000004,0.5131526516224236
47.35,0.5107571295133909
47.400000000000006,0.5097624676433593
47.45,0.5108551209081463
47.5,0.5128221606203465
47.550000000000004,0.5136913876491773
47.6,0.5124201245656285
47.650000000000006,0.509966960390428
47.7,0.5084655409002489
47.75,0.5090947995821284
47.800000000000004,0.5110458061636947
47.85,0.5123646271838722
47.900000000000006,0.5116203853253842
47.95,0.5092592059071751
48.0,0.5073204741044488
48.050000000000004,0.5074183327002413
48.1,0.5092212106895214
48.150000000000006,0.510898898667994
48.2,0.5107196684264375
48.25,0.5085968889131373
48.300000000000004,0.5063248950052979
48.35,0.505853838275992
48.400000000000006,0.5073802568689145
48.45,0.5093047580349106
48.5,0.5096916998319309
48.550000000000004,0.5079386296538871
48.6,0.5054658485380675
48.650000000000006,0.504424829939787
48.7,0.5055572616289923
48.75,0.5076007042242273
48.800000000000004,0.5085194319914838
48.85,0.5072421314300891
48.900000000000006,0.504719769573693
48.95,0.5031478538984284
49.0,0.5037875767992139
49.050000000000004,0.5058120256806885
49.1,0.5071957997620979
49.150000000000006,0.5064677783074535
49.2,0.5040537276603633
49.25,0.502030209602192
49.300000000000004,0.5021057866685212
49.35,0.5039696522945933
49.400000000000006,0.5057236564382708
49.45,0.5055818186626475
49.5,0.5034278828732707
49.550000000000004,0.5010682232088197
49.6,0.5005434121168321
49.650000000000006,0.5021089640581035
49.7,0.5041151712871017
49.75,0.5045587540190903
49.800000000000004,0.5027988264926955
49.85,0.5002465243286152
49.900000000000006,0.49912623191286254
49.95,0.5002683740478476
50.0,0.5023909643776219
50.050000000000004,0.5033827802414513
50.1,0.5021233004991964
50.150000000000006,0.499538618171694
50.2,0.4978715439741479
50.25,0.4984874731999572
50.300000000000004,0.500579137962297
50.35,0.5020483563006578
50.400000000000006,0.501361749042263
50.45,0.4989087894614875
50.5,0.49678583472194865
50.550000000000004,0.49680461665465986
50.6,0.49871419476942597
50.650000000000006,0.5005601277342606
50.7,0.5004812582284663
50.75,0.49831509787243305
50.800000000000004,0.4958633450300062
50.85,0.49525401827031257
50.900000000000006,0.49683568918081217
50.95,0.4989324635185632
51.0,0.49945764385392394
51.050000000000004,0.4977130116479188
51.1,0.49508589935975345
51.150000000000006,0.4938626368506448
51.2,0.49498640289957346
51.25,0.4971887801597985
51.300000000000004,0.49827667421513633
51.35,0.4970591388000684
51.400000000000006,0.4944241309679027
51.45,0.49264730673461254
51.5,0.4932099019548567
51.550000000000004,0.495360673993799
51.6,0.49693458765201626
51.650000000000006,0.49631457237022447
51.7,0.4938399591772484
51.75,0.49161262243570886
51.800000000000004,0.49154750006097453
51.85,0.49348673527443954
51.900000000000006,0.49543812868488
51.95,0.4954475366441363
52.0,0.4932899378685668
52.050000000000004,0.49075000400032126
52.1,0.4900348681571305
52.150000000000006,0.4916108447176844
52.2,0.49380427391568427
52.25,0.49443523714882626
52.300000000000004,0.4927289663057467
52.35,0.49003816515075466
52.400000000000006,0.48869871592591496
52.45,0.48977979332076266
52.5,0.49205968693490326
52.550000000000004,0.4932650000771765
52.6,0.49211386441480093
52.650000000000006,0.48944493922187754
52.7,0.48755406020517444
52.75,0.4880402136678819
52.800000000000004,0.4902397978995652
52.85,0.49193487649906814
52.900000000000006,0.49140644676051065
52.95,0.4889301679013484
53.0,0.4866025505491203
53.050000000000004,0.48643501825629043
53.1,0.48838731841624367
53.150000000000006,0.49045386372928873
53.2,0.49057592468835676
53.25,0.4884491970639709
53.300000000000004,0.485832150914421
53.35,0.4849997364771435
53.400000000000006,0.48655002134345515
53.45,0.48884178709577486
53.5,0.4896006490436048
53.550000000000004,0.4879564923679842
53.6,0.4852182274453521
53.650000000000006,0.4837592571772246
53.7,0.48477774207486396
53.75,0.4871287505645591
53.800000000000004,0.4884693126086906
53.85,0.4874089791507134
53.900000000000006,0.4847258393890725
53.95,0.48272547446127356
54.0,0.4831187545515718
54.050000000000004,0.48535397341535114
54.1,0.48718173311904517
54.150000000000006,0.48676887918316847
54.2,0.4843128462183448
54.25,0.4818961976860648
54.300000000000004,0.48161587598363664
54.35,0.4835638327533757
54.400000000000006,0.4857492504870226
54.45,0.486005991071393
54.5,0.4839333759325374
54.550000000000004,0.4812554612595327
54.6,0.4803027897270616
54.650000000000006,0.4818090403648463
54.7,0.4841946483146559
54.75,0.485099476148007
54.800000000000004,0.4835412524502037
54.85,0.480775122668194
54.900000000000006,0.4792010973993795
54.95,0.4801410675967978
55.0,0.48255141661338974
55.050000000000004,0.48403923169123947
55.1,0.48309311742759603
55.150000000000006,0.48041743952114874
55.2,0.4783185079212041
55.25,0.47860813374770234
55.300000000000004,0.48086216330279524
55.35,0.4828268647878459
55.400000000000006,0.48255114065275084
55.45,0.48013821959514913
55.5,0.47764837225090406
55.550000000000004,0.47725122405024767
55.6,0.47917607566211706
55.650000000000006,0.4814761678290339
55.7,0.48188532876437445
55.75,0.4798901559567904
55.800000000000004,0.4771705375621528
55.85,0.47610065102802074
55.900000000000006,0.47754550745540986
55.95,0.4800129037650769
56.0,0.48107547349944846
56.050000000000004,0.4796260656917327
56.1,0.47685329177800084
56.150000000000006,0.4751735999914163
56.2,0.4760219688193724
56.25,0.4784736911093892
56.300000000000004,0.4801127263173045
56.35,0.47930189009068214
56.400000000000006,0.47665605217751866
56.45,0.47447292719183853
56.5,0.47465195834877094
56.550000000000004,0.47690386004796753
56.6,0.47900068314344774
56.650000000000006,0.47887942417863577
56.7,0.4765324409495403
56.75,0.47398726010326325
56.800000000000004,0.4734731464235
56.85,0.4753543166591937
56.900000000000006,0.47775577049564305
56.95,0.47832878017499536
57.0,0.4764334683138032
57.050000000000004,0.4736922478645466
57.1,0.4725113726627601
57.150000000000006,0.47387765327564163
57.2,0.47640669864404944
57.25,0.47763054432216967
57.300000000000004,0.47631066222575014
57.35,0.4735526800174233
57.400000000000006,0.47177877331310625
57.45,0.47252391557077683
57.5,0.4749928183312521
57.550000000000004,0.47677748947722653
57.6,0.47611908417922594
57.650000000000006,0.4735251586554296
57.7,0.471273152672689
57.75,0.47133652571688306
57.800000000000004,0.47356137586082203
57.85,0.4757756121743927
57.900000000000006,0.47582020763482663
57.95,0.47356106229142686
58.0,0.4709785169045557
58.050000000000004,0.47034883857806087
58.1,0.472163862914175
58.150000000000006,0.4746442292655859
58.2,0.475384595143744
58.25,0.47360963817479473
58.300000000000004,0.4708665522353109
58.35,0.4695816836935954
58.400000000000006,0.47085184013434656
58.45,0.4734149297342525
58.5,0.47479421577444836
58.550000000000004,0.4736211489890731
58.6,0.4708987809007911
58.650000000000006,0.4690420610173083
58.7,0.46967272031662805
58.75,0.47212932865030904
58.800000000000004,0.47404414704302117
58.85,0.4735500339515363
58.900000000000006,0.47102916203411194
58.95,0.4687229703315432
59.0,0.46866599652914853
59.050000000000004,0.4708357729763349
59.1,0.47314336204365603
59.150000000000006,0.4733580050861236
59.2,0.4712069859193352
59.25,0.46860421572143274
59.300000000000004,0.4678602970613135
59.35,0.4695853423664916
59.400000000000006,0.4721143510284403
59.45,0.47301690449956013
59.5,0.4713799882196107
59.550000000000004,0.4686539677647164
59.6,0.4672714798331493
59.650000000000006,0.46842761319579107
59.7,0.4709914700483938
59.75,0.47251104471062944
59.800000000000004,0.4714976405273857
59.85,0.46883088591301125
59.900000000000006,0.4669017987609934
59.95,0.4674066749894801
60.0,0.4698181128036173
60.050000000000004,0.47183869805730627
60.1,0.47151453342817173
60.150000000000006,0.4690866714644291
60.2,0.4667400360613103
60.25,0.4665578046600471
60.300000000000004,0.46864300644015683
60.35,0.4710124350320287
60.400000000000006,0.4713936707256979
60.45,0.46936899063375653
60.5,0.4667624295678898
60.550000000000004,0.465905048834878
60.6,0.4675160763778058
60.650000000000006,0.47005814406368185
60.7,0.47110938118540985
60.75,0.46962473287129625
60.800000000000004,0.4669342346109545
60.85,0.46545979143894617
60.900000000000006,0.46648436854532666
60.95,0.4690127676210248
61.0,0.47064948303758797
61.050000000000004,0.46980352788305346
61.1,0.467211818889684
61.150000000000006,0.4652202456189111
61.2,0.4655884535695938
61.25,0.46792100459568126
61.300000000000004,0.47001635223645516
61.35,0.4698613437260456
61.400000000000006,0.46754525181630047
61.45,0.46517174006790174
61.5,0.4648595958970982
61.550000000000004,0.46683139328318746
61.6,0.46922666355439613
61.650000000000006,0.469763866390308
61.7,0.4678813730266648
61.75,0.46528767432296775
61.800000000000004,0.46431780363091946
61.85,0.4657922565868917
61.900000000000006,0.468309771152538
61.95,0.46948927318122524
62.0,0.4681672822463978
62.050000000000004,0.465531071332664
62.1,0.4639707364509902
62.150000000000006,0.4648479487977884
62.2,0.46730491855424716
62.25,0.469030006753082
62.300000000000004,0.4683540884166549
62.35,0.465856716060588
62.400000000000006,0.4638133761636599
62.45,0.4640357160031222
62.5,0.4662576520109583
62.550000000000004,0.46839325573095225
62.6,0.46840062436903174
62.650000000000006,0.46621389231871896
62.7,0.46382836474281863
62.75,0.46338332045905867
62.800000000000004,0.4652159041330161
62.85,0.4676000357269525
62.900000000000006,0.46827672746504123
62.95,0.4665496885839663
63.0,0.46398696616831436
63.050000000000004,0.4629074393366339
63.1,0.4642261964202548
63.150000000000006,0.46668299198098545
63.2,0.467965657646331
63.25,0.4668127375472406
63.300000000000004,0.4642506695651531
63.35,0.46261277070462675
63.400000000000006,0.46333029841254614
63.45,0.46568324662119476
63.5,0.4674653002636683
63.550000000000004,0.46695711406378493
63.6,0.4645734778662179
63.650000000000006,0.462491775859107
63.7,0.46256252571827694
63.75,0.46464673255391126
63.800000000000004,0.4667879737390851
63.85,0.46694599303397905
63.900000000000006,0.46490488853057604
63.95,0.4625250377475033
64.0,0.46194771703240184
64.05,0.4636204643271358
64.10000000000001,0.4659588881401231
64.15,0.4667546152403649
64.2,0.4651934675109961
64.25,0.4626822796908722
64.3,0.46149984650930975
64.35000000000001,0.4626491049189811
64.4,0.4650135163004135
64.45,0.46637215874509963
64.5,0.46539077135317164
64.55,0.46292412161216456
64.60000000000001,0.46122121885526957
64.65,0.4617720404052974
64.7,0.4639942831043916
64.75,0.46580226565245203
64.8,0.4654552336313175
64.85000000000001,0.4632046200724135
64.9,0.46110224431988134
64.95,0.46102103052539667
65.0,0.4629470151391665
65.05,0.46506219235821494
65.10000000000001,0.465355554342354
65.15,0.46347453674423283
65.2,0.46112185980583376
65.25,0.46041841199523703
65.3,0.46191752445100964
65.35000000000001,0.4641807751386517
65.4,0.4650731523806038
65.45,0.46368513038772147
65.5,0.4612487039887093
65.55,0.45997581533692994
65.60000000000001,0.4609485650112674
65.65,0.46319556868658146
65.7,0.4646033686241843
65.75,0.46379211594189707
65.8,0.46144313315710805
65.85000000000001,0.45969340366785294
65.9,0.4600772566256086
65.95,0.462149580064433
66.0,0.4639553115234637
66.05,0.46375933451334167
66.10000000000001,0.46166006969046963
66.15,0.4595597155100357
66.2,0.45933297220782204
66.25,0.46108797776710386
66.3,0.4631504623287115
66.35000000000001,0.4635616713998613
66.4,0.46185252568591323
66.45,0.4595522453942055
66.5,0.45873565940552585
66.55,0.46005503622030886
66.60000000000001,0.4622203395195675
66.65,0.4631868591778473
66.7,0.4619754834508259
66.75,0.4596388869762515
66.8,0.4582946110446919
66.85000000000001,0.45909143540365593
66.9,0.46120361307152763
66.95,0.4626359879341757
67.0,0.46198969545843455
67.05,0.4597802785347925
67.10000000000001,0.458007775833763
67.15,0.4582319299574471
67.2,0.4601430433804099
67.25,0.46192276466778925
67.3,0.46186493307769244
67.35000000000001,0.4599329449180118
67.4,0.45786176271775475
67.45,0.45750336738500164
67.5,0.4590825195797081
67.55,0.46107175654927474
67.60000000000001,0.4615822848901437
67.65,0.46005296361788195
67.7,0.4578326969172291
67.75,0.45692307208845817
67.8,0.4580643384817785
67.85000000000001,0.46011596589185855
67.9,0.4611352673909244
67.95,0.46009974786832697
68.0,0.45788801329586326
68.05,0.45649769031351917
68.10000000000001,0.45712675599437647
68.15,0.45909409506379256
68.2,0.46052971943811266
68.25,0.46003948252881055
68.3,0.4579891337015505
68.35000000000001,0.4562226623915592
68.4,0.45630179855115965
68.45,0.4580477810593425
68.5,0.45978264783040723
68.55,0.4598477925308018
68.60000000000001,0.45809480657166146
68.65,0.45608250758000046
68.7,0.4556133512977888
68.75,0.4570189568335046
68.8,0.45892032096125457
68.85000000000001,0.4595113607751341
68.9,0.45816474049989936
68.95,0.45605204866655874
69.0,0.4550756172629021
69.05,0.45604738646196474
69.10000000000001,0.45797594118001406
69.15,0.4590284050002805
69.2,0.45816308605929534
69.25,0.45609857394470926
69.3,0.4546921208139713
69.35000000000001,0.45516836879573513
69.4,0.4569871699795352
69.45,0.458408116122779
69.5,0.45806133903252894
69.55,0.45618476703576266
69.60000000000001,0.4544554615477396
69.65,0.4544106250242358
69.7,0.455993671212856
69.75,0.4576693000770949
69.8,0.45784035063775813
69.85000000000001,0.45627208030378674
69.9,0.45434798186854514
69.95,0.4537944603316452
70.0,0.45503473034715075
70.05,0.4568385175743822
70.10000000000001,0.45749130440459856
70.15,0.4563241336785174
70.2,0.45434339332607077
70.25,0.453330374798621
70.3,0.4541469497508854
70.35000000000001,0.45594798000571213
70.4,0.4570157042759103
70.45,0.45630971770471596
70.5,0.45440924347660605
70.55,0.45301834451841944
70.60000000000001,0.4533620328149003
70.65,0.4550333657723042
70.7,0.45642456176461466
70.75,0.4562050691809538
70.8,0.45450994520888033
70.85000000000001,0.45284796651915304
70.9,0.4527047407228685
70.95,0.45413161975171534
71.0,0.45573703546355093
71.05,0.4559952427439984
71.10000000000001,0.45460998353255666
71.15,0.4527995555468029
71.2,0.45219119484090614
71.25,0.45327873779069866
71.3,0.454978756896123
71.35000000000001,0.4556745754453688
71.4,0.45467689350321716
71.45,0.45284612317233847
71.5,0.4518277552830507
71.55,0.45250754439816643
71.60000000000001,0.4541799970339191
71.65,0.4552463832237683
71.7,0.4546836725269345
71.75,0.45295600710377476
71.8,0.45161069414675825
71.85000000000001,0.45184553887765144
71.9,0.4533737334029888
71.95,0.4547221010031684
72.0,0.4546104274839158
72.05,0.45309580140599165
72.10000000000001,0.45152678977889
72.15,0.4513129773497747
72.2,0.4525936164211921
72.25,0.45412007108743874
72.3,0.4544452185222437
72.35000000000001,0.4532332019399899
72.4,0.4515548178454284
72.45,0.45092142635266963
72.5,0.45187183520906143
72.55,0.45346411667894787
72.60000000000001,0.4541841984094843
72.65,0.4533394342255665
72.7,0.4516677512226177
72.75,0.4506730265995583
72.8,0.451236946788068
72.85000000000001,0.45278195001570487
72.9,0.4538312216262669
72.95,0.45339105290834764
73.0,0.4518353552122866
73.05,0.4505606272076734
73.10000000000001,0.4507118273557928
73.15,0.4521034041959765
73.2,0.45339709754807556
73.25,0.45337105202674505
73.3,0.4520268155861575
73.35000000000001,0.45056880805985355
73.4,0.45031198247362675
73.45,0.45145847630813885
73.5,0.45289860232844775
73.55,0.45326935613285896
73.60000000000001,0.4522130762489584
73.65,0.45067564400940335
73.7,0.45004447057590735
73.75,0.4508752306789486
73.8,0.4523572820286256
73.85000000000001,0.4530828366654613
73.9,0.4523686732208826
73.95,0.4508549318157804
74.0,0.4499076302609033
74.05,0.45037770846654157
74.10000000000001,0.4517980199547758
74.15,0.45281500087037163
74.2,0.45247299263593155
74.25,0.45107854052257373
74.3,0.44989166792885665
74.35000000000001,0.4499840775718804
74.4,0.4512473374601036
74.45,0.4524754446086619
74.5,0.4525110057860243
74.55,0.45131857391409047
74.60000000000001,0.4499799988661598
74.65,0.44970528911924673
74.7,0.4507314570231982
74.75,0.45207908051232687
74.8,0.4524736061316837
74.85000000000001,0.4515491345746547
74.9,0.4501510950778394
74.95,0.44954445774132745
75.0,0.45027425678631
75.05,0.45164509267880143
75.10000000000001,0.45235767557908346
75.15,0.45174761425490584
75.2,0.45038052221200786
75.25,0.44949705876078666
75.3,0.4498953431647535
75.35000000000001,0.45119556281893564
75.4,0.4521659510330206
75.45,0.45189555736259496
75.5,0.4506428655498457
75.55,0.4495518730717965
75.60000000000001,0.4496085154379328
75.65,0.45075377088893726
75.7,0.451906680734893
75.75,0.45197921439629685
75.8,0.4509133391912845
75.85000000000001,0.44969246377403754
75.9,0.4494208630924169
75.95,0.450342276788353
76.0,0.4515929961451394
76.05,0.45198990245040177
76.10000000000001,0.4511690051982985
76.15,0.4498988863717826
76.2,0.44933262360772036
76.25,0.44998099701712707
76.3,0.45124191466799346
76.35000000000001,0.45192423017621564
76.4,0.45138965176857637
76.45,0.450149341530052
76.5,0.44933776830979666
76.55,0.44968555305589436
76.60000000000001,0.4508729444215281
76.65,0.45178415759586277
76.7,0.4515584499714821
76.75,0.45042156783361903
76.80000000000001,0.44942513029282016
76.85000000000001,0.4494661522025243
76.9,0.4505063687001583
76.95,0.45157679034264603
77.0,0.4516625072926577
77.05000000000001,0.45069390472042986
77.10000000000001,0.44957979390580716
77.15,0.44932716131940353
77.2,0.45016140497762597
77.25,0.4513137904408883
77.30000000000001,0.45169337142569654
77.35000000000001,0.45094608202483216
77.4,0.4497844607602224
77.45,0.44926737770233166
77.5,0.4498545123140393
77.55000000000001,0.45101033752730274
77.60000000000001,0.4516474421105869
77.65,0.45115986719687134
77.7,0.45002058954573015
77.75,0.4492808412990678
77.80000000000001,0.4495981234843982
77.85000000000001,0.45068368260666064
77.9,0.45152616708767684
77.95,0.45131970078130873
78.0,0.45026924116831196
78.05000000000001,0.44935792477973857
78.10000000000001,0.44939999281754833
78.15,0.45035146302598583
78.2,0.45133587011856885
78.25,0.45141338114867713
78.30000000000001,0.4505116942684947
78.35000000000001,0.44948641965684094
78.4,0.449263200519955
78.45,0.4500300427993117
78.5,0.4510871036871017
78.55000000000001,0.45143275333329175
78.60000000000001,0.4507299793659559
78.65,0.44965241107097703
78.7,0.449186689198678
78.75,0.44973316466343277
78.80000000000001,0.45079352674555984
78.85000000000001,0.45137426078371334
78.9,0.45090748418311116
78.95,0.4498408693836059
79.0,0.44916608684632053
79.05000000000001,0.44947113221683604
79.10000000000001,0.4504704425618827
79.15,0.45123917603352454
79.2,0.4510297106111343
79.25,0.45003602974251344
79.30000000000001,0.4491945362570101
79.35000000000001,0.4492505990993656
79.4,0.4501332433140162
79.45,0.4510333599625089
79.5,0.4510851470427906
79.55000000000001,0.4502217267766292
79.60000000000001,0.44926331446827233
79.65,0.4490748741857126
79.7,0.44979605107363535
79.75,0.45076650340577257
79.80000000000001,0.45106610708863376
79.85000000000001,0.45038186566812094
79.9,0.4493621607912121
79.95,0.4489445169645374
80.0,0.4494707963651631
80.05000000000001,0.4504509454086674
80.10000000000001,0.45096932440488324
80.15,0.45050114034024713
80.2,0.4494793850353444
80.25,0.4488579451479122
80.30000000000001,0.4491668460671985
80.35000000000001,0.45010028904273913
80.4,0.4507961116696386
80.45,0.450565984045689
80.5,0.44960193964710526
80.55000000000001,0.4488118259933029
80.60000000000001,0.44889112448717966
80.65,0.44972809975885913
80.7,0.45055198811269914
80.75,0.4505656075295102
80.80000000000001,0.44971566857099476
80.85000000000001,0.44880115395046805
80.9,0.4486485247801893
80.95,0.44934694422794774
81.0,0.45024582312583955
81.05000000000001,0.45049289713646484
81.10000000000001,0.4498058821128321
81.15,0.4488190789757194
81.2,0.44844233697330976
81.25,0.44896791335916053
81.30000000000001,0.4498886830902017
81.35000000000001,0.4503449438955787
81.4,0.4498582767423561
81.45,0.4488566798146225
81.5,0.44827445087303835
81.55000000000001,0.4486006088556936
81.60000000000001,0.44949265311578424
81.65,0.45012305864931185
81.7,0.4498600724255249
81.75,0.4489029252233317
81.80000000000001,0.4481452152577822
81.85000000000001,0.4482534167413672
81.9,0.44906990095662996
81.95,0.44983226991099146
82.0,0.4498011341108126
82.05000000000001,0.44894501555330724
82.10000000000001,0.4480530020869561
82.15,0.44793380189503723
82.2,0.4486321540578319
82.25,0.44948045073350473
82.30000000000001,0.44967481927007164
82.35000000000001,0.4489691673078792
82.4,0.4479936720196199
82.45,0.4476483698026189
82.5,0.44819060373773445
82.55000000000001,0.44907732439829917
82.60000000000001,0.4494783603919775
82.65,0.44896174385612053
82.7,0.4479602089538527
82.75,0.447402552506568
82.80000000000001,0.44775608874341205
82.85000000000001,0.44863361714410055
82.9,0.44921272677286617
82.95,0.4489105064979234
83.0,0.4479427594702242
83.05000000000001,0.44719994431611465
83.10000000000001,0.44733930417874995
83.15,0.4481605498614911
83.2,0.448882065703465
83.25,0.4488057093287121
83.30000000000001,0.4479291901724751
83.35000000000001,0.4470414757565258
83.4,0.44695077296316166
83.45,0.4476697146162262
83.5,0.4484929432036963
83.55000000000001,0.4486408069692778
83.60000000000001,0.4479061083429618
83.65,0.4469247096480457
83.7,0.4466004116447619
83.75,0.4471732181165423
83.80000000000001,0.44805364491809985
83.85000000000001,0.4484126686342067
83.9,0.44786014141226993
83.95,0.44684353471275307
84.0,0.44629668730212113
84.05000000000001,0.44668385390610427
84.10000000000001,0.44757374265152006
84.15,0.44812134950650095
84.2,0.4477791929259207
84.25,0.44678842268596075
84.30000000000001,0.44604553670446023
84.35000000000001,0.44621503551393815
84.4,0.4470639996563147
84.45,0.44776960370702684
84.5,0.447653413377274
84.55000000000001,0.44674724538945576
84.60000000000001,0.445849337419444
84.65,0.4457802987422767
84.7,0.44653652583252285
84.75,0.44736238397533107
84.80000000000001,0.44747573303573696
84.85000000000001,0.44670648133994295
84.9,0.445706238279794
84.95,0.4453923378646444
85.0,0.446004962999231
85.05000000000001,0.4469065392724187
85.10000000000001,0.4472419583993746
85.15,0.44665253733880894
85.2,0.4456100664645095
85.25,0.44506172164954194
85.30000000000001,0.4454844317354696
85.35000000000001,0.4464108047349661
85.4,0.44695057667690896
85.45,0.4465729040573106
85.5,0.4455508637592702
85.55000000000001,0.44479557404353887
85.60000000000001,0.44499102739254803
85.65,0.4458860214668401
85.7,0.4466024914389395
85.75,0.4464569536188188
85.80000000000001,0.44551592613164376
85.85000000000001,0.4445965490723089
85.9,0.44454079742011104
85.95,0.4453453855250866
86.0,0.44620089902944887
86.05000000000001,0.44629633415972125
86.10000000000001,0.44549109294085504
86.15,0.44446236296878483
86.2,0.4441483150627983
86.25,0.44480446020237296
86.30000000000001,0.44575141499289905
86.35000000000001,0.44608506437615475
86.4,0.44546199796638375
86.45,0.4443859931410734
86.5,0.4438251198100829
86.55000000000001,0.4442807222178772
86.60000000000001,0.4452624101552165
86.65,0.4458195247358308
86.7,0.4454150605606614
86.75,0.4443564699308098
86.80000000000001,0.44357836554340413
86.85000000000001,0.44379254253928446
86.9,0.4447453738938547
86.95,0.445498547236152
87.0,0.4453381305277853
87.05000000000001,0.44436003977034116
87.10000000000001,0.4434099768263122
87.15,0.44335768292313843
87.2,0.44421504314308485
87.25,0.4451237215697761
87.30000000000001,0.4452208494920983
87.35000000000001,0.44438141764520767
87.4,0.4433164770587325
87.45,0.44299155646452604
87.5,0.44368905390967806
87.55000000000001,0.44469989463025333
87.60000000000001,0.4450548967896886
87.65,0.44440488830668234
87.7,0.44328946975501204
87.75,0.44270559419726224
87.80000000000001,0.4431869867515553
87.85000000000001,0.4442356965607302
87.9,0.4448343098025651
87.95,0.4444151358188897
88.0,0.44331659257533745
88.05000000000001,0.4425060458573829
88.10000000000001,0.44272885228242975
88.15,0.4437438364850754
88.2,0.4445560000731899
88.25,0.4443978275596091
88.30000000000001,0.44338267913389184
88.35000000000001,0.44239342663589687
88.4,0.44233323756684617
88.45,0.4432409128827417
88.5,0.44422045468611354
88.55000000000001,0.4443400923056555
88.60000000000001,0.44347088036168175
88.65,0.44236264625941435
88.7,0.44201544771041507
88.75,0.4427465829218047
88.80000000000001,0.44383246849287944
88.85000000000001,0.44423106824856995
88.9,0.4435635997865307
88.95,0.4424036865039505
89.0,0.4417859885247344
89.05000000000001,0.4422821019802836
89.10000000000001,0.4434016536129572
89.15,0.44406264234428044
89.2,0.44364323775513337
89.25,0.44250258852418806
89.30000000000001,0.4416496423196329
89.35000000000001,0.44186842352959704
89.4,0.44294245993190795
89.45,0.44383037920793394
89.5,0.44369285835593003
89.55000000000001,0.44264250456203563
89.60000000000001,0.4416052248639167
89.65,0.4415241790600601
89.7,0.44247352515532085
89.75,0.44353449420598723
89.80000000000001,0.4436969409516007
89.85000000000001,0.4428046524922229
89.9,0.44164593815140324
89.95,0.44126389270177996
90.0,0.4420163313552948
90.05000000000001,0.443180618329135
90.10000000000001,0.4436423364253286
90.15,0.44296914402037757
90.2,0.441760113177722
90.25,0.44109671428564773
90.30000000000001,0.44159332564229964
90.35000000000001,0.4427800765456786
90.4,0.44351943286274675
90.45,0.44311577876723407
90.5,0.4419321087999909
90.55000000000001,0.44102580509663425
90.60000000000001,0.4412258050395949
90.65,0.44234947264622754
90.7,0.44332339185956315
90.75,0.4432249544940911
90.80000000000001,0.44214319806855634
90.85000000000001,0.4410483385136713
90.9,0.4409319215064903
90.95,0.4419095233615233
91.0,0.4430552019391091
91.05000000000001,0.4432788130857232
91.10000000000001,0.4423723960178005
91.15,0.44115594602144736
91.2,0.4407251143958914
91.25,0.44148326560040707
91.30000000000001,0.44272225707926394
91.35000000000001,0.4432626333300582
91.4,0.4425973051552311
91.45,0.4413353925536386
91.5,0.4406131443062229
91.55000000000001,0.4410939137471207
91.60000000000001,0.4423382268037601
91.65,0.4431663372124445
91.7,0.4427951212621262
91.75,0.44156931285790074
91.80000000000001,0.44059773492655097
91.85000000000001,0.44076271839790393
91.9,0.4419221256761775
91.95,0.442985853472411
92.0,0.44294392153236956
92.05000000000001,0.44183695298441655
92.10000000000001,0.4406746903356054
92.15,0.44050715030196347
92.2,0.4414966708952495
92.25,0.4427240308570307
92.30000000000001,0.4430242544412102
92.35000000000001,0.4421149830400033
92.4,0.4408342933565186
92.45,0.44033961663057225
92.5,0.4410861789855431
92.55000000000001,0.4423908389872804
92.60000000000001,0.44302090461942445
92.65,0.44237852123372334
92.7,0.44106182223925966
92.75,0.44026675625704137
92.80000000000001,0.44071434388249914
92.85000000000001,0.4420027278782126
92.9,0.44292457356577253
92.95,0.44260249826675696
93.0,0.4413381254717753
93.05000000000001,0.44028921712806346
93.10000000000001,0.44040223088598107
93.15,0.44158119755771946
93.2,0.4427331516711611
93.25,0.44276339400510334
93.30000000000001,0.4416403160556986
93.35000000000001,0.4404017442693302
93.4,0.44016672094649456
93.45,0.44115080008697144
93.5,0.4424522886447575
93.55000000000001,0.442841229683517
93.60000000000001,0.4419427279418591
93.65,0.44059342423053344
93.7,0.4400194874739803
93.75,0.4407369034247957
93.80000000000001,0.44209509370235156
93.85000000000001,0.44282155547592283
93.9,0.44221827630056376
93.95,0.4408480250202367
94.0,0.43996644187243117
94.05000000000001,0.44036355769557
94.10000000000001,0.4416809766233813
94.15,0.44269709189566026
94.2,0.44244027212311315
94.25,0.4411444918744619
94.30000000000001,0.4400074987615286
94.35000000000001,0.44005172084717736
94.4,0.4412338199409385
94.45,0.4424686993675737
94.5,0.4425845901948938
94.55000000000001,0.44145774863767806
94.60000000000001,0.44013651601859016
94.65,0.43981795729799444
94.7,0.4407797951864621
94.75,0.44214546424695106
94.80000000000001,0.44263193376113913
94.85000000000001,0.4417599646854238
94.9,0.4403413492381941
94.95,0.4396735761126032
95.0,0.44034516587587524
95.05000000000001,0.4417438679369632
95.10000000000001,0.4425698394647628
95.15,0.4420223635295745
95.2,0.4406040816568109
95.25,0.43962408063491387
95.30000000000001,0.43995435285029993
95.35000000000001,0.44128619301064403
95.4,0.4423940634250015
95.45,0.4422174958016563
95.5,0.440901589000891
95.55000000000001,0.43966879324609576
95.60000000000001,0.43962840368534506
95.65,0.44079845853631694
95.7,0.44210909045203517
95.75,0.4423217306736336
95.80000000000001,0.4412066220189655
95.85000000000001,0.4398005947271112
95.9,0.4393838606681064
95.95,0.44030822554360355
96.0,0.44172768373154364
96.05000000000001,0.44231759930969583
96.10000000000001,0.44148951554965976
96.15,0.4400058393038272
96.2,0.4392319186514107
96.25,0.4398425635210578
96.30000000000001,0.44126958713210795
96.35000000000001,0.44219559917808127
96.4,0.4417204796458557
96.45,0.44026461468730843
96.5,0.43917774352887323
96.55000000000001,0.4394263451948158
96.60000000000001,0.44075964643968957
96.65,0.4419551528016819
96.7,0.44187224726711977
96.75,0.4405515551153409
96.80000000000001,0.43921988866912337
96.85000000000001,0.43908089042874066
96.9,0.44022568428022163
96.95,0.44160458403460123
97.0,0.44192271016852686
97.05000000000001,0.4408373547687498
97.10000000000001,0.4393498677319251
97.15,0.4388228688287926
97.2,0.439696431540284
97.25,0.44116017597262086
97.30000000000001,0.4418571241765939
97.35000000000001,0.44109097922853774
97.4,0.43955206060665264
97.45,0.4386633375704955
97.5,0.4391997059201499
97.55000000000001,0.4406445445692126
97.60000000000001,0.44166952890994177
97.65,0.4412823813106921
97.7,0.4398041852384472
97.75,0.43860684718606396
97.80000000000001,0.4387608837879847
97.85000000000001,0.44008465112697953
97.9,0.44136318673114133
97.95,0.441385361960756
98.0,0.44007852461662417
98.05000000000001,0.4386506671615126
98.10000000000001,0.4384015928960846
98.15,0.4395097644410683
98.2,0.4409500503120765
98.25,0.44138013760799344
98.30000000000001,0.44034395674418186
98.35000000000001,0.43878431082564767
98.4,0.4381385076648638
98.45,0.438949584368316
98.5,0.44044945328531354
98.55000000000001,0.44125521344477864
98.60000000000001,0.4405686376388565
98.65,0.43898961356158495
98.7,0.4379821731733413
98.75,0.438432597605127
98.80000000000001,0.43988632890768314
98.85000000000001,0.4410083068937366
98.9,0.44072300030424266
98.95,0.43924159554960557
99.0,0.43793589894219276
99.05000000000001,0.43798461156775176
99.10000000000001,0.4392892705156224
99.15,0.4406462698116894
99.2,0.44078262261570245
99.25,0.43951021240240773
99.30000000000001,0.4379948987256918
99.35000000000001,0.4376273536483051
99.4,0.43868866379686006
99.45,0.4401841562932809
99.5,0.4407305246295305
99.55000000000001,0.43976289824532894
99.60000000000001,0.43814594548712543
99.65,0.4373770543968371
99.7,0.4381149853975346
99.75,0.4396437149435418
99.80000000000001,0.4405585797460045
99.85000000000001,0.43996760063978124
99.9,0.4383678111982996
99.95,0.43724304146137816
100.0,0.43759723270814554
100.05000000000001,0.43905161617645405
100.10000000000001,0.44026792290801636
100.15,0.44009586601453066
100.2,0.43863265210172286
100.25,0.4372265110086699
100.30000000000001,0.43716137880957606
100.35000000000001,0.4384376589052478
100.4,0.4398684472497157
100.45,0.4401255076498956
100.5,0.43890830664949604
100.55000000000001,0.4373197531914404
100.60000000000001,0.43682876375867324
100.65,0.4378330733474823
100.7,0.43937763337674435
100.75,0.44004248531369095
100.80000000000001,0.4391612555323495
100.85000000000001,0.4375061331323229
100.9,0.4366144326006712
100.95,0.4372689041385112
101.0,0.43881901114653754
101.05000000000001,0.439841812470292
101.10000000000001,0.43935982397832446
101.15,0.4377610430462912
101.2,0.43652557192456465
101.25,0.4367743758982199
101.30000000000001,0.4382205075026737
101.35000000000001,0.4395275204015076
101.4,0.43947714384785747
101.45,0.43805385973408406
101.5,0.4365603208004669
101.55000000000001,0.4363751462196206
101.60000000000001,0.4376128167732049
101.65,0.4391118799225457
101.7,0.4394934579008798
101.75,0.43835071806497355
101.80000000000001,0.43670728073356563
101.85000000000001,0.4360914392950781
101.9,0.4370277967185318
101.95,0.4386141614542935
102.0,0.4393975166689839
102.05000000000001,0.43861771789047604
102.10000000000001,0.43694598929048933
102.15,0.4359361931782935
102.2,0.436496801899663
102.25,0.4380591897940609
102.30000000000001,0.4391870308596182
102.35000000000001,0.43882408368876114
102.4,0.43724845864082895
102.45,0.43591348847492756
102.5,0.43604885470628674
102.55000000000001,0.4374758460053681
102.60000000000001,0.4388683284141235
102.65,0.43894482507557775
102.7,0.4375816582911769
102.75,0.43601759687921937
102.80000000000001,0.4357086305202661
102.85000000000001,0.43689553762667666
102.9,0.43845546901633403
102.95,0.4389625891030167
103.0,0.4379106105974174
103.05000000000001,0.4362329547119784
103.10000000000001,0.43549436897708244
103.15,0.43635055882012674
103.2,0.4379690677707863
103.25,0.4388685998445769
103.30000000000001,0.4382016370888975
103.35000000000001,0.4365352255490454
103.4,0.43541596532348814
103.45,0.43587223763376715
103.5,0.4374349916380322
103.55000000000001,0.43866277659445013
103.60000000000001,0.4384252849929214
103.65,0.43689340282234523
103.7,0.4354735852880067
103.75,0.4354888311086547
103.80000000000001,0.4368829655421183
103.85000000000001,0.4383532469912999
103.9,0.4385585754877553
103.95,0.43727268259019497
104.0,0.43565713940748807
104.05000000000001,0.4352232583033371
104.10000000000001,0.43634501957156613
104.15,0.4379554941435
104.2,0.4385864047602549
104.25,0.4376376789847913
104.30000000000001,0.43594683641337106
104.35000000000001,0.4350909075417399
104.4,0.4358536721871246
104.45,0.4374913066862011
104.5,0.438502128072097
104.55000000000001,0.43795550993573806
104.60000000000001,0.43631483662457543
104.65,0.4350978590127588
104.7,0.4354397953629555
104.75,0.43698758118076436
104.80000000000001,0.4383074994232073
104.85000000000001,0.4381983588657751
104.9,0.43672780317401644
104.95,0.4352398799913421
105.0,0.4351302297317594
105.05000000000001,0.43647491696625257
105.10000000000001,0.43801218528978636
105.15,0.4383452862819201
105.2,0.4371499709202025
105.25,0.4355024587466592
105.30000000000001,0.4349453659876366
105.35000000000001,0.4359858961636665
105.4,0.4376330201814639
105.45,0.438383260623247
105.5,0.43754627530784707
105.55000000000001,0.4358619629123332
105.60000000000001,0.4348970259907944
105.65,0.4355529804300202
105.7,0.4371930618756838
105.75,0.4383075324159919
105.80000000000001,0.437885126785597
105.85000000000001,0.4362877891913372
105.9,0.4349870140102806
105.95,0.4352060704319339
106.0,0.4367203931781789
106.05000000000001,0.43812154246745955
106.10000000000001,0.4381405585047175
106.15,0.43674518026876114
106.2,0.4352066413652281
106.25,0.4349699227867464
106.30000000000001,0.43624655996070766
106.35000000000001,0.4378365240351375
106.4,0.4382936602140978
106.45,0.43719828012403944
106.5,0.4355373675539786
106.55000000000001,0.43486174651409426
106.60000000000001,0.4358045624160489
106.65,0.4374708605737531
106.7,0.43833337220377944
106.75,0.4376130092481681
106.80000000000001,0.43595249113722656
106.85000000000001,0.43488935624024705
106.9,0.43542642284816946
106.95,0.4370491500492345
107.0,0.43825679700263254
107.05000000000001,0.4379594548957822
107.10000000000001,0.43641962639666276
107.15,0.4350502143692207
107.2,0.4351405019056341
107.25,0.4366008612372619
107.30000000000001,0.43806917487656416
107.35000000000001,0.4382136410255107
107.4,0.4369035764329588
107.45,0.4353315543737842
107.5,0.43496887123246775
107.55000000000001,0.4361584831618759
107.60000000000001,0.437783583612682
107.65,0.4383587036468999
107.7,0.43736919457194173
107.75,0.4357115794431867
107.80000000000001,0.4349251219571941
107.85000000000001,0.4357551670239619
107.9,0.43742031465102443
107.95,0.4383855936676895
108.0,0.4377839111338358
108.05000000000001,0.436161532557813
108.10000000000001,0.43501296361295644
108.15,0.43542200785637325
108.2,0.4370058048109101
108.25,0.43829343473106736
108.30000000000001,0.43811975302649686
108.35000000000001,0.4366482942925052
108.4,0.43522584711684775
108.45,0.43518525737852304
108.5,0.43657100727711695
108.55000000000001,0.4380895909814557
108.60000000000001,0.43835483947648035
108.65,0.4371371219385308
108.7,0.4355476603445229
108.75,0.4350638462081687
108.80000000000001,0.4361491750504437
108.85000000000001,0.4377893947575042
108.9,0.43847444107706607
108.95,0.4375942025519421
109.0,0.43595434919738907
109.05000000000001,0.4350675875571378
109.10000000000001,0.4357731767758077
109.15,0.4374154052192897
109.2,0.43847170867493074
109.25,0.4379888226367714
109.30000000000001,0.43641616804892946
109.35000000000001,0.43519633140349134
109.4,0.4354726169704765
109.45,0.43699606206680985
109.5,0.43834811820593667
109.55000000000001,0.43829510404481514
109.60000000000001,0.43690020217458914
109.65,0.4354401655761869
109.7,0.435271134456839
109.75,0.43656367858541256
109.80000000000001,0.4381135767601083
109.85000000000001,0.4384933624231957
109.9,0.43737284145068717
109.95,0.43578056857576036
110.0,0.43518426508906594
110.05000000000001,0.436151862996855
110.10000000000001,0.43778605072377175
110.15,0.43857117417476993
110.2,0.4378019953452083
110.25,0.4361922642330315
110.30000000000001,0.435218168741485
110.35000000000001,0.43579261676766323
110.4,0.43739055861313125
110.45,0.43852418788739783
110.5,0.43815897533546116
110.55000000000001,0.436645453026734
110.60000000000001,0.4353693597686024
110.65,0.4355134757364136
110.7,0.43695744076890325
110.75,0.4383566192560727
110.80000000000001,0.4384200771111469
110.85000000000001,0.43710811347820494
110.9,0.4356253926629233
110.95,0.43533509101355755
111.0,0.4365199595003788
111.05000000000001,0.43808127890666937
111.10000000000001,0.4385679313906097
111.15,0.43754816107798183
111.2,0.43596629588580127
111.25,0.4352695775934348
111.30000000000001,0.43611144988595163
111.35000000000001,0.43771895260089627
111.4,0.4385926503065135
111.45,0.4379353776736641
111.5,0.43636646070432683
111.55000000000001,0.4353198092108883
111.60000000000001,0.4357623744574339
111.65,0.4372970109126546
111.7,0.43849270239429816
111.75,0.4382431282468066
111.80000000000001,0.4367966961915622
111.85000000000001,0.43547965411514555
111.9,0.4354976860463543
111.95,0.436847261731434
112.0,0.43827535414485574
112.05000000000001,0.4384499227690782
112.10000000000001,0.4372262421378118
112.15,0.4357349838012489
112.2,0.4353348523114047
112.25,0.43640323117362
112.30000000000001,0.43795647378962144
112.35000000000001,0.43854084488093953
112.4,0.43762464828081654
112.45,0.4360651911907857
112.5,0.4352827578591516
112.55000000000001,0.43599720737455994
112.60000000000001,0.4375595369831924
112.65,0.43850877700400703
112.7,0.43796353004493915
112.75,0.4364449473776018
112.80000000000001,0.43534151925973696
112.85000000000001,0.4356574540534394
112.9,0.437113802729755
112.95,0.43835525027350053
113.0,0.4382182548900619
113.05000000000001,0.4368459962281152
113.10000000000001,0.4355030810731454
113.15,0.43540597023326283
113.2,0.4366518036618797
113.25,0.4380906919769183
113.30000000000001,0.43836958189997577
113.35000000000001,0.4372388965783608
113.4,0.43575235600628515
113.45,0.4352570482636358
113.5,0.43620645883010245
113.55000000000001,0.43773387165180655
113.60000000000001,0.43840518577353954
113.65,0.43759472283050094
113.7,0.4360686542004496
113.75,0.4352167053884463
113.80000000000001,0.4358082121349549
113.85000000000001,0.43731046512568805
113.9,0.4383208881702568
113.95,0.4378867821920642
114.0,0.4364272084322952
114.05000000000001,0.4352828916532976
114.10000000000001,0.43548259175475457
114.15,0.43685083218948806
114.2,0.4381213490801017
114.25,0.43809237958947067
114.30000000000001,0.43680070882845734
114.35000000000001,0.435446261463696
114.4,0.4352484776897597
114.45,0.4363872811394179
114.5,0.4378199815730297
114.55000000000001,0.4381945699784471
114.60000000000001,0.43716086328950937
114.65,0.4356912667248817
114.7,0.43511719293430673
114.75,0.43595121139100534
114.80000000000001,0.437437957595386
114.85000000000001,0.4381837220661868
114.9,0.43748005254891065
114.95,0.43599738346793726
115.0,0.43509235613756125
115.05000000000001,0.4355705427683851
115.10000000000001,0.43700234577285796
115.15,0.4380586315172498
115.2,0.4377331269127559
115.25,0.43634038871906894
115.30000000000001,0.4351703062648894
115.35000000000001,0.4352677512547605
115.4,0.43654361048512996
115.45,0.4378269123343386
115.5,0.4378993012236169
115.55000000000001,0.4366937108755403
115.60000000000001,0.43534086761847574
115.65,0.43505866747647814
115.7,0.43609284181024993
115.75,0.4375044820481446
115.80000000000001,0.4379639815820629
115.85000000000001,0.4370299373697085
115.9,0.43558826879143775
115.95,0.4349520125188722
116.0,0.4356791304011685
116.05000000000001,0.4371141221478958
116.10000000000001,0.43792025513740157
116.15,0.43732254908071516
116.2,0.43589213237164
116.25,0.4349495056512151
116.30000000000001,0.43532743557991077
116.35000000000001,0.4366832903862134
116.4,0.4377697428995252
116.45,0.43754786320206573
116.5,0.436228564356141
116.55000000000001,0.43504632156224615
116.60000000000001,0.435057143397807
116.65,0.43624152237089553
116.7,0.4375225814587244
116.75,0.4376870371881659
116.80000000000001,0.43657144306316553
116.85000000000001,0.4352317091279723
116.9,0.434881328143119
116.95,0.43581783223663045
117.0,0.4371964530629412
117.05000000000001,0.4377278681866248
117.10000000000001,0.4368940035913482
117.15,0.4354896842574187
117.2,0.4348065783919181
117.25,0.43543848275712244
117.30000000000001,0.4368147807365689
117.35000000000001,0.43766606778591327
117.4,0.4371707317942895
117.45,0.4357998276617566
117.5,0.43483317506491964
117.55000000000001,0.4351253601396651
117.60000000000001,0.4364043830647134
117.65,0.4375057336159899
117.7,0.4373794490811473
117.75,0.43613830151429883
117.80000000000001,0.4349554299177259
117.85000000000001,0.4348950075953109
117.9,0.4359929830045871
117.95,0.4372588757968896
118.0,0.4375033365817774
118.05000000000001,0.43647920891126507
118.10000000000001,0.43516208840890136
118.15,0.4347582086125996
118.2,0.43560695446325726
118.25,0.43694404998638103
118.30000000000001,0.4375325691947248
118.35000000000001,0.43679634722427296
118.4,0.43543682441961545
118.45,0.43471991965796475
118.5,0.43526957611114053
118.55000000000001,0.4365843392214902
118.60000000000001,0.43746524518804086
118.65,0.43706527372246173
118.7,0.4357589507062889
118.75,0.4347793568058184
118.80000000000001,0.434999887498168
118.85000000000001,0.43620505178547336
118.9,0.437307411821362
118.95,0.437265457241235
119.0,0.4361044951481392
119.05000000000001,0.43493012827509575
119.10000000000001,0.4348120715601508
119.15,0.4358315215844873
119.2,0.43707217192736375
119.25,0.4373821892503771
119.30000000000001,0.43644773303622075
119.35000000000001,0.43516043144341526
119.4,0.43471517912129065
119.45,0.43548730800536367
119.5,0.4367780536930834
119.55000000000001,0.4374079151564967
119.60000000000001,0.4367631370065082
119.65,0.4354534422614475
119.7,0.434712997508288
119.75,0.4351929295465907
119.80000000000001,0.4364469724957938
119.85000000000001,0.43734273615136504
119.9,0.4370275535596396
119.95,0.43578806907487355
120.0,0.4348039414574476
120.05000000000001,0.43496509086758667
120.10000000000001,0.4361021622735683
120.15,0.43719400146063736
120.2,0.4372222947533613
120.25,0.43614019931782944
120.30000000000001,0.43498097113918377
120.35000000000001,0.4348162388541112
120.4,0.4357663918577804
120.45,0.43697510882413265
120.5,0.4373347936897959
120.55000000000001,0.436484447260177
120.60000000000001,0.4352316628488128
120.65,0.4347542504561817
120.7,0.43546063556908926
120.75,0.4367037941013794
120.80000000000001,0.43735953429774443
120.85000000000001,0.4367962546453856
120.9,0.4355386203395681
120.95,0.4347821166572035
121.0,0.4352031939027638
121.05000000000001,0.4364002666185896
121.10000000000001,0.43729811566408067
121.15,0.4370540594038468
121.2,0.4358803899874403
121.25,0.4348976101487365
121.30000000000001,0.435009123604657
121.35000000000001,0.4360855134167612
121.4,0.4371585035616092
121.45,0.4372411819617999
121.5,0.4362329349276809
121.55000000000001,0.43509305381131935
121.60000000000001,0.43488978440786036
121.65,0.43577996998683377
121.7,0.4369536953585566
121.75,0.4373471121570037
121.80000000000001,0.4365715678395441
121.85000000000001,0.43535538719831746
121.9,0.4348523546141636
121.95,0.4355025878101111
122.0,0.43670012330784225
122.05000000000001,0.4373680062679588
122.10000000000001,0.43687309340568675
122.15,0.43566672353763414
122.2,0.43489928396358674
122.25,0.4352701841035713
122.30000000000001,0.43641611566208804
122.35000000000001,0.4373063848055531
122.4,0.43711782317073644
122.45,0.4360054971007496
122.5,0.43502778740873244
122.55000000000001,0.43509688952240666
122.60000000000001,0.43612063268939183
122.65,0.43717019941227575
122.7,0.43729113142465187
122.75,0.43634815045843267
122.80000000000001,0.4352295795373882
122.85000000000001,0.4349935366164348
122.9,0.4358323381695375
122.95,0.43697155389568987
123.0,0.4373843221267472
123.05000000000001,0.43667115495893927
123.10000000000001,0.4354910650640028
123.15,0.43496693809847353
123.2,0.4355689182674972
123.25,0.43672538422988516
123.30000000000001,0.4373947424014583
123.35000000000001,0.4369530506952393
123.4,0.43579412574933735
123.45,0.4350191414580716
123.5,0.4353464752034856
123.55000000000001,0.4364483239993969
123.60000000000001,0.4373252539961131
123.65,0.43717617273380627
123.7,0.4361175024258979
123.75,0.4351468562174124
123.80000000000001,0.4351788323497096
123.85000000000001,0.43615783965503396
123.9,0.4371833028277513
123.95,0.4373278065300409
124.0,0.4364386113061043
124.05000000000001,0.43534128560411484
124.10000000000001,0.4350766814666019
124.15,0.4358715719405483
124.2,0.43697986784669307
124.25,0.4374006626212301
124.30000000000001,0.436735512002581
124.35000000000001,0.43558853814109555
124.4,0.43504663939739635
124.45,0.43560672418534263
124.5,0.436728514950608
124.55000000000001,0.43739272982164973
124.60000000000001,0.43698870292141234
124.65,0.43587066429782273
124.7,0.4350904022262311
124.75,0.43537933079747076
124.80000000000001,0.43644465600528487
124.85000000000001,0.43730670120610393
124.9,0.4371824719704289
124.95,0.4361672040916959
125.0,0.43520423892668336
125.05000000000001,0.43520332005307416
125.10000000000001,0.43614496946202497
125.15,0.4371492245836795
125.2,0.43730565837809204
125.25,0.436456998880162
125.30000000000001,0.43537902944358736
125.35000000000001,0.43508941835035503
125.4,0.4358468359869235
125.45,0.43693019375344644
125.5,0.43735184064487975
125.55000000000001,0.43671996002659874
125.60000000000001,0.4356009349543432
125.65,0.43504407210194757
125.7,0.43556762086740647
125.75,0.4366621876006317
125.80000000000001,0.4373191020810265
125.85000000000001,0.43693851787434046
125.9,0.43585263173794603
125.95,0.4350686342709904
126.0,0.4353237023302832
126.05000000000001,0.4363600275831383
126.10000000000001,0.43720959405358023
126.15,0.43709858366556176
126.2,0.4361148996965709
126.25,0.4351590445536723
126.30000000000001,0.4351292726219098
126.35000000000001,0.4360403169735743
126.4,0.4370290977967511
126.45,0.43719000496648674
126.5,0.4363682804086903
126.55000000000001,0.43530612929720597
126.60000000000001,0.43499507363714524
126.65,0.43572079194674784
126.7,0.4367866911328486
126.75,0.4372066296537782
126.80000000000001,0.4365945315675329
126.85000000000001,0.43549649580505434
126.9,0.43492731487411235
126.95,0.43541936953114396
127.0,0.436494497777949
127.05000000000001,0.4371461688885015
127.10000000000001,0.436777696971961
127.15,0.4357138498762572
127.2,0.43492702204113287
127.25,0.4351528988482412
127.30000000000001,0.4361673880302219
127.35000000000001,0.4370100421503498
127.4,0.4369047481528124
127.45,0.43594047609201875
127.5,0.4349899767417372
127.55000000000001,0.4349357610943413
127.60000000000001,0.4358224571390777
127.65,0.43680330464140715
127.7,0.43696588478046666
127.75,0.4361586161193699
127.80000000000001,0.43510726248101583
127.85000000000001,0.43477856340156235
127.9,0.43547815158947656
127.95,0.4365346354789252
128.0,0.4369546600296802
128.05,0.43635155793537594
128.1,0.43526628254778144
128.15,0.4346871903039391
128.20000000000002,0.4351530285434343
128.25,0.4362162554769458
128.3,0.43686809774747115
128.35,0.436504376239333
128.4,0.4354520144078142
128.45000000000002,0.4346624041570304
128.5,0.43486427565351327
128.55,0.43586359326579
128.6,0.4367068937243613
128.65,0.43660439227067077
128.70000000000002,0.4356482464451116
128.75,0.4347000480728202
128.8,0.4346262306421713
128.85,0.4354945527317822
128.9,0.4364756760381485
128.95000000000002,0.43664150270075375
129.0,0.4358386079509715
129.05,0.4347917523451217
129.1,0.4344491764487548
129.15,0.43512834381980137
129.20000000000002,0.4361831881219083
129.25,0.4366085333297398
129.3,0.43600732301285494
129.35,0.4349259336010617
129.4,0.43433863151397506
129.45000000000002,0.43478398308109567
129.5,0.43584220118193845
129.55,0.43650170383768694
129.6,0.4361397454291587
129.65,0.43508884320792046
129.70000000000002,0.4342952254540126
129.75,0.43447869434902053
129.8,0.435468987720561
129.85,0.4363211739753532
129.9,0.43622281623442055
129.95000000000002,0.4352654751407594
130.0,0.434315095848259
130.05,0.43422649413456127
130.1,0.43508229140514004
130.15,0.43607152657374837
130.20000000000002,0.43624559607305136
130.25,0.43544025752315973
130.3,0.43439061933572365
130.35,0.4340372072887526
130.4,0.4347018749904688
130.45000000000002,0.43576197750623635
130.5,0.4361999581544082
130.55,0.4355975792925836
130.6,0.4345112434835686
130.65,0.43391603901997683
130.70000000000002,0.43434686361397623
130.75,0.4354061184846287
130.8,0.4360814102761067
130.85,0.435722292880587
130.9,0.43466422793373294
130.95000000000002,0.4338636739147563
131.0,0.4340341730201517
131.05,0.4350210961068643
131.1,0.43588989291398494
131.15,0.43580035026026126
131.20000000000002,0.43483521278820925
131.25,0.43387673938364796
131.3,0.4337772918926751
131.35,0.43462627892714306
131.4,0.43563032443883815
131.45000000000002,0.43581966567951796
131.5,0.4350086621698435
131.55,0.4339484090980936
131.6,0.43358557977438184
131.65,0.43424161130572736
131.70000000000002,0.4353126691821454
131.75,0.4357711780879242
131.8,0.43516832832465524
131.85,0.4340689513110181
131.9,0.433464087312453
131.95000000000002,0.4338859437641954
132.0,0.43495139429471896
132.05,0.4356499553862315
132.1,0.43529790632319393
132.15,0.43422613131328114
132.20000000000002,0.4334137619750819
132.25,0.4335756293845414
132.3,0.43456433070496703
132.35,0.4354560930250667
132.4,0.435381989733636
132.45000000000002,0.43440551148680034
132.5,0.4334318241379007
132.55,0.4333235825578185
132.6,0.4341711112873646
132.65,0.43519514979534835
132.70000000000002,0.43540731386937154
132.75,0.43459080051283533
132.8,0.43351211289845887
132.85,0.4331388446576573
132.9,0.43379146973584126
132.95000000000002,0.4348779442394026
133.0,0.4353641311957609
133.05,0.43476444003700554
133.1,0.4336452984731731
133.15,0.433026548357641
133.20000000000002,0.43344370538577903
133.25,0.4345196832647994
133.3,0.43524745702833645
133.35,0.43490856489832763
133.4,0.4338189962799393
133.45000000000002,0.43298807665716343
133.5,0.43314354351741613
133.55,0.4341385621937922
133.6,0.4350578958948168
133.65,0.4350063477911763
133.70000000000002,0.43401793872505096
133.75,0.4330212096531616
133.8,0.43290347527213174
133.85,0.43375410514375656
133.9,0.4348018259659701
133.95000000000002,0.43504358563880197
134.0,0.43422441344645624
134.05,0.4331201397127375
134.1,0.4327325012495147
134.15,0.43338556020748015
134.20000000000002,0.4344908628160475
134.25,0.435010259366482
134.3,0.4344191364130807
134.35,0.4332753761675982
134.4,0.43263608968202705
134.45000000000002,0.43305060888603286
134.5,0.4341406988772081
134.55,0.4349017491204108
134.6,0.43458260540959043
134.65,0.4334736951280724
134.70000000000002,0.432616136983398
134.75,0.43276451416760775
134.8,0.4337695630754286
134.85,0.43471943578057576
134.9,0.43469681592195164
134.95000000000002,0.43369836195452727
135.0,0.43267079239641265
135.05,0.4325396677216016
135.1,0.43339661571623994
135.15,0.4344705547752109
135.20000000000002,0.43474707578726235
135.25,0.4339298305367169
135.3,0.4327941478035825
135.35,0.43238536708997116
135.4,0.43304056239640737
135.45000000000002,0.43416734721622874
135.5,0.43472358032866865
135.55,0.43414700797266575
135.6,0.4329759407222402
135.65,0.43230760867143725
135.70000000000002,0.43271865051209585
135.75,0.433825717788816
135.8,0.43462243561076985
135.85,0.43432900364097793
135.9,0.4332015116182146
135.95000000000002,0.4323087386461753
136.0,0.4324460485234312
136.05,0.4334637045443334
136.1,0.4344459384311538
136.15,0.4344571168544722
136.20000000000002,0.43345225487679917
136.25,0.43238693757906727
136.3,0.43223546467994756
136.35,0.43310006067210827
136.4,0.43420209995073666
136.45000000000002,0.43451671599887476
136.5,0.43370670053318
136.55,0.43253567095817896
136.6,0.4320967944311521
136.65,0.43275314734516795
136.70000000000002,0.43390357709272354
136.75,0.43449866078067234
136.8,0.43394219330670786
136.85,0.43274335244270484
136.9,0.4320366207927501
136.95000000000002,0.4324401790302178
137.0,0.43356629514138856
137.05,0.4344000206663432
137.1,0.43413695487467546
137.15,0.43299348984798613
137.20000000000002,0.43205751489285843
137.25,0.4321767093199198
137.3,0.4332080677062854
137.35,0.4342240141158204
137.4,0.4342721871995904
137.45000000000002,0.4332655009403405
137.5,0.43215724534531647
137.55,0.4319761566954472
137.6,0.43284744215126564
137.65,0.43397927885447357
137.70000000000002,0.4343338435032001
137.75,0.4335362210101965
137.8,0.43232813918818863
137.85,0.4318491809898144
137.9,0.4325028520464282
137.95000000000002,0.43367872317600237
138.0,0.4343137702215731
138.05,0.4337819326462464
138.1,0.4325568873552077
138.15,0.43180282857925645
138.20000000000002,0.43219200012853287
138.25,0.43333825862859854
138.3,0.43421008201141537
138.35,0.43398059532622335
138.4,0.4328250289285251
138.45000000000002,0.43183952523964675
138.5,0.4319312883714064
138.55,0.43297566209201443
138.6,0.43402682001885856
138.65,0.43411389000710066
138.70000000000002,0.43311019570693754
138.75,0.4319561454343007
138.8,0.43173509882616623
138.85,0.4326096847378728
138.9,0.43377309979844125
138.95000000000002,0.4341687419216667
139.0,0.4333880023173101
139.05,0.4321434637906148
139.1,0.43161481639679183
139.15,0.4322593684241718
139.20000000000002,0.4334620310072501
139.25,0.4341381249192331
139.3,0.43363429364310263
139.35,0.4323862637084657
139.4,0.43157763910813873
139.45000000000002,0.43194340931083014
139.5,0.43310966574227117
139.55,0.434021135108424
139.6,0.43382736844908837
139.65,0.4326642439962716
139.70000000000002,0.4316253819466915
139.75,0.43167937264850126
139.8,0.4327341216684738
139.85,0.4338224888167354
139.9,0.43394981479934375
139.95000000000002,0.4329536704792243
140.0,0.43175358168821165
140.05,0.43148262788766334
140.1,0.4323548759569095
140.15,0.43355169751970435
140.20000000000002,0.43398970967241246
140.25,0.43322953093453276
140.3,0.4319512088656954
140.35,0.431365015814174
140.4,0.4319920968910526
140.45000000000002,0.43322217343403696
140.5,0.4339411095930135
140.55,0.4334678309816995
140.6,0.43220118291603216
140.65,0.43133342451878254
140.70000000000002,0.43166582440404666
140.75,0.43285043098308756
140.8,0.433803931700898
140.85,0.4336476533451125
140.9,0.4324817019070011
140.95000000000002,0.4313885726712485
141.0,0.43139485317843473
141.05,0.4324554106905013
141.1,0.43358343948383826
141.15,0.43375269274276057
141.20000000000002,0.4327682011948249
141.25,0.43152432627712217
141.3,0.43119529865422535
141.35,0.4320578202226084
141.4,0.43328957228964865
141.45000000000002,0.43377213788163466
141.5,0.4330356110774824
141.55,0.43172779238976794
141.6,0.43107898992538324
141.65,0.43167931648802116
141.70000000000002,0.4329362919696371
141.75,0.43370094390078656
141.8,0.43326053748613164
141.85,0.43198026428279673
141.9,0.43105197012379665
141.95000000000002,0.4313413738012808
142.0,0.4325409960920932
142.05,0.43353966558976437
142.1,0.43342305072572435
142.15,0.4322588939661046
142.20000000000002,0.43111343909937594
142.25,0.43106379177153054
142.3,0.43212391770543324
142.35,0.4332940664470699
142.4,0.43350790716738824
142.45000000000002,0.43253880578661835
142.5,0.4312554191954698
142.55,0.43086295365900884
142.6,0.4317073507496465
142.65,0.43297467440643056
142.70000000000002,0.4335051945752666
142.75,0.4327952906639762
142.8,0.4314632766630673
142.85,0.430750091672646
142.9,0.43131454329291014
142.95000000000002,0.43259634718395173
143.0,0.4334105256819586
143.05,0.4330057524414918
143.1,0.43171703770345066
143.15,0.43072989231055137
143.20000000000002,0.430968191240962
143.25,0.4321777869286338
143.3,0.4332249648737844
143.35,0.43315119554499765
143.4,0.43199326431095364
143.45000000000002,0.43079974885102335
143.5,0.4306886122511107
143.55,0.4317408576818654
143.6,0.43295484717517796
143.65,0.43321719873264664
143.70000000000002,0.43226715701522384
143.75,0.43094984360308786
143.8,0.4304918289706812
143.85,0.43130954845786534
143.9,0.43261155655022937
143.95000000000002,0.4331944556390497
144.0,0.4325145555717756
144.05,0.4311640598257827
144.1,0.4303878848216682
144.15,0.43090849878474946
144.20000000000002,0.4322112152870133
144.25,0.4330790343084149
144.3,0.4327136030964423
144.35,0.4314215440652527
144.4,0.4303797151636724
144.45000000000002,0.4305611391514709
144.5,0.43177414860702196
144.55,0.43287249711926623
144.6,0.43284598130181573
144.65,0.43169862258509006
144.70000000000002,0.43046279690790745
144.75,0.43028764771964145
144.8,0.43132396825448716
144.85,0.4325819440807397
144.9,0.4328977587571454
144.95000000000002,0.43197075423905146
145.0,0.43062563217642635
145.05,0.4301030312008229
145.1,0.430886179536013
145.15,0.43221993524704316
145.20000000000002,0.4328599726791257
145.25,0.4322142732868466
145.3,0.4308509427905377
145.35,0.4300156593999369
145.4,0.43048634080434184
145.45000000000002,0.43180416105120134
145.5,0.43272906540884615
145.55,0.43240780263808853
145.6,0.4311173217168877
145.65,0.430026507205743
145.70000000000002,0.43014795041462073
145.75,0.43135670257398107
145.8,0.4325072290065025
145.85,0.432533347833615
145.9,0.4314010444264981
145.95000000000002,0.43012920795099147
146.0,0.4298903510665944
146.05,0.4309027745339483
146.1,0.43220261082279815
146.15,0.43257716470546087
146.20000000000002,0.43167779213948654
146.25,0.43031084838112094
146.3,0.42972698087337424
146.35,0.43046895905359894
146.4,0.4318292466013006
146.45000000000002,0.43253050258360787
146.5,0.43192415031402714
146.55,0.4305532963454085
146.6,0.4296642469207165
146.65,0.4300810810165525
146.70000000000002,0.4314065565904523
146.75,0.4323902649988453
146.8,0.43211886916527814
146.85,0.430834791287485
146.9,0.4297011653822079
146.95000000000002,0.4297619961594839
147.0,0.43095828341775744
147.05,0.432159533351225
147.1,0.43224395781059355
147.15,0.4311315565557342
147.20000000000002,0.42982974706440935
147.25,0.4295296169202991
147.3,0.4305108591909595
147.35,0.4318478119481861
147.4,0.4322856985867507
147.45000000000002,0.4314192886886864
147.5,0.4300359640997802
147.55,0.4293954665751183
147.6,0.43009132959606455
147.65,0.431470817442618
147.70000000000002,0.43223561355445306
147.75,0.43167449517598905
147.8,0.4303010585646159
147.85,0.4293639383452099
147.9,0.4297250875990658
147.95000000000002,0.43104967283465573
148.0,0.43209132008499584
148.05,0.4318757379569413
148.1,0.4306029653431968
148.15,0.42943228088796176
148.20000000000002,0.42943373518485933
148.25,0.43060947057789556
148.3,0.43185712231510415
148.35,0.43200485996251015
148.4,0.4309177033231088
148.45000000000002,0.4295911878710504
148.5,0.4292333734906453
148.55,0.4301773087655558
148.6,0.43154414358134713
148.65,0.4320482212116166
148.70000000000002,0.43122069848189953
148.75,0.4298257840864512
148.8,0.4291335241519613
148.85,0.4297800343346783
148.9,0.43116983598880193
148.95000000000002,0.4319978752893979
149.0,0.43148808879843564
149.05,0.4301167973808693
149.1,0.4291367398962883
149.15,0.429442003854999
149.20000000000002,0.43075680383496895
149.25,0.43185252093648235
149.3,0.43169808580235847
149.35,0.4304417745583555
149.4,0.4292388200229471
149.45000000000002,0.4291831690178272
149.5,0.4303310181994109
149.55,0.43161801290336166
149.6,0.43183242042207887
149.65,0.4307763024937666
149.70000000000002,0.429429453814943
149.75,0.4290177110107819
149.8,0.4299196361393228
149.85,0.43130723890427547
149.9,0.43187780332682957
149.95000000000002,0.43109528314865386
150.0,0.42969309945201617
150.05,0.4289533132852492
150.1,0.42954872584053727
150.15,0.4309392657225656
150.20000000000002,0.4318272257315036
150.25,0.43137434138546793
150.3,0.43000996353974924
150.35,0.42899102207089884
150.4,0.42924120957152234
150.45000000000002,0.43053779981100687
150.5,0.43168086384903914
150.55,0.43159140179116057
150.6,0.43035704385271567
150.65,0.42912554583821017
150.70000000000002,0.4290152668408148
150.75,0.43012915151375525
150.8,0.43144636127497055
150.85,0.43172837174250184
150.9,0.43070928707906625
150.95000000000002,0.4293458189881926
151.0,0.428883314880083
151.05,0.4297399924241904
151.1,0.4311383529156274
151.15,0.43177275445989877
151.20000000000002,0.4310409501408273
151.25,0.4296357027524842
151.3,0.4288515458991764
151.35,0.4293952204418498
151.4,0.4307772372738778
151.45000000000002,0.4317189378965081
151.5,0.4313272168948273
151.55,0.4299747888268933
151.6,0.42891989762097993
151.65,0.4291161909698272
151.70000000000002,0.43038735596386013
151.75,0.4315689010258669
151.8,0.4315460231191067
151.85,0.43033936293221875
151.9,0.4290822983796426
151.95000000000002,0.4289194565305691
152.0,0.4299948535665381
152.05,0.4313321576706059
152.1,0.431679920231266
152.15,0.43070363027143355
152.20000000000002,0.4293270667712214
152.25,0.4288160216320684
152.3,0.42962553212738064
152.35,0.4310248994699418
152.4,0.4317177134431
152.45000000000002,0.4310412762892914
152.5,0.42963743412622873
152.55,0.4288110123920425
152.6,0.42930297271473317
152.65,0.4306684593356453
152.70000000000002,0.4316555865448597
152.75,0.43132733953139835
152.8,0.4299922525480712
152.85,0.42890361616597966
152.9,0.4290470897681866
152.95000000000002,0.43028734547640674
153.0,0.43149748904901375
153.05,0.4315402439092817
153.1,0.4303670053697976
153.15,0.4290871762369432
153.20000000000002,0.4288731510071977
153.25,0.4299071553004237
153.3,0.43125469667346933
153.35,0.431663725890353
153.4,0.4307352189735565
153.45000000000002,0.4293494108332308
153.5,0.42879118381336023
153.55,0.42955265268372106
153.60000000000002,0.4309446214097353
153.65,0.4316883465161835
153.70000000000002,0.4310702838746576
153.75,0.42967282326790945
153.8,0.42880563585746784
153.85000000000002,0.42924619619418003
153.9,0.4305890903570094
153.95000000000002,0.4316123220817839
154.0,0.4313475590618129
154.05,0.43003543394778004
154.10000000000002,0.4289151778761178
154.15,0.42900657621811866
154.20000000000002,0.43021239065000616
154.25,0.4314415314169707
154.3,0.4315465065422439
154.35000000000002,0.4304119602708528
154.4,0.42911261621825214
154.45000000000002,0.4288482028283035
154.5,0.42983937076136236
154.55,0.431188724114546
154.60000000000002,0.4316525339163934
154.65,0.4307754883831411
154.70000000000002,0.4293849829196458
154.75,0.4287805237781739
154.8,0.42949380512618385
154.85000000000002,0.43087210973485124
154.9,0.4316582432615211
154.95000000000002,0.43109954636980974
155.0,0.42971394528872897
155.05,0.42880756215653576
155.10000000000002,0.42919710459042193
155.15,0.4305136049656285
155.20000000000002,0.43156389225539066
155.25,0.43136034884710156
155.3,0.430076686718674
155.35000000000002,0.4289275365938597
155.4,0.42896733556287175
155.45000000000002,0.43013702929214703
155.5,0.4313770357860316
155.55,0.4315388910953764
155.60000000000002,0.43044734115821803
155.65,0.42913262898578003
155.70000000000002,0.42881843904654915
155.75,0.4297664719259319
155.8,0.43111148095495355
155.85000000000002,0.4316225651744382
155.9,0.43079893305911227
155.95000000000002,0.42940904861734347
156.0,0.4287595401348423
156.05,0.4294249353055747
156.10000000000002,0.4307858036386992
156.15,0.43160605686749964
156.20000000000002,0.43110562648356165
156.25,0.4297375666571746
156.3,0.42879430409598235
156.35000000000002,0.4291332394417287
156.4,0.43042170896714865
156.45000000000002,0.4314914347387804
156.5,0.4313449748585231
156.55,0.4300946411828038
156.60000000000002,0.4289203972155572
156.65,0.42890909093602925
156.70000000000002,0.4300424688736902
156.75,0.43128751128121773
156.8,0.4314998302269062
156.85000000000002,0.4304541306549991
156.9,0.4291292030332532
156.95000000000002,0.42876620858919773
157.0,0.42967156197815287
157.05,0.43100868695108124
157.10000000000002,0.43155963230671235
157.15,0.4307894417851889
157.20000000000002,0.429405985018353
157.25,0.42871345410118167
157.3,0.4293315208291211
157.35000000000002,0.4306735426985273
157.4,0.4315209346661966
157.45000000000002,0.43107582912994646
157.5,0.4297306502082722
157.55,0.42875401596730406
157.60000000000002,0.429042904006093
157.65,0.4303034169870504
157.70000000000002,0.4313871923611751
157.75,0.43129250511666045
157.8,0.43007915834004884
157.85000000000002,0.4288847938616688
157.9,0.42882328732731745
157.95000000000002,0.429921108113896
158.0,0.43116797741718027
158.05,0.431424253718209
158.10000000000002,0.43042547050978996
158.15,0.4290961854183496
158.20000000000002,0.42868621525034206
158.25,0.42954972574211
158.3,0.43087786265583045
158.35000000000002,0.43146235794465104
158.4,0.4307437909039592
158.45000000000002,0.42937245884066183
158.5,0.42864014853823396
158.55,0.42921162291756737
158.60000000000002,0.43053520426594466
158.65,0.4314048105987457
158.70000000000002,0.4310107736932408
158.75,0.4296928000250977
158.8,0.4286875477858457
158.85000000000002,0.4289273064605803
158.9,0.43016097358795874
158.95000000000002,0.4312559263052498
159.0,0.4312073743909632
159.05,0.43003297862244366
159.10000000000002,0.42882429945963424
159.15,0.4287142601404788
159.20000000000002,0.429777677162971
159.25,0.4310255626054992
159.3,0.43132011852296503
159.35000000000002,0.4303674303938613
159.4,0.42903969000573783
159.45000000000002,0.4285857042348107
159.5,0.42940830910753813
159.55,0.4307281670305662
159.60000000000002,0.43134170707258435
159.65,0.4306714533479777
159.70000000000002,0.4293170559431475
159.75,0.4285494203182828
159.8,0.42907523786344526
159.85000000000002,0.4303818029150823
159.9,0.43127102721433797
159.95000000000002,0.43092319660768963
160.0,0.42963510361335416
160.05,0.4286068472746981
160.10000000000002,0.4287989560244843
160.15,0.4300072033208485
160.20000000000002,0.4311127385964562
160.25,0.4311051896554185
160.3,0.429969744051913
160.35000000000002,0.4287526694371506
160.4,0.42859670481126255
160.45000000000002,0.42962680708650225
160.5,0.4308766314675481
160.55,0.4312052895580437
160.60000000000002,0.4302961750685781
160.65,0.4289750572825548
160.70000000000002,0.4284810897032509
160.75,0.4292636824551309
160.8,0.43057690425495015
160.85000000000002,0.43121706782568336
160.9,0.43059090180751797
160.95000000000002,0.4292565997838838
161.0,0.4284588887068151
161.05,0.4289402618985587
161.10000000000002,0.430231414652963
161.15,0.43113976774487517
161.20000000000002,0.430833431339512
161.25,0.42957582254586024
161.3,0.4285302832573977
161.35000000000002,0.42867688795997955
161.4,0.42986086370760085
161.45000000000002,0.4309780025392826
161.5,0.43100748734947036
161.55,0.4299090642857862
161.60000000000002,0.42868869783103436
161.65,0.42849027418714064
161.70000000000002,0.4294878197636415
161.75,0.43074133082036187
161.8,0.4311017261916992
161.85000000000002,0.4302324257254656
161.9,0.4289213268100954
161.95000000000002,0.42839207550298547
162.0,0.42913549971543746
162.05,0.4304437614501525
162.10000000000002,0.43111004672805914
162.15,0.4305235267744163
162.20000000000002,0.42921028886720747
162.25,0.4283878027320421
162.3,0.42882629585092513
162.35000000000002,0.43010314827512197
162.4,0.4310316362024033
162.45000000000002,0.4307628985194189
162.5,0.4295342240139419
162.55,0.4284762863865887
162.60000000000002,0.4285801396960672
162.65,0.4297403788359131
162.70000000000002,0.4308708726297744
162.75,0.4309349596274603
162.8,0.429870077456683
162.85000000000002,0.4286498012171308
162.9,0.42841288922137816
162.95000000000002,0.42937826628938136
163.0,0.4306371287889342
163.05,0.4310286358841317
163.10000000000002,0.4301948171016502
163.15,0.4288948328484191
163.20000000000002,0.42833497572542917
163.25,0.4290401197979359
163.3,0.43034443388356114
163.35000000000002,0.4310377375639645
163.4,0.43048690360408937
163.45000000000002,0.4291933433325659
163.5,0.4283505298583089
163.55,0.4287480717809542
163.60000000000002,0.43001088989968983
163.65,0.4309611969394299
163.70000000000002,0.4307274414123173
163.75,0.4295243127717633
163.8,0.4284571246623933
163.85000000000002,0.4285213396772658
163.9,0.4296577395314942
163.95000000000002,0.43080320033402364
164.0,0.43090104299726256
164.05,0.4298653232327791
164.10000000000002,0.4286461523391014
164.15,0.4283746589038018
164.20000000000002,0.4293080455287231
164.25,0.4305731620602317
164.3,0.4309964973958754
164.35000000000002,0.4301940062928864
164.4,0.42890372904231105
164.45000000000002,0.4283171174581895
164.5,0.42898504444248203
164.55,0.43028542535821296
164.60000000000002,0.43100732755587984
164.65,0.4304892725241017
164.70000000000002,0.42921193827249016
164.75,0.4283515519037245
164.8,0.4287103434463199
164.85000000000002,0.42995857055539644
164.9,0.43093225893975384
164.95000000000002,0.4307323379447783
165.0,0.4295502019148796
165.05,0.428474550510222
165.10000000000002,0.4285021958751961
165.15,0.42961426997612306
165.20000000000002,0.4307755351133311
165.25,0.43090762085950707
165.3,0.4298966114502888
165.35000000000002,0.4286769904412015
165.4,0.42837409601894766
165.45000000000002,0.42927573436282174
165.5,0.4305469499034932
165.55,0.43100357996526717
165.60000000000002,0.43022913687502484
165.65,0.42894494949419393
165.70000000000002,0.4283338713216843
165.75,0.42896590746726343
165.8,0.4302614546351199
165.85000000000002,0.4310135047789233
165.9,0.4305267212256266
165.95000000000002,0.4292608054567055
166.0,0.4283833427318287
166.05,0.4287056433804258
166.10000000000002,0.42993825468317187
166.15,0.4309361823281991
166.20000000000002,0.43077032488555145
166.25,0.4296043704592534
166.3,0.42851850663014823
166.35000000000002,0.42851211586302
166.4,0.42959941632261955
166.45000000000002,0.43077629182115085
166.5,0.430943982635373
166.55,0.42995398551258657
166.60000000000002,0.42873010439743864
166.65,0.42839765563642723
166.70000000000002,0.42926812491131
166.75,0.4305443602393378
166.8,0.4310358774651866
166.85000000000002,0.4302875849044671
166.9,0.42900441372023684
166.95000000000002,0.42836910833983244
167.0,0.42896682535397224
167.05,0.430256162217842
167.10000000000002,0.4310393449657914
167.15,0.43058379457013596
167.20000000000002,0.4293241251983163
167.25,0.42842768909183804
167.3,0.428715502641713
167.35000000000002,0.4299315551255371
167.4,0.43095364236937855
167.45000000000002,0.43082312765311365
167.5,0.42966924097794024
167.55,0.4285692195871317
167.60000000000002,0.4285303160513676
167.65,0.4295928689270322
167.70000000000002,0.43078428740307595
167.75,0.43098928046703144
167.8,0.4300180145610126
167.85000000000002,0.4287845983028323
167.9,0.4284227010568985
167.95000000000002,0.4292630739993917
168.0,0.43054281456641375
168.05,0.4310704373894621
168.10000000000002,0.4303480046935867
168.15,0.42906038093853394
168.20000000000002,0.42839893500716814
168.25,0.42896399169578403
168.3,0.43024590309755956
168.35000000000002,0.4310604037224306
168.4,0.43063731561186397
168.45000000000002,0.42937942038734833
168.5,0.42846006793947417
168.55,0.42871477912615413
168.60000000000002,0.4299139674496116
168.65,0.4309593439149047
168.70000000000002,0.4308660346113429
168.75,0.4297215988758827
168.8,0.42860207999222416
168.85000000000002,0.4285308245514414
168.9,0.4295694193926573
168.95000000000002,0.4307739341217583
169.0,0.4310177772477018
169.05,0.43006474135562706
169.10000000000002,0.4288161510222467
169.15,0.4284230690846516
169.20000000000002,0.4292348701188747
169.25,0.43051684050068145
169.3,0.43108114958281435
169.35000000000002,0.43038580033169227
169.4,0.42908900167658565
169.45000000000002,0.42839766915337285
169.5,0.428931521145121
169.55,0.43020557730660813
169.60000000000002,0.4310508799463964
169.65,0.4306623402717648
169.70000000000002,0.4294033527699488
169.75,0.4284558670446334
169.8,0.4286779042236722
169.85000000000002,0.4298609319220391
169.9,0.43092838984148246
169.95000000000002,0.4308742428263355
170.0,0.42973861255748935
170.05,0.4285939575094336
170.10000000000002,0.4284890073001716
170.15,0.4295052229223884
170.20000000000002,0.4307216682624072
170.25,0.4310054406173681
170.3,0.4300719074482879
170.35000000000002,0.42880331391969273
170.4,0.4283757137681435
170.45000000000002,0.429160655077273
170.5,0.4304444586765669
170.55,0.4310454128401178
170.60000000000002,0.4303795110057116
170.65,0.4290705322989391
170.70000000000002,0.42834442501110054
170.75,0.4288479560829468
170.8,0.43011491502478516
170.85000000000002,0.43099017528706635
170.9,0.430638613644395
170.95000000000002,0.4293778240471098
171.0,0.42839675071483296
171.05,0.4285853563585705
171.10000000000002,0.42975398246327756
171.15,0.4308425797408201
171.20000000000002,0.4308292491199736
171.25,0.4297038032219731
171.3,0.42852922751513123
171.35000000000002,0.4283878537026856
171.4,0.4293837772569011
171.45000000000002,0.4306118809798545
171.5,0.43093610041879976
171.55,0.4300247579882769
171.60000000000002,0.4287331297838399
171.65,0.4282666348313983
171.70000000000002,0.4290261745263251
171.75,0.4303126876031543
171.8,0.4309498859467117
171.85000000000002,0.4303163804261084
171.9,0.42899452164358776
171.95000000000002,0.42822853036456454
172.0,0.42870169206817904
172.05,0.4299635326674794
172.10000000000002,0.43086809250208313
172.15,0.43055579042751274
172.20000000000002,0.42929472792529827
172.25,0.42827545365347625
172.3,0.42842863015277094
172.35000000000002,0.42958534178288543
172.4,0.43069495839622884
172.45000000000002,0.4307235764294933
172.5,0.429611354055784
172.55,0.42840388472725743
172.60000000000002,0.4282223429866235
172.65,0.429200028527593
172.70000000000002,0.4304407744033687
172.75,0.43080553045368175
172.8,0.4299198702784723
172.85000000000002,0.42860456047098044
172.9,0.42809450848199876
172.95000000000002,0.4288293334316669
173.0,0.43012070874902264
173.05,0.4307937998362793
173.10000000000002,0.430195627373693
173.15,0.4288625781205938
173.20000000000002,0.4280523306844958
173.25,0.42849388865595245
173.3,0.42975342787167137
173.35000000000002,0.43068730296087926
173.4,0.4304160388225424
173.45000000000002,0.4291580849858929
173.5,0.4280977248010485
173.55,0.42821239129213284
173.60000000000002,0.4293597585395158
173.65,0.4304914222136575
173.70000000000002,0.430562594635049
173.75,0.42946761801803013
173.8,0.4282266494800488
173.85000000000002,0.42800074263276067
173.9,0.4289615347669461
173.95000000000002,0.4302171407543773
174.0,0.43062239238646793
174.05,0.4297660027733997
174.10000000000002,0.4284288166830906
174.15,0.42787106802793234
174.20000000000002,0.4285806370660233
174.25,0.4298798787677046
174.3,0.43058897920269934
174.35000000000002,0.43002857167665387
174.4,0.42868799375904687
174.45000000000002,0.4278306480404121
174.5,0.4282381188834724
174.55,0.42949828265572315
174.60000000000002,0.43046246038092356
174.65,0.4302333671826647
174.70000000000002,0.4289830133764682
174.75,0.4278809195093537
174.8,0.427953271253901
174.85000000000002,0.4290931343933502
174.9,0.4302489934778419
174.95000000000002,0.43036298902573117
175.0,0.429289452032622
175.05,0.42801679117529334
175.10000000000002,0.42774251937442
175.15,0.42868641555708653
175.20000000000002,0.42995989719822325
175.25,0.43040583157637724
175.3,0.4295817743421801
175.35000000000002,0.42822652529611893
175.4,0.4276181569328988
175.45000000000002,0.42830043716865296
175.5,0.4296106269735498
175.55,0.4303566096536304
175.60000000000002,0.42983562227149424
175.65,0.428492353085015
175.70000000000002,0.42758706099657895
175.75,0.42795688461845965
175.8,0.42921980235871854
175.85000000000002,0.430216238707926
175.9,0.4300298948978748
175.95000000000002,0.42879184153533045
176.0,0.42764963658349525
176.05,0.42767565186952655
176.10000000000002,0.4288083466825839
176.15,0.4299912630311057
176.20000000000002,0.4301483260438788
176.25,0.4290998566083156
176.3,0.42779927064861445
176.35000000000002,0.42747344264983217
176.4,0.4283986698788012
176.45000000000002,0.42969307228830916
176.5,0.4301804045166243
176.55,0.4293908286994785
176.60000000000002,0.4280225122949972
176.65,0.42736225776435044
176.70000000000002,0.4280137467093016
176.75,0.4293371016420694
176.8,0.4301216481522332
176.85000000000002,0.429640965685322
176.9,0.42830005550498046
176.95000000000002,0.4273480114991926
177.0,0.4276759484918859
177.05,0.42894209820094364
177.10000000000002,0.429973382712909
177.15,0.4298300940447016
177.20000000000002,0.42860842473262806
177.25,0.4274295752415951
177.3,0.42740557724766587
177.35000000000002,0.42852940583626864
177.4,0.4297422446322779
177.45000000000002,0.42994292632135794
177.5,0.42892210781061
177.55,0.42759850729415005
177.60000000000002,0.42721919219501514
177.65,0.42812212784443393
177.70000000000002,0.4294396043901313
177.75,0.42996971313262383
177.8,0.4292157945824201
177.85000000000002,0.42783960233753615
177.9,0.42712795583363306
177.95000000000002,0.4277440137560939
178.0,0.4290810097025767
178.05,0.42990638425906635
178.10000000000002,0.4294663876855451
178.15,0.42813222026254755
178.20000000000002,0.4271363054379225
178.25,0.42741799189822555
178.3,0.4286856205553147
178.35000000000002,0.4297543690120414
178.4,0.42965454770396644
178.45000000000002,0.4284521865252168
178.5,0.42724124204192293
178.55,0.4271644053625534
178.60000000000002,0.42827550564586025
178.65,0.42952028492042144
178.70000000000002,0.42976568278158583
178.75,0.4287739477743955
178.8,0.42743242269840676
178.85000000000002,0.4269991554338538
178.9,0.4278746390461065
178.95000000000002,0.42921560363938416
179.0,0.42979044073428035
179.05,0.4290726483310512
179.10000000000002,0.42769307553655866
179.15,0.4269320555426759
179.20000000000002,0.42750749419889683
179.25,0.42885628244235313
179.3,0.42972485987041803
179.35000000000002,0.4293258652403568
179.4,0.4280015832575688
179.45000000000002,0.4269657108261161
179.5,0.42719725987827717
179.55,0.42846224186923865
179.60000000000002,0.4295703523081807
179.65,0.42951487244385933
179.70000000000002,0.4283334542880471
179.75,0.42709515418348687
179.8,0.42696385359899375
179.85000000000002,0.428056524235118
179.9,0.42933363080580617
179.95000000000002,0.42962544880154646
180.0,0.42866335832125135
180.05,0.4273083151874177
180.10000000000002,0.4268220239726165
180.15,0.4276640087771901
180.20000000000002,0.4290265787011823
180.25,0.42964835049544803
180.3,0.42896695190974543
180.35000000000002,0.4275872234282344
180.4,0.4267798698954565
180.45000000000002,0.42730967617444143
180.5,0.42866595341016467
180.55,0.42957960105456494
180.60000000000002,0.42922233515897706
180.65,0.42790970784040805
180.70000000000002,0.42683804376981777
180.75,0.42701656583638403
180.8,0.42827275574669044
180.85000000000002,0.42942070530335014
180.9,0.42941111775951935
180.95000000000002,0.42825129028371034
181.0,0.4269897668547984
181.05,0.42680369923586137
181.10000000000002,0.42787112264181726
181.15,0.4291787924676916
181.20000000000002,0.4295191808953591
181.25,0.42858699822343893
181.3,0.4272216131404177
181.35000000000002,0.4266843005779575
181.4,0.4274867054263128
181.45000000000002,0.42886658537153627
181.5,0.4295372654167282
181.55,0.428892919175755
181.60000000000002,0.42751486937547944
181.65,0.4266646091508673
181.70000000000002,0.4271446438178261
181.75,0.4285020260105702
181.8,0.42946148297178965
181.85000000000002,0.4291474474061066
181.9,0.4278471985634508
181.95000000000002,0.4267434564900732
182.0,0.4268673854582887
182.05,0.4281073985710505
182.10000000000002,0.42929375566778344
182.15,0.42933228070712415
182.20000000000002,0.42819434038372206
182.25,0.42691261611078357
182.3,0.4266726779432156
182.35000000000002,0.42770788298459195
182.4,0.429042083546906
182.45000000000002,0.42943327572640555
182.5,0.42853166355151284
182.55,0.42715778026710005
182.60000000000002,0.4265720464170842
182.65,0.427329615839393
182.70000000000002,0.4287204666573351
182.75,0.42944124678833256
182.8,0.42883550214209537
182.85000000000002,0.42745992392020515
182.9,0.4265699670026665
182.95000000000002,0.4269974811975442
183.0,0.42834830685808806
183.05,0.4293527101206129
183.10000000000002,0.4290843130806158
183.15,0.4277968056440272
183.20000000000002,0.4266637908585149
183.25,0.42673294802558603
183.3,0.4279491943378263
183.35000000000002,0.42917047139082554
183.4,0.42925974538329903
183.45000000000002,0.4281444209564068
183.5,0.42684431796841327
183.55,0.4265522783686735
183.60000000000002,0.4275491221213331
183.65,0.42890387704062627
183.70000000000002,0.4293476955170235
183.75,0.428478331353662
183.8,0.4270968151660579
183.85000000000002,0.42646534655972607
183.9,0.42717432155604373
183.95000000000002,0.4285685378828347
184.0,0.42933934542907626
184.05,0.42877489404909624
184.10000000000002,0.42740224830402385
184.15,0.42647516557699466
184.20000000000002,0.4268490203382173
184.25,0.4281854018258408
184.3,0.429232077231415
184.35000000000002,0.4290124723284836
184.4,0.4277385507827457
184.45000000000002,0.4265780612200507
184.5,0.42659345181141284
184.55,0.4277791847956027
184.60000000000002,0.4290300759344641
184.65,0.4291726942728009
184.70000000000002,0.4280818505138921
184.75,0.42676432201799125
184.8,0.42642237979794206
184.85000000000002,0.4273763215782873
184.9,0.4287444102550189
184.95000000000002,0.4292417529028665
185.0,0.42840767670283886
185.05,0.4270191158821915
185.10000000000002,0.4263442705638794
185.15,0.4270027187944215
185.20000000000002,0.4283924391744037
185.25,0.42921163682199553
185.3,0.42869222384666644
185.35000000000002,0.42732350586349543
185.4,0.4263610906637801
185.45000000000002,0.42668163821313476
185.5,0.4279965177899562
185.55,0.4290810923050201
185.60000000000002,0.42891374097210483
185.65,0.42765549060608116
185.70000000000002,0.42646858956740413
185.75,0.4264319930845535
185.8,0.4275821307403688
185.85000000000002,0.42885608611013826
185.9,0.4290540404502866
185.95000000000002,0.4279910943862795
186.0,0.4266568781262584
186.05,0.4262672199548142
186.10000000000002,0.4271757126594912
186.15,0.42854958593106546
186.20000000000002,0.42910001283224125
186.25,0.4283055898198517
186.3,0.4269111458032128
186.35000000000002,0.4261947389912485
186.4,0.42680247860358134
186.45000000000002,0.42818059428804833
186.5,0.42904493840351804
186.55,0.42857492971541566
186.60000000000002,0.427212447804077
186.65,0.4262158901137236
186.70000000000002,0.4264845607528916
186.75,0.427772527687711
186.8,0.4288893428426363
186.85000000000002,0.42877739108942653
186.9,0.42753859419628715
186.95000000000002,0.42632617384674565
187.0,0.4262396410040254
187.05,0.4273511744302147
187.10000000000002,0.4286411810757698
187.15,0.42889532094535154
187.20000000000002,0.4278652370523284
187.25,0.42651564828232913
187.3,0.42608012357580644
187.35000000000002,0.42694254422707056
187.4,0.42831524491574974
187.45000000000002,0.4289167668167459
187.5,0.42816724883227425
187.55,0.4267694182919777
187.60000000000002,0.4260127611370085
187.65,0.42657091511235906
187.70000000000002,0.4279318461006682
187.75,0.42883671873362983
187.8,0.4284204124687661
187.85000000000002,0.4270682568572243
187.9,0.4260385786092948
187.95000000000002,0.4262572910714301
188.0,0.42751497772716535
188.05,0.428657712000425
188.10000000000002,0.4286033244047301
188.15,0.4273894713012988
188.20000000000002,0.42615295162269234
188.25,0.4260183435878382
188.3,0.4270902532907897
188.35000000000002,0.4283896439794362
188.4,0.42869929215135105
188.45000000000002,0.42770813182551837
188.5,0.426345777312931
188.55,0.42586577518031055
188.60000000000002,0.4266829332876306
188.65,0.4280488121341026
188.70000000000002,0.4286979354779618
188.75,0.42799870948513213
188.8,0.42660178338713833
188.85000000000002,0.425805962428188
188.9,0.42631627340781014
188.95000000000002,0.42765634082734183
189.0,0.42859620644885177
189.05,0.4282370462506986
189.10000000000002,0.4269011047036575
189.15,0.4258397379978599
189.20000000000002,0.42601029509426214
189.25,0.4272362770586882
189.3,0.42839863691663843
189.35000000000002,0.4284024469012413
189.4,0.427220273765428
189.45000000000002,0.42596224634660407
189.5,0.4257809404475985
189.55,0.42681366499216883
189.60000000000002,0.4281167727631107
189.65,0.42847959039489064
189.70000000000002,0.4275337069148547
189.75,0.4261629203916073
189.8,0.4256394817271141
189.85000000000002,0.426412850129267
189.9,0.4277679212904443
189.95000000000002,0.42845994543248195
190.0,0.4278156411287097
190.05,0.4264257220900626
190.10000000000002,0.4255920448565255
190.15,0.42605614013297777
190.20000000000002,0.427373466793501
190.25,0.4283424528814441
190.3,0.42804232999280395
190.35000000000002,0.4267298223377064
190.4,0.425639174178717
190.45000000000002,0.42576280826245844
190.5,0.4269570589205343
190.55,0.4281333840327309
190.60000000000002,0.42819419516154894
190.65,0.42705084288082684
190.70000000000002,0.4257754808021932
190.75,0.42554832292719347
190.8,0.4265429373057543
190.85000000000002,0.42784545436841004
190.9,0.4282575935005151
190.95000000000002,0.42736265672031437
191.0,0.42598952554646174
191.05,0.42542366152285516
191.10000000000002,0.42615454365490935
191.15,0.4274964160810426
191.20000000000002,0.42822591880574956
191.25,0.4276395865303483
191.3,0.42626413755545467
191.35000000000002,0.4253946246858747
191.4,0.42581343175285125
191.45000000000002,0.42710742249813005
191.5,0.4280998948014237
191.55,0.42785870780480395
191.60000000000002,0.4265773341795033
191.65,0.425461181931446
191.70000000000002,0.42553837337843414
191.75,0.42670143576529046
191.8,0.4278870882002568
191.85000000000002,0.4280019018327059
191.9,0.4269038874499399
191.95000000000002,0.4256169998498898
192.0,0.42534451753010843
192.05,0.4263018501611173
192.10000000000002,0.4276008265102591
192.15,0.42805733932677803
192.20000000000002,0.42721741916759864
192.25,0.4258493739803217
192.3,0.42524250588941803
192.35000000000002,0.4259313660283748
192.4,0.4272587951290516
192.45000000000002,0.42802019890781
192.5,0.4274927543797022
192.55,0.42613976963543715
192.60000000000002,0.42523755836496685
192.65,0.4256110286254145
192.70000000000002,0.42688158741768545
192.75,0.42789259596902923
192.8,0.4277081755450787
192.85000000000002,0.4264650705863018
192.9,0.4253286718678239
192.95000000000002,0.4253592902475785
193.0,0.4264913973910337
193.05,0.42768286190516
193.10000000000002,0.42784722853900137
193.15,0.42679946885285946
193.20000000000002,0.42550816499637584
193.25,0.4251909848598624
193.3,0.4261109134471712
193.35000000000002,0.42740442235138476
193.4,0.42789983597908204
193.45000000000002,0.42711676148872724
193.5,0.42576180786761797
193.55,0.4251162081612377
193.60000000000002,0.42576234538161817
193.65,0.42707454377771714
193.70000000000002,0.4278626387794632
193.75,0.427392707148972
193.8,0.42606968881010376
193.85000000000002,0.4251392304190403
193.9,0.4254664466226233
193.95000000000002,0.42671315063483234
194.0,0.4277386573256878
194.05,0.4276070753191304
194.10000000000002,0.4264078088855314
194.15,0.4252576766171023
194.20000000000002,0.42524140835179197
194.25,0.42634179263331123
194.3,0.4275364879634703
194.35000000000002,0.4277451020314137
194.4,0.4267502171542309
194.45000000000002,0.42546223909566677
194.5,0.4251015955639722
194.55,0.42598271297628093
194.60000000000002,0.4272692925599569
194.65,0.4277982198710378
194.70000000000002,0.4270713635328107
194.75,0.4257371222002736
194.8,0.42505623037220336
194.85000000000002,0.42565788604130866
194.9,0.42695379038009434
194.95000000000002,0.4277641027869114
195.0,0.4273482971027176
195.05,0.42606127016701134
195.10000000000002,0.42510824977696093
195.15,0.42538789065735566
195.20000000000002,0.42660934950434576
195.25,0.4276462031256022
195.3,0.4275623918826852
195.35000000000002,0.4264102461548415
195.4,0.4252536187485704
195.45000000000002,0.42519056619608636
195.5,0.42625714684717475
195.55,0.42745302008166935
195.60000000000002,0.42770041962394745
195.65,0.4267584758072591
195.70000000000002,0.425481338722943
195.75,0.4250795305820427
195.8,0.42591927360744936
195.85000000000002,0.42719730934528155
195.9,0.42775495931478635
195.95000000000002,0.42708149189810546
196.0,0.42577426052202494
196.05,0.42506277211966
196.10000000000002,0.4256176450301571
196.15,0.42689534481264096
196.20000000000002,0.4277242793853543
196.25,0.42735784233052676
196.3,0.42611062984789566
196.35000000000002,0.4251416013119978
196.4,0.42537263980475437
196.45000000000002,0.42656621749736656
196.5,0.42761190693438295
196.55,0.4275704401728682
196.60000000000002,0.4264661242474159
196.65,0.4253102338114654
196.70000000000002,0.4252015204840577
196.75,0.42623105787025795
196.8,0.4274260884545918
196.85000000000002,0.42770729796826207
196.9,0.4268160402946694
196.95000000000002,0.4255561656573705
197.0,0.42511682448398386
197.05,0.42591203583160275
197.10000000000002,0.4271792611936203
197.15,0.4277617400509719
197.20000000000002,0.42713728633925974
197.25,0.42586132958708683
197.3,0.42512500906442746
197.35000000000002,0.4256310440962149
197.4,0.42688753356297876
197.45000000000002,0.4277322776202752
197.5,0.42740992861006594
197.55,0.42620384420722535
197.60000000000002,0.4252256409055609
197.65,0.42540808822445425
197.70000000000002,0.42657006975328465
197.75,0.42762234093912915
197.8,0.4276181911740995
197.85000000000002,0.42656004657048624
197.9,0.4254113361834756
197.95000000000002,0.4252595468474678
198.0,0.4262482299279014
198.05,0.42743999019213597
198.10000000000002,0.4277509624012051
198.15,0.4269064696330747
198.20000000000002,0.4256684969531797
198.25,0.42519657382784526
198.3,0.4259443541657939
198.35000000000002,0.4271976139459847
198.4,0.4278019629320531
198.45000000000002,0.4272214935354304
198.5,0.42597871161670947
198.55,0.42522394456205254
198.60000000000002,0.42568018689509624
198.65,0.4269115167257189
198.70000000000002,0.4277697530823051
198.75,0.4274865360530805
198.8,0.4263205502691225
198.85000000000002,0.42533958556653567
198.9,0.42547507645568994
198.95000000000002,0.42660124506603997
199.0,0.4276577015496639
199.05,0.427686798854071
199.10000000000002,0.4266714324413691
199.15,0.4255348853487098
199.20000000000002,0.425344204826073
199.25,0.4262885249448929
199.3,0.4274739289866212
199.35000000000002,0.4278116948136688
199.4,0.4270092890069293
199.45000000000002,0.42579570936150346
199.5,0.42529715178750754
199.55,0.4259957807011945
199.60000000000002,0.42723113361236725
199.65,0.4278551175557231
199.70000000000002,0.4273138584402651
199.75,0.42610389464908544
199.8,0.42533705762342494
199.85000000000002,0.4257443424364669
199.9,0.42694614417385507
199.95000000000002,0.4278156701064853
200.0,0.42756760247250025
