Jt,q4_t
0.05,0.9957680715839529
0.1,0.9867909838689575
0.15000000000000002,0.981185973361117
0.2,0.9840082754165528
0.25,0.9920867627114006
0.30000000000000004,0.997293428180643
0.35000000000000003,0.9942993363540469
0.4,0.9850235873046347
0.45,0.9770338111220981
0.5,0.9768478067310774
0.55,0.9834295512143384
0.6000000000000001,0.9892231498433076
0.65,0.9875910078538321
0.7000000000000001,0.978568268683962
0.75,0.9687196619009117
0.8,0.9654974396278482
0.8500000000000001,0.9700428792591037
0.9,0.9759360085504964
0.9500000000000001,0.9756454730708849
1.0,0.9673401323285353
1.05,0.9562317804505923
1.1,0.9501444177317317
1.1500000000000001,0.9522283774533506
1.2000000000000002,0.9576714457390239
1.25,0.9585602453083318
1.3,0.951322232674853
1.35,0.9395703489567061
1.4000000000000001,0.9309652919125225
1.4500000000000002,0.9303224740830534
1.5,0.9347524322656295
1.55,0.9365279130224138
1.6,0.930575868393748
1.6500000000000001,0.9187640439062895
1.7000000000000002,0.9081237301549094
1.75,0.9046755856114749
1.8,0.9075714381761661
1.85,0.9098331875406737
1.9000000000000001,0.9052461512883164
1.9500000000000002,0.89388592003997
2.0,0.8817760614971345
2.0500000000000003,0.8756343617221369
2.1,0.8765717336799375
2.15,0.8788465989026816
2.2,0.8755636804906131
2.25,0.8650660493131686
2.3000000000000003,0.8520825222121666
2.35,0.843530017133881
2.4000000000000004,0.8422257184151716
2.45,0.8440139617518598
2.5,0.8418431737826001
2.5500000000000003,0.8324997391125034
2.6,0.8192210448289281
2.6500000000000004,0.8086743585551682
2.7,0.8050131833999865
2.75,0.8058410523846006
2.8000000000000003,0.804479304128755
2.85,0.7964514506554288
2.9000000000000004,0.7834003842861527
2.95,0.771363188237188
3.0,0.7654028577014461
3.0500000000000003,0.7648739818618581
3.1,0.7639392539149048
3.1500000000000004,0.7572552339382643
3.2,0.7448702769053479
3.25,0.7318850258754374
3.3000000000000003,0.7238400122972503
3.35,0.7216771013028676
3.4000000000000004,0.7207511844457328
3.45,0.7153124213085769
3.5,0.7039276741672956
3.5500000000000003,0.6905321392055833
3.6,0.6807414353741135
3.6500000000000004,0.6768113299272461
3.7,0.6754882413112834
3.75,0.6710867089152626
3.8000000000000003,0.6609192657676298
3.85,0.6476109615676207
3.9000000000000004,0.6364972642852684
3.95,0.6308160511569734
4.0,0.6287487865594663
4.05,0.6250961038589391
4.1000000000000005,0.6162410555944619
4.15,0.6034499099696029
4.2,0.5914776140317012
4.25,0.5841970019975389
4.3,0.5811348119151937
4.3500000000000005,0.5779010305968796
4.4,0.570335587582264
4.45,0.5584038829501238
4.5,0.5460412003110185
4.55,0.5374211113068058
4.6000000000000005,0.5332313576269261
4.65,0.5300884144716558
4.7,0.5236868151258274
4.75,0.5128557333351256
4.800000000000001,0.5005433806268719
4.8500000000000005,0.49091754971279883
4.9,0.4855898085009041
4.95,0.4822526354445718
5.0,0.4768120603778627
5.050000000000001,0.46721540186567906
5.1000000000000005,0.45534198395379855
5.15,0.4450829405017308
5.2,0.4387170836796942
5.25,0.4349753924890001
5.300000000000001,0.43025046390240845
5.3500000000000005,0.4219171464851218
5.4,0.4108004539098866
5.45,0.40028817019550894
5.5,0.39307127735240943
5.550000000000001,0.3888071862690849
5.6000000000000005,0.3845479404893542
5.65,0.3774147253337761
5.7,0.36728866848531777
5.75,0.35688459939280714
5.800000000000001,0.3490627781760234
5.8500000000000005,0.34425296611069284
5.9,0.3402397139208365
5.95,0.3341739601099717
6.0,0.3251820304972261
6.050000000000001,0.3152084147984239
6.1000000000000005,0.3070588347864503
6.15,0.3017635136946077
6.2,0.29783251230339997
6.25,0.29266219582107855
6.300000000000001,0.28485910186215324
6.3500000000000005,0.2755828852265903
6.4,0.2673892618591147
6.45,0.2617327108757096
6.5,0.25778896133464413
6.550000000000001,0.2533348601717139
6.6000000000000005,0.2466975222340538
6.65,0.2383189354993367
6.7,0.23035147027933456
6.75,0.22449949292283916
6.800000000000001,0.22051635474710163
6.8500000000000005,0.21662033843263429
6.9,0.21106764352100602
6.95,0.2037145325940633
7.0,0.19621392120243258
7.050000000000001,0.1903524877451126
7.1000000000000005,0.18636091601715565
7.15,0.1829052310132408
7.2,0.17832352414074745
7.25,0.17205300899013712
7.300000000000001,0.1652179795864148
7.3500000000000005,0.1595352976495249
7.4,0.15560730323739635
7.45,0.15252230563248204
7.5,0.1487916587648182
7.550000000000001,0.14359997948872233
7.6000000000000005,0.13757860802955107
7.65,0.13225097751220766
7.7,0.12848196225318248
7.75,0.12574292345463417
7.800000000000001,0.12275875806992881
7.8500000000000005,0.11859832464388809
7.9,0.1134842895045376
7.95,0.10866513643235892
8.0,0.10515838825572199
8.05,0.10277459684177515
8.1,0.10046057075091194
8.15,0.09726103119420627
8.200000000000001,0.09309617688429918
8.25,0.08890781170083034
8.3,0.08576251962858394
8.35,0.08376306893506325
8.4,0.08207378064896981
8.450000000000001,0.07976242352339516
8.5,0.07654608381176634
8.55,0.0730745523959534
8.6,0.07037716533134065
8.65,0.06879737166481456
8.700000000000001,0.06771233415020088
8.75,0.06622915330504373
8.8,0.06393287683178392
8.85,0.06122698937694342
8.9,0.05904517587329073
8.950000000000001,0.05791601921557017
9.0,0.057428414255927485
9.05,0.05673280452888644
9.1,0.05531723039824472
9.15,0.053392786318983476
9.200000000000001,0.05177163107647107
9.25,0.051112835685585147
9.3,0.05121713757798932
9.35,0.051285819847874815
9.4,0.05071542659859234
9.450000000000001,0.049564590117688316
9.5,0.04852544416610759
9.55,0.0483416389809855
9.600000000000001,0.049023341260708723
9.65,0.04984166551233997
9.700000000000001,0.05009357645994519
9.75,0.04969767515660823
9.8,0.049240540731720794
9.850000000000001,0.049519724043529494
9.9,0.050748757664409325
9.950000000000001,0.05229903768548735
10.0,0.05336392974206426
10.05,0.053706442271786885
10.100000000000001,0.05381642722118001
10.15,0.05453049060333968
10.200000000000001,0.0562583606495333
10.25,0.058508930552813955
10.3,0.06038461263639973
10.350000000000001,0.06146059661721649
10.4,0.062117813811603396
10.450000000000001,0.06322554273352585
10.5,0.06538539947432388
10.55,0.06828290864347503
10.600000000000001,0.07096327023718343
10.65,0.0727823551242603
10.700000000000001,0.07397316484403418
10.75,0.07542629477758964
10.8,0.07793524626762541
10.850000000000001,0.08140106820025858
10.9,0.08486404184169499
10.950000000000001,0.08744611369031949
11.0,0.08917256382023862
11.05,0.09092483932042944
11.100000000000001,0.09368842340617102
11.15,0.09761876715981858
11.200000000000001,0.10181649955115998
11.25,0.10518151718570483
11.3,0.10746585859941066
11.350000000000001,0.10948382420559166
11.4,0.11240303443524996
11.450000000000001,0.11667190802100907
11.5,0.12152493565558911
11.55,0.12567997595868624
11.600000000000001,0.1285623856495023
11.65,0.13083542497181924
11.700000000000001,0.1338165053679391
11.75,0.1382810353332258
11.8,0.1436767156778714
11.850000000000001,0.14860372883314057
11.9,0.15213343332853468
11.950000000000001,0.1546800462549129
12.0,0.15764635109180591
12.05,0.1621545895157248
12.100000000000001,0.16794908147661075
12.15,0.1735959628755284
12.200000000000001,0.17781797326749893
12.25,0.1806858601411879
12.3,0.18358982188516737
12.350000000000001,0.18799141115996784
12.4,0.19401443252486478
12.450000000000001,0.2002904852795643
12.5,0.2052312857938811
12.55,0.20849041431880436
12.600000000000001,0.21132274978724047
12.65,0.2154822741295741
12.700000000000001,0.22154444082834904
12.75,0.22831993757260968
12.8,0.23397530107224593
12.850000000000001,0.23770518364968124
12.9,0.24049848298946952
12.950000000000001,0.2443101362947309
13.0,0.2502132782690719
13.05,0.25732224761569716
13.100000000000001,0.2636491137679921
13.15,0.2679231785570383
13.200000000000001,0.2707481564230508
13.25,0.2741490858875737
13.3,0.2796999022391058
13.350000000000001,0.28694556829498685
13.4,0.29385833737912764
13.450000000000001,0.2987288428920645
13.5,0.30168346072817803
13.55,0.3046625399066072
13.600000000000001,0.3096890520751351
13.65,0.31685211643412997
13.700000000000001,0.32422259601341963
13.75,0.3297088342293168
13.8,0.33290249956236234
13.850000000000001,0.3355018285599305
13.9,0.33987063150402635
13.950000000000001,0.34672109857143035
14.0,0.35438116186370006
14.05,0.36046215182932345
14.100000000000001,0.3639984512351244
14.15,0.3663065429456483
14.200000000000001,0.3699375826109581
14.25,0.37625051046829344
14.3,0.3839971860745019
14.350000000000001,0.390608498292821
14.4,0.3945699108365718
14.450000000000001,0.3967077369607102
14.5,0.3995830308712913
14.55,0.40515734357092853
14.600000000000001,0.41276096595300943
14.65,0.41979450289815035
14.700000000000001,0.42423132692046445
14.75,0.4263343086373394
14.8,0.428498053509396
14.850000000000001,0.4331758699264592
14.9,0.4403923239590867
14.950000000000001,0.44769812202382897
15.0,0.452622054765066
15.05,0.45482191862392524
15.100000000000001,0.4563715524446393
15.15,0.4600542341908107
15.200000000000001,0.4666417244984821
15.25,0.47403184069395354
15.3,0.47941316495471076
15.350000000000001,0.481823017911094
15.4,0.4828932481906507
15.450000000000001,0.48555032732582765
15.5,0.49128955315144646
15.55,0.49854512535501105
15.600000000000001,0.5043119721960135
15.65,0.5070162734538147
15.700000000000001,0.5077598834136116
15.75,0.5094284677552632
15.8,0.514143234413757
15.850000000000001,0.5210260830965747
15.9,0.5270648904148988
15.950000000000001,0.5301140109493704
16.0,0.530683691615574
16.05,0.5314584349510533
16.1,0.5350325286111705
16.150000000000002,0.5413017997275288
16.2,0.5474593887613038
16.25,0.5508670824800521
16.3,0.5514014671624855
16.35,0.5514177850853805
16.400000000000002,0.5538041391797781
16.45,0.5592366879911682
16.5,0.5653254874648835
16.55,0.5690674500097752
16.6,0.569682460338679
16.650000000000002,0.5690973299749212
16.7,0.5703172722041401
16.75,0.5747285342113528
16.8,0.58053662769651
16.85,0.5845493517754423
16.900000000000002,0.5853338499633017
16.95,0.5843085971689027
17.0,0.5844417035759215
17.05,0.5877026808198947
17.1,0.593009249425285
17.150000000000002,0.5971899448433639
17.2,0.5982034738156279
17.25,0.5968914507189584
17.3,0.596059173746888
17.35,0.5981055885409199
17.400000000000002,0.6027003347798026
17.45,0.6069098337580578
17.5,0.6081804080975922
17.55,0.6067200988284874
17.6,0.6050678065353956
17.650000000000002,0.6058994726976554
17.7,0.6096026252937308
17.75,0.6136732021257596
17.8,0.6151944821258538
17.85,0.6137064098450128
17.900000000000002,0.6113881958539168
17.95,0.6110595188798716
18.0,0.6137380304099163
18.05,0.6174867630022856
18.1,0.619215701139382
18.150000000000002,0.617800486203394
18.2,0.6149692649709211
18.25,0.6135743567138314
18.3,0.6151505387607242
18.35,0.6183967342875921
18.400000000000002,0.6202539379409786
18.45,0.6189893528734072
18.5,0.6157921973253945
18.55,0.6134493167299623
18.6,0.6139003163908445
18.650000000000002,0.6164835759032157
18.7,0.6183584971172092
18.75,0.6172950162098219
18.8,0.6138715654114907
18.85,0.6107109951916413
18.900000000000002,0.6100603867898515
18.95,0.6118550694733076
19.0,0.6136166708823823
19.05,0.612772901954573
19.1,0.6092538715575608
19.150000000000002,0.6054112317459794
19.200000000000003,0.6037163955903577
19.25,0.6046390779866777
19.3,0.6061504639763517
19.35,0.6055109609888234
19.400000000000002,0.6020145851411167
19.450000000000003,0.5976289377694078
19.5,0.594968818641
19.55,0.5949776030554292
19.6,0.5961112605912176
19.650000000000002,0.5956289353177574
19.700000000000003,0.592255051427336
19.75,0.58746914078946
19.8,0.583936062042522
19.85,0.5830233716403177
19.900000000000002,0.5836730620182519
19.950000000000003,0.5832768247364521
20.0,0.580100273346386
20.05,0.575059717531059
20.1,0.5707566209541016
20.150000000000002,0.5689392484971972
20.200000000000003,0.5690256222917119
20.25,0.5686317217998886
20.3,0.5656977597276295
20.35,0.5605470930487139
20.400000000000002,0.5555889284613875
20.450000000000003,0.5528996683318022
20.5,0.5523689875024712
20.55,0.5518928295207258
20.6,0.5492168204628011
20.650000000000002,0.5440923551313721
20.700000000000003,0.5386085253561538
20.75,0.5350924910216647
20.8,0.5339104684709006
20.85,0.5332753239657319
20.900000000000002,0.5308472831160341
20.950000000000003,0.5258687410671409
21.0,0.5200032747446705
21.05,0.5157195537484587
21.1,0.5138641162699923
21.150000000000002,0.5130043493292513
21.200000000000003,0.5107968008980234
21.25,0.5060605770268323
21.3,0.49996806052157244
21.35,0.49499478282957426
21.400000000000002,0.49245173371346335
21.450000000000003,0.49131050687251815
21.5,0.4892866078965175
21.55,0.48486293783236756
21.6,0.47870045616951024
21.650000000000002,0.4731397762235971
21.700000000000003,0.46990380383083885
21.75,0.46842764299778245
21.8,0.46654640217419
21.85,0.4624809429409187
21.900000000000002,0.4563982510514794
21.950000000000003,0.45037781965649054
22.0,0.44645874519053663
22.05,0.4445927744793498
22.1,0.44280958131666065
22.150000000000002,0.43912786431562806
22.200000000000003,0.43325879282354013
22.25,0.4269279080217973
22.3,0.4223596079991012
22.35,0.4200470348242312
22.400000000000002,0.4183100283914142
22.450000000000003,0.41502193586232766
22.5,0.4094793048862664
22.55,0.40300026774567127
22.6,0.39784840178951747
22.650000000000002,0.3950360201738977
22.700000000000003,0.39328102486177
22.75,0.39038254566204866
22.8,0.38525704073378697
22.85,0.3787941843113407
22.900000000000002,0.3731592363784846
22.950000000000003,0.36980809659132546
23.0,0.3679559102146348
23.05,0.36542695365928635
23.1,0.3607884521186447
23.150000000000002,0.35449797652614295
23.200000000000003,0.34851195111508726
23.25,0.3446100358837803
23.3,0.3425692469363135
23.35,0.3403685616870921
23.400000000000002,0.33626727784308524
23.450000000000003,0.3302901805806382
23.5,0.324107715538774
23.55,0.319680434571487
23.6,0.31735688832898085
23.650000000000002,0.3154170958530053
23.700000000000003,0.311882212009309
23.75,0.3063407588023026
23.8,0.30012732043123885
23.85,0.29524228639091554
23.900000000000002,0.2925536706034452
23.950000000000003,0.29078013370632344
24.0,0.2878151949568962
24.05,0.2828115022785271
24.1,0.27673190127016467
24.150000000000002,0.2714964546340939
24.200000000000003,0.26838833716014543
24.25,0.26666464739976997
24.3,0.2642411831606112
24.35,0.25985552665688244
24.400000000000002,0.25406508600148353
24.450000000000003,0.24861749575204364
24.5,0.2450763828227582
24.55,0.2432770074217751
24.6,0.2413295667204345
24.650000000000002,0.23761646780851992
24.700000000000003,0.2322553494872237
24.75,0.22675247233113904
24.8,0.2228123370343586
24.85,0.22082033255292616
24.900000000000002,0.21924652532753636
24.950000000000003,0.21622830163974138
25.0,0.2114177283098284
25.05,0.20602242470872367
25.1,0.2017632670241003
25.150000000000002,0.19948901236578942
25.200000000000003,0.1981569579706962
25.25,0.1958164776372064
25.3,0.19165475911090352
25.35,0.1865254577657295
25.400000000000002,0.1820649009908814
25.450000000000003,0.1794612807881075
25.5,0.1782245150235372
25.55,0.17650037601248234
25.6,0.17305715926344617
25.650000000000002,0.16834021772127788
25.700000000000003,0.1638209343641024
25.75,0.16089145920108477
25.8,0.15960878946905008
25.85,0.15839629319823187
25.900000000000002,0.1557050311302306
25.950000000000003,0.15152889687679486
26.0,0.14710514594962862
26.05,0.14390364321933571
26.1,0.14245968559138167
26.150000000000002,0.1416196166162107
26.200000000000003,0.13967011513878666
26.25,0.1361395673613812
26.3,0.1319652874493172
26.35,0.12858815939140672
26.400000000000002,0.12690998473619297
26.450000000000003,0.1262848474689688
26.5,0.12501897629886916
26.55,0.12220823711173887
26.6,0.11842754879019379
26.650000000000002,0.1150012828192368
26.700000000000003,0.11306777021863224
26.75,0.11250271251581781
26.8,0.11181630065311686
26.85,0.1097612376744161
26.900000000000002,0.106500733062252
26.950000000000003,0.10316782730734878
27.0,0.10101043270007076
27.05,0.10037455094050224
27.1,0.10012705381359094
27.150000000000002,0.09881830170270656
27.200000000000003,0.0961798639917883
27.25,0.09308562038733406
27.3,0.09078148250864135
27.35,0.0899850860073502
27.400000000000002,0.09001634245227987
27.450000000000003,0.08939611758319482
27.5,0.08744946105139917
27.55,0.08473073386452085
27.6,0.08239058539520318
27.650000000000002,0.0813952286072073
27.700000000000003,0.08154642450551663
27.75,0.08151156188393413
27.8,0.0802868907224383
27.85,0.07806262309692508
27.900000000000002,0.07581643728522089
27.950000000000003,0.07463653268988724
28.0,0.07477120503249216
28.05,0.07518351455619454
28.1,0.07466597554299427
28.150000000000002,0.07302881900645641
28.200000000000003,0.07101157335472924
28.25,0.06970840032324137
28.3,0.06972937181087424
28.35,0.07043233161984902
28.400000000000002,0.07056056951766329
28.450000000000003,0.06956923019203744
28.5,0.0679080887867042
28.55,0.06657836990769944
28.6,0.06643774698754717
28.650000000000002,0.06727665161341873
28.700000000000003,0.06794736508417606
28.75,0.06762023939035372
28.8,0.06642347470652057
28.85,0.06518511559691806
28.900000000000002,0.06488632577387934
28.950000000000003,0.06572801619196496
29.0,0.06680703871245032
29.05,0.06711858851321978
29.1,0.06646614928888689
29.150000000000002,0.06544335723020346
29.200000000000003,0.06503594099650123
29.25,0.06578446847751983
29.3,0.06712308714639689
29.35,0.06800469024444239
29.400000000000002,0.06794056246992715
29.450000000000003,0.06724979340672174
29.5,0.06681879074621636
29.55,0.06742458787220489
29.6,0.06887828606277194
29.650000000000002,0.07022472041554131
29.700000000000003,0.0707518249571964
29.75,0.07048934177759877
29.8,0.0701414679034155
29.85,0.07060324121752401
29.900000000000002,0.0720493953577192
29.950000000000003,0.07373083148401556
30.0,0.07480966170867023
30.05,0.0750412284198517
30.1,0.07488980073760135
30.150000000000002,0.07524980184609158
30.200000000000003,0.07660126275036538
30.25,0.07847914379766205
30.3,0.0800312594480184
30.35,0.08078464340792194
30.400000000000002,0.08093476575054331
30.450000000000003,0.0812689617356233
30.5,0.08248163416665873
30.55,0.08442571835874312
30.6,0.08634246102565366
30.650000000000002,0.0876036894356495
30.700000000000003,0.08813885894404783
30.75,0.08854377662513593
30.8,0.08961772853268327
30.85,0.09152128168041157
30.900000000000002,0.09367689095447865
30.950000000000003,0.09539123472864178
31.0,0.09636245785688669
31.05,0.09694035549627728
31.1,0.09791511898084047
31.150000000000002,0.09970583284048205
31.200000000000003,0.10197297999891128
31.25,0.10405117436282736
31.3,0.10546976161062757
31.35,0.10631360067326222
31.400000000000002,0.10725891888934708
31.450000000000003,0.10890427474763756
31.5,0.11116936533385433
31.55,0.11349865102868956
31.6,0.11533384074574801
31.650000000000002,0.11651349411440065
31.700000000000003,0.11751689981319963
31.75,0.11902388919912837
31.8,0.12119958040253251
31.85,0.1236580566189632
31.900000000000002,0.12584024059711824
31.950000000000003,0.12739147556404098
32.0,0.12854403745681897
32.050000000000004,0.1299539765561465
32.1,0.1319871394776321
32.15,0.13445907907542207
32.2,0.13688858754537142
32.25,0.1388064067696012
32.300000000000004,0.14018801918744683
32.35,0.14156752199458983
32.4,0.14344199080385267
32.45,0.1458315253648399
32.5,0.14839184444905573
32.550000000000004,0.15062950119167626
32.6,0.15229530975308903
32.65,0.1537244886897382
32.7,0.1554589210403906
32.75,0.1576999633059462
32.800000000000004,0.16027325544655707
32.85,0.16274753298935346
32.9,0.16471734545598588
32.95,0.16627629650232087
33.0,0.16791801329785144
33.050000000000004,0.16997925715470855
33.1,0.1724615097643738
33.15,0.1750637423134051
33.2,0.17731629152522568
33.25,0.17907111944143703
33.300000000000004,0.18068688386110718
33.35,0.1825718096672807
33.4,0.18488507309388832
33.45,0.18749617968990395
33.5,0.18996963819706275
33.550000000000004,0.19195967820734378
33.6,0.1936242617744932
33.65,0.19536687236170236
33.7,0.19746682763881618
33.75,0.19997372690872564
33.800000000000004,0.2025728680864896
33.85,0.20480112047385235
33.9,0.20658451020475593
33.95,0.2082418257456628
34.0,0.2101200523881543
34.050000000000004,0.2124305488777315
34.1,0.21503961358628038
34.15,0.21746838826784096
34.2,0.2194227912429106
34.25,0.2210650297761384
34.300000000000004,0.22274640290737074
34.35,0.22480009354748479
34.4,0.22729915274820908
34.45,0.2298522897338965
34.5,0.23200060031343334
34.550000000000004,0.23369977165737005
34.6,0.2352360557802857
34.65,0.23700983566752593
34.7,0.2392916600447695
34.75,0.24186347916328815
34.800000000000004,0.24419127138457986
34.85,0.2460089334038858
34.9,0.24746974966747126
34.95,0.24897772784075678
35.0,0.25096215028774993
35.050000000000004,0.2534318070540862
35.1,0.255884828831504
35.15,0.2578601197119515
35.2,0.259322223611367
35.25,0.26061086606055817
35.300000000000004,0.26225434820805205
35.35,0.2645030113083001
35.4,0.26699138154805685
35.45,0.2691309899390334
35.5,0.27066655330416967
35.550000000000004,0.2718063629620657
35.6,0.27310568320746686
35.65,0.2750333335062872
35.7,0.27744228296766277
35.75,0.27971438246712055
35.800000000000004,0.2813790240389079
35.85,0.2824540280116312
35.9,0.28344427024377267
35.95,0.28498314712390305
36.0,0.2871886040256476
36.050000000000004,0.28952258401343356
36.1,0.29134429764184994
36.15,0.2924402910250498
36.2,0.2931882232146536
36.25,0.29431089694724877
36.300000000000004,0.29619703405903447
36.35,0.2984899416366347
36.4,0.3004606062745057
36.45,0.301652865956703
36.5,0.30224713951648385
36.550000000000004,0.30296850364998684
36.6,0.3044439561533061
36.65,0.30657309912832154
36.7,0.308644524931443
36.75,0.309985815187547
36.800000000000004,0.31052525706303014
36.85,0.3108989543431136
36.9,0.31190890573463625
36.95,0.3137485265977759
37.0,0.3158346434859629
37.050000000000004,0.31734477822469304
37.1,0.31792569482250777
37.15,0.3180362475011759
37.2,0.31856874006597996
37.25,0.32000762236958025
37.300000000000004,0.3219933486699623
37.35,0.3236520678576853
37.4,0.32435530116868405
37.45,0.32430738241645457
37.5,0.32439358764391707
37.550000000000004,0.3253502945922561
37.6,0.3271060797498811
37.65,0.32885112983217407
37.7,0.329729809244028
37.75,0.32963582116514484
37.800000000000004,0.3293451261230816
37.85,0.32977833424404235
37.9,0.3311778736819047
37.95,0.332909643090113
38.0,0.3339790742119197
38.050000000000004,0.3339458423745847
38.1,0.33337716013566865
38.15,0.33328990923890556
38.2,0.3342276567911196
38.25,0.3358204827167467
38.300000000000004,0.3370520610469846
38.35,0.3371673708951378
38.400000000000006,0.33643803691743107
38.45,0.33587613902702085
38.5,0.3362813484044789
38.550000000000004,0.33759999979213906
38.6,0.33892101440415046
38.650000000000006,0.3392410469859029
38.7,0.338474264917834
38.75,0.33752010760975654
38.800000000000004,0.3373651761315862
38.85,0.33828359089878557
38.900000000000006,0.33958403451948993
38.95,0.34012333858317634
39.0,0.3394347832508639
39.050000000000004,0.3381980771907414
39.1,0.3375005180046119
39.150000000000006,0.33791919497355005
39.2,0.3390652854054492
39.25,0.33979134272416767
39.300000000000004,0.33927555063098136
39.35,0.3378822814424429
39.400000000000006,0.33670111167327993
39.45,0.33655993253471167
39.5,0.3374123740415203
39.550000000000004,0.33824664985678554
39.6,0.33796430730998694
39.650000000000006,0.33654459906640877
39.7,0.33497279676229247
39.75,0.3342573600256738
39.800000000000004,0.33469102338800977
39.85,0.33551744226095426
39.900000000000006,0.33548536787560884
39.95,0.3341605877147166
40.0,0.33231534590512535
40.050000000000004,0.33105662895031096
40.1,0.3309778458714435
40.150000000000006,0.33165804941394056
40.2,0.33184409424745115
40.25,0.33071364099092876
40.300000000000004,0.3287256039414741
40.35,0.3269942724845843
40.400000000000006,0.3263525643312083
40.45,0.3267455678665945
40.5,0.3270703883503943
40.550000000000004,0.3261992283747831
40.6,0.32420116491511497
40.650000000000006,0.3220986089170044
40.7,0.32089120746289307
40.75,0.3208737960693175
40.800000000000004,0.32122033810110856
40.85,0.3206291548880689
40.900000000000006,0.3187440888695724
40.95,0.3163921307205195
41.0,0.3146615338039792
41.050000000000004,0.3141454323349943
41.1,0.31437523611075363
41.150000000000006,0.31403552602014495
41.2,0.3123645070981869
41.25,0.3098949522079038
41.300000000000004,0.30772129684536526
41.35,0.3066639856026268
41.400000000000006,0.3066376295252514
41.45,0.3064737599160754
41.5,0.3050841826878617
41.550000000000004,0.3026284723747828
41.6,0.30011918975728297
41.650000000000006,0.2985269550861713
41.7,0.29812474582819165
41.75,0.29802377365008437
41.800000000000004,0.2969400568494107
41.85,0.2946187606635856
41.900000000000006,0.29189768685887163
41.95,0.28982148472507435
42.0,0.2889603427702427
42.050000000000004,0.2887885725072105
42.1,0.28798753316871023
42.150000000000006,0.28589957825840207
42.2,0.2830967370703738
42.25,0.2806230030038278
42.300000000000004,0.27926649316126584
42.35,0.278889939214839
42.400000000000006,0.27830288610712733
42.45,0.27651519248941403
42.5,0.2737574026700934
42.550000000000004,0.270996565818312
42.6,0.26915685643837295
42.650000000000006,0.268461626083346
42.7,0.2679839555711887
42.75,0.2665231077622987
42.800000000000004,0.2639249442304216
42.85,0.26100001147586505
42.900000000000006,0.25873257798948873
42.95,0.2576411475168669
43.0,0.2571483925109952
43.050000000000004,0.25599655115528847
43.1,0.2536513008990596
43.150000000000006,0.25068780675514984
43.2,0.2480812304096897
43.25,0.24656169270167017
43.300000000000004,0.24592919002551708
43.35,0.2450261803011213
43.400000000000006,0.24299718595631706
43.45,0.24011463746952183
43.5,0.23727842240688796
43.550000000000004,0.23534566499272416
43.6,0.23446793012977826
43.650000000000006,0.23372025439549926
43.7,0.23203399797531105
43.75,0.22933823532670988
43.800000000000004,0.22639112142229265
43.85,0.22410090225966997
43.900000000000006,0.22290684086581064
43.95,0.22220260443001805
44.0,0.22084547597657497
44.050000000000004,0.21842140310643612
44.1,0.2154815397615407
44.150000000000006,0.21291989792741564
44.2,0.2113811351113955
44.25,0.21060818569906473
44.300000000000004,0.20952867199350675
44.35,0.2074334882297531
44.400000000000006,0.20461063138133206
44.45,0.20188158133439252
44.5,0.2000130449437601
44.550000000000004,0.1990766500749267
44.6,0.19819359769557432
44.650000000000006,0.19645155604953018
44.7,0.1938406917518215
44.75,0.1910546817032925
44.800000000000004,0.18890849270135474
44.85,0.18774498456692584
44.900000000000006,0.18696098741061534
44.95,0.18556127207150477
45.0,0.18323702160244298
45.050000000000004,0.18050154246489253
45.1,0.1781566222342668
45.150000000000006,0.1767405830650671
45.2,0.17595802753549122
45.25,0.1748571818096621
45.300000000000004,0.17286890669899274
45.35,0.1702814642350579
45.400000000000006,0.16783170217857635
45.45,0.16617602329544234
45.5,0.16531248930198167
45.550000000000004,0.16444188408551885
45.6,0.1628101876681759
45.650000000000006,0.1604530879682405
45.7,0.1579964391296959
45.75,0.15614634751709855
45.800000000000004,0.15514623006935735
45.85,0.15442367318723552
45.900000000000006,0.15313949218324205
45.95,0.15107577458259494
46.0,0.14870562503798548
46.050000000000004,0.14672896902858376
46.1,0.14556927829145233
46.150000000000006,0.144912584986835
46.2,0.1439399304220382
46.25,0.1422102159639405
46.300000000000004,0.14000926384693552
46.35,0.1379856855674385
46.400000000000006,0.13667558699358082
46.45,0.13601528372278548
46.5,0.13529789765323222
46.550000000000004,0.13391854948731705
46.6,0.13195473011390524
46.650000000000006,0.12996588053054858
46.7,0.12854108196145264
46.75,0.1278296534729336
46.800000000000004,0.1273007065078702
46.85,0.12626409153327373
46.900000000000006,0.12458791633292438
46.95,0.12270992787006683
47.0,0.12122401742688274
47.050000000000004,0.12044012402208637
47.1,0.12003308052465078
47.150000000000006,0.11931059239927269
47.2,0.11795357670364306
47.25,0.11625204302619555
47.300000000000004,0.11476710142684282
47.35,0.11391459296175507
47.400000000000006,0.11357294781270678
47.45,0.11312080192046486
47.5,0.11209511977122619
47.550000000000004,0.1106221954879492
47.6,0.10920053882848252
47.650000000000006,0.10830337190619733
47.7,0.10798728850275038
47.75,0.10775421698969855
47.800000000000004,0.10705399046071332
47.85,0.10584704974331977
47.900000000000006,0.10454512712251757
47.95,0.10364005111016725
48.0,0.10332886153773688
48.050000000000004,0.10326414072638908
48.1,0.10286863136011189
48.150000000000006,0.10195011293605918
48.2,0.10081476994109587
48.25,0.09994373309628253
48.300000000000004,0.09963442750379928
48.35,0.09969449390721064
48.400000000000006,0.09957294806546833
48.45,0.09895131102772191
48.5,0.09801810619572124
48.550000000000004,0.09722186846586016
48.6,0.0969246790095325
48.650000000000006,0.0970770189259837
48.7,0.09719429035759898
48.75,0.09686614416228626
48.800000000000004,0.09615924360746445
48.85,0.09547296994174516
48.900000000000006,0.09520564605527493
48.95,0.09542949224201192
49.0,0.09575116988438578
49.050000000000004,0.09570448328338049
49.1,0.09523774907838264
49.150000000000006,0.09468871256318809
49.2,0.09447101817789041
49.25,0.09475531001584642
49.300000000000004,0.0952511516617629
49.35,0.09546905364537545
49.400000000000006,0.09524808231681002
49.45,0.09485521752450249
49.5,0.0947047126836699
49.550000000000004,0.09504443540587182
49.6,0.09568944569990588
49.650000000000006,0.09615374298844259
49.7,0.09617862200559733
49.75,0.0959535441450689
49.800000000000004,0.09588312052279835
49.85,0.09627534367152948
49.900000000000006,0.0970486098005055
49.95,0.09774203227048536
50.0,0.09801040264305444
50.050000000000004,0.09795952525811216
50.1,0.09797669572576825
50.150000000000006,0.09841739720250826
50.2,0.09929948392355284
50.25,0.100205973736775
50.300000000000004,0.10071570981225211
50.35,0.10084309831609703
50.400000000000006,0.10095080051538655
50.45,0.10143307868617116
50.5,0.10240312834338866
50.550000000000004,0.10350612876285166
50.6,0.10425677784411222
50.650000000000006,0.10456727220138351
50.7,0.10476588162500758
50.75,0.10527967487711903
50.800000000000004,0.10631327317740763
50.85,0.10759268326903368
50.900000000000006,0.10858494658004429
50.95,0.10908688734140382
51.0,0.10937710985925878
51.050000000000004,0.10991024260184348
51.1,0.11097869981354107
51.150000000000006,0.11240763683179852
51.2,0.11364067729857134
51.25,0.11434739624430156
51.300000000000004,0.11473360912378786
51.35,0.11527389487810838
51.400000000000006,0.1163450764166791
51.45,0.11788764196938123
51.5,0.11935472650399953
51.550000000000004,0.12028398949853106
51.6,0.12077740294089354
51.650000000000006,0.12131554939215008
51.7,0.12235599572586216
51.75,0.1239668853220203
51.800000000000004,0.125650518194533
51.85,0.12682145994061467
51.900000000000006,0.12744226015231247
51.95,0.12797528649737913
52.0,0.12895321033019863
52.050000000000004,0.13057942031255232
52.1,0.13244741566132148
52.150000000000006,0.13387516562978927
52.2,0.13465272060298808
52.25,0.1351874320989009
52.300000000000004,0.13607623332946994
52.35,0.13766055749331246
52.400000000000006,0.1396643062393177
52.45,0.14135327630166006
52.5,0.14232367671684643
52.550000000000004,0.14287948592638244
52.6,0.143661526231265
52.650000000000006,0.1451472014883714
52.7,0.14722279884382272
52.75,0.14916018491175706
52.800000000000004,0.1503609121414501
52.85,0.15097108989348929
52.900000000000006,0.15164145647523636
52.95,0.15297727995197058
53.0,0.15504943988390926
53.050000000000004,0.15720062488854972
53.1,0.15866290103288774
53.150000000000006,0.15937334543425685
53.2,0.1599431499245535
53.25,0.1610885570016687
53.300000000000004,0.16307662716886723
53.35,0.16538378494897438
53.400000000000006,0.16712393706478193
53.45,0.1679888732803791
53.5,0.1684873634603462
53.550000000000004,0.16941713874174835
53.6,0.17124222973472572
53.650000000000006,0.17362666373749547
53.7,0.1756383328735866
53.75,0.17671299377873242
53.800000000000004,0.17718758133207957
53.85,0.17789590577162406
53.900000000000006,0.17948818604154265
53.95,0.18185608135020362
54.0,0.18410510627418952
54.050000000000004,0.18543625344794218
54.1,0.18594965089283577
54.150000000000006,0.18645303041172523
54.2,0.18775848152831084
54.25,0.19000909395624035
54.300000000000004,0.19243236914279926
54.35,0.19404824761072947
54.400000000000006,0.19467233625415384
54.45,0.19501072607377096
54.5,0.19599689547417887
54.550000000000004,0.19803191503028209
54.6,0.20054064490806048
54.650000000000006,0.20244235514817435
54.7,0.20324911190099135
54.75,0.2034844450578824
54.800000000000004,0.20414481445058458
54.85,0.20587771343218683
54.900000000000006,0.2083645667894436
54.95,0.21052071166439223
55.0,0.21157132118243016
55.050000000000004,0.21178283330484832
55.1,0.21213932102621688
55.150000000000006,0.21350377331531847
55.2,0.2158527693287395
55.25,0.2181986058167511
55.300000000000004,0.21953252445398067
55.35,0.21980877864045212
55.400000000000006,0.21991174580337366
55.45,0.2208684750700834
55.5,0.22296615176774687
55.550000000000004,0.22540755166228527
55.6,0.2270335416818383
55.650000000000006,0.2274617882327168
55.7,0.22738692057790222
55.75,0.22792845707819026
55.800000000000004,0.22967495088734746
55.85,0.23209655294321346
55.900000000000006,0.2339874559064824
55.95,0.23464169703624263
56.0,0.23448342836984576
56.050000000000004,0.23463622801568074
56.1,0.2359551633590184
56.150000000000006,0.23823144448923905
56.2,0.24032377139488967
56.25,0.24125340011846927
56.300000000000004,0.24111512646005828
56.35,0.24093847189493023
56.400000000000006,0.2417848261396492
56.45,0.24379254927532168
56.5,0.24599104656890347
56.550000000000004,0.24721201321814995
56.6,0.24719406855860787
56.650000000000006,0.24677531431862693
56.7,0.24714056843458393
56.75,0.24877112849279137
56.800000000000004,0.2509576108274273
56.85,0.25244769340964024
56.900000000000006,0.2526346865380311
56.95,0.25208083281709465
57.0,0.2519947663740394
57.050000000000004,0.25316519063026977
57.1,0.25521033359112455
57.150000000000006,0.2569093565037464
57.2,0.25735878709330134
57.25,0.25678501768806916
57.300000000000004,0.2563136015154454
57.35,0.25697519461897433
57.400000000000006,0.25875173461407597
57.45,0.26056671266888826
57.5,0.2613006763213837
57.550000000000004,0.2608171862503691
57.6,0.2600563267670178
57.650000000000006,0.26020010018246514
57.7,0.26159592953900557
57.75,0.2634103488705799
57.800000000000004,0.264411630500897
57.85,0.26411055885787493
57.900000000000006,0.2631760106760065
57.95,0.2628341505596868
58.0,0.2637639757441983
58.050000000000004,0.26544992126177985
58.1,0.2666630194939003
58.150000000000006,0.26660741254858744
58.2,0.265621894065365
58.25,0.2648647437170562
58.300000000000004,0.26527915731190577
58.35,0.266710791745851
58.400000000000006,0.26804763250068636
58.45,0.26826404275842497
58.5,0.2673432347812685
58.550000000000004,0.2662717279513933
58.6,0.2661626858728925
58.650000000000006,0.2672296005617379
58.7,0.26857907535484726
58.75,0.2690547549359797
58.800000000000004,0.26829419528730464
58.85,0.2670283788557026
58.900000000000006,0.2664302453594305
58.95,0.2670493146759745
59.0,0.2682894080007668
59.050000000000004,0.26897428296488324
59.1,0.2684390532864948
59.150000000000006,0.2671041191444754
59.2,0.2660897823474905
59.25,0.26621427237884354
59.300000000000004,0.2672253991073662
59.35,0.2680383320642784
59.400000000000006,0.2677568930419406
59.45,0.2664687333614463
59.5,0.2651409013881313
59.550000000000004,0.26476570790138665
59.6,0.26544387278914744
59.650000000000006,0.26628227154215106
59.7,0.2662450166503364
59.75,0.26509748593840227
59.800000000000004,0.26357610203669485
59.85,0.2627382148149719
59.900000000000006,0.2630066397934666
59.95,0.2637582607551409
60.0,0.263920577253129
60.050000000000004,0.2629762975530255
60.1,0.2613838462058265
60.150000000000006,0.2601575845919105
60.2,0.25997549228188116
60.25,0.26053122838546794
60.300000000000004,0.2608202925216667
60.35,0.26010607647587775
60.400000000000006,0.25855309166227974
60.45,0.2570403923545904
60.5,0.2564077344935858
60.550000000000004,0.25667415319722164
60.6,0.2569984302106433
60.650000000000006,0.2565054724908667
60.7,0.25507856807676066
60.75,0.2533955379151608
60.800000000000004,0.25235272531242603
60.85,0.2522630720106872
60.900000000000006,0.2525234716980249
60.95,0.2522116686554881
61.0,0.25096584201336064
61.050000000000004,0.2492276568376734
61.1,0.24784989333712296
61.150000000000006,0.24737222873555154
61.2,0.24747392091627513
61.25,0.2472792351667204
61.300000000000004,0.2462352207971474
61.35,0.24454193071749977
61.400000000000006,0.24292859989397592
61.45,0.2420698021704401
61.5,0.2419336770391314
61.550000000000004,0.24177740780670154
61.6,0.24092379948237724
61.650000000000006,0.23934945971542665
61.7,0.23761002305146456
61.75,0.23641468785368527
61.800000000000004,0.23598731684033114
61.85,0.235786325436275
61.900000000000006,0.2350853810001104
61.95,0.23367215672675434
62.0,0.2319109042641409
62.050000000000004,0.23045480672002666
62.1,0.22971561228697918
62.150000000000006,0.22939274925812694
62.2,0.22878845647690688
62.25,0.22754618298065493
62.300000000000004,0.22584859204622582
62.35,0.2242273124048123
62.400000000000006,0.22319165863330592
62.45,0.2226856583475385
62.5,0.22211277560653758
62.550000000000004,0.22102327220646192
62.6,0.21944645425353743
62.650000000000006,0.21776083339179592
62.7,0.21647806180591436
62.75,0.21575198449792257
62.800000000000004,0.21514517219338458
62.85,0.21416978336702022
62.900000000000006,0.2127385564718205
62.95,0.2110795243415101
63.0,0.2096256518325994
63.050000000000004,0.20867270689529524
63.1,0.20797523302819843
63.150000000000006,0.2070638194074155
63.2,0.20577261489294355
63.25,0.20420828236983474
63.300000000000004,0.20267408228387163
63.35,0.20151959047881246
63.400000000000006,0.20069119538472271
63.45,0.19979109673787684
63.5,0.1986106187354031
63.550000000000004,0.19717813397519118
63.6,0.19565441686947288
63.650000000000006,0.19435295690249846
63.7,0.19337626330316657
63.75,0.19244035645494853
63.800000000000004,0.1913270619290547
63.85,0.19003065658041363
63.900000000000006,0.18859342225108344
63.95,0.1872209209983534
64.0,0.18610545357578318
64.05,0.18509897925822294
64.10000000000001,0.18400525113011787
64.15,0.1828204525121552
64.2,0.1815188665813835
64.25,0.18016042587069364
64.3,0.1789431409417151
64.35000000000001,0.1778492001917195
64.4,0.17673250698885953
64.45,0.17561512320884243
64.5,0.17446479421477484
64.55,0.1732001433950372
64.60000000000001,0.17194159560732225
64.65,0.17076506282735965
64.7,0.16959516130625388
64.75,0.1684927693878275
64.8,0.16747563924294728
64.85000000000001,0.1663649195028338
64.9,0.16514087531189475
64.95,0.16391012547981104
65.0,0.16267408786395093
65.05,0.16153758627128584
65.10000000000001,0.16060822881674497
65.15,0.1596810354908368
65.2,0.15857035293012434
65.25,0.15733596516568943
65.3,0.15604119360674523
65.35000000000001,0.1548344711581341
65.4,0.15393118283752427
65.45,0.15318125659945142
65.5,0.1522519056344615
65.55,0.15108164674058933
65.60000000000001,0.1497569891863083
65.65,0.14846363296177714
65.7,0.14752180691868663
65.75,0.14690856599807117
65.8,0.14620441877952267
65.85000000000001,0.14517440900443207
65.9,0.14386917915968284
65.95,0.14249600956961617
66.0,0.14146111817353457
66.05,0.14091769583961944
66.10000000000001,0.14044887703025105
66.15,0.1396317622055253
66.2,0.13841220196758192
66.25,0.1369899636371159
66.3,0.13582798287359774
66.35000000000001,0.13527402988579937
66.4,0.13501305402569141
66.45,0.13446496532886043
66.5,0.1334077459794397
66.55,0.13198938557163564
66.60000000000001,0.13069340870297386
66.65,0.13005003250471212
66.7,0.12993477470999432
66.75,0.12968351544151896
66.8,0.12886634959678728
66.85000000000001,0.12752310683083495
66.9,0.12611584694074857
66.95,0.1253198818134825
67.0,0.12526295445013386
67.05,0.12529994781012935
67.10000000000001,0.12479015619173259
67.15,0.12360546270518011
67.2,0.12213802208615687
67.25,0.12115330575509714
67.3,0.12105607113113495
67.35000000000001,0.12133403554743132
67.4,0.12117670877612999
67.45,0.12023789312220007
67.5,0.1187854512776354
67.55,0.1176096766259632
67.60000000000001,0.11737827402841852
67.65,0.11781547972333625
67.7,0.11802338999290629
67.75,0.11741152726527185
67.8,0.11606655571408292
67.85000000000001,0.11473324077819755
67.9,0.11429381610300421
67.95,0.11478442083801702
68.0,0.11533184704669455
68.05,0.11511066857208196
68.10000000000001,0.1139741473703875
68.15,0.11255003932570824
68.2,0.11186078661933288
68.25,0.11228952826553823
68.3,0.11311159721996088
68.35000000000001,0.11331695299010053
68.4,0.11248806285515509
68.45,0.1110667287626381
68.5,0.11012516918522207
68.55,0.11038391810457798
68.60000000000001,0.11138205736839184
68.65,0.11201374424797697
68.7,0.11157872896730313
68.75,0.11027123294297403
68.8,0.10911608861368689
68.85000000000001,0.10911957196455901
68.9,0.11017248794010016
68.95,0.1111901488890572
69.0,0.11121140638614713
69.05,0.11013499132758098
69.10000000000001,0.10884282199555104
69.15,0.10854117434385624
69.2,0.10951973034733467
69.25,0.11084397033637772
69.3,0.11135074957118712
69.35000000000001,0.11061649160288708
69.4,0.10929383038834548
69.45,0.1086803209297801
69.5,0.10946403952019715
69.55,0.11098302266667606
69.60000000000001,0.11196518603884704
69.65,0.11166572925476673
69.7,0.11043779154089126
69.75,0.10955090986696014
69.8,0.11004365611010505
69.85000000000001,0.11162448026569452
69.9,0.11303053261515891
69.95,0.11322917315873132
70.0,0.1122264131135485
70.05,0.11114628466123451
70.10000000000001,0.11128894747853402
70.15,0.11279228515423301
70.2,0.11453229422813453
70.25,0.1152547305490885
70.3,0.11459866806784547
70.35000000000001,0.11343842279716207
70.4,0.11321695935489756
70.45,0.1145129753294524
70.5,0.11646625355407128
70.55,0.1176961388197025
70.60000000000001,0.11748598520924605
70.65,0.11637920765501235
70.7,0.11582710086325429
70.75,0.1168105466500203
70.8,0.11883722740746025
70.85000000000001,0.12051622291247041
70.9,0.12081782717732165
70.95,0.11990360204656345
71.0,0.119098493835057
71.05,0.1197010707988488
71.10000000000001,0.1216561690958374
71.15,0.12368858098555674
71.2,0.12452701103167207
71.25,0.12393435391673799
71.3,0.12298929970957614
71.35000000000001,0.12318777168696285
71.4,0.12493605312222075
71.45,0.12719748973814618
71.5,0.1285541176500778
71.55,0.1283876964364482
71.60000000000001,0.1274381163359363
71.65,0.1272571592152557
71.7,0.12868712764046075
71.75,0.13103610446174108
71.8,0.13285043674310587
71.85000000000001,0.1331793621571113
71.9,0.13236731630873663
71.95,0.13187668049858478
72.0,0.13291214530920442
72.05,0.13520329417889992
72.10000000000001,0.13737911077385445
72.15,0.13823015065562447
72.2,0.1376879757117073
72.25,0.13699419599508236
72.3,0.13760211851090653
72.35000000000001,0.1396996291900977
72.4,0.14211443515574312
72.45,0.14347032187829653
72.5,0.14330582435560965
72.55,0.14253941585274696
72.60000000000001,0.14273304721098948
72.65,0.1445230891309951
72.7,0.14703957400010756
72.75,0.14884226245605048
72.8,0.14912746668978533
72.85000000000001,0.1484272262619682
72.9,0.14826397682542722
72.95,0.1496649970150221
73.0,0.15214318356389125
73.05,0.15430116993285237
73.10000000000001,0.15506603243615832
73.15,0.15456259498818542
73.2,0.15413665792587167
73.25,0.15510656650965152
73.3,0.15741554150367026
73.35000000000001,0.1598138526869679
73.4,0.16104547539976607
73.45,0.16084649263949158
73.5,0.16027696606733285
73.55,0.16081634504295375
73.60000000000001,0.16284474250523434
73.65,0.16535606206852194
73.7,0.1670029691900972
73.75,0.16718205346723197
73.8,0.1665980651798324
73.85000000000001,0.1667487808336363
73.9,0.16841337593225159
73.95,0.17090897857694926
74.0,0.1728892093467421
74.05,0.17348009825371666
74.10000000000001,0.17300505772390543
74.15,0.1728441184809207
74.2,0.17409592623801318
74.25,0.17645552024194364
74.3,0.17866683014567433
74.35000000000001,0.17966321556865267
74.4,0.17940059484799364
74.45,0.17902977721833813
74.5,0.17985701322763442
74.55,0.1819770310667765
74.60000000000001,0.18430747446791187
74.65,0.18566786244399813
74.7,0.18569068904934866
74.75,0.1852232349517124
74.8,0.18565055493780425
74.85000000000001,0.18745069396765313
74.9,0.18978823555690932
74.95,0.19144434654157919
75.0,0.19178986347799296
75.05,0.1913362197688397
75.10000000000001,0.1914199617883512
75.15,0.1928477861798133
75.2,0.19508818736364752
75.25,0.19695497827575822
75.3,0.1976248519992669
75.35000000000001,0.19727974259576914
75.4,0.1970994802306068
75.45,0.19813274505191736
75.5,0.20018555506387095
75.55,0.20217101305450605
75.60000000000001,0.2031363440488017
75.65,0.20296927186080016
75.7,0.2026167256542462
75.75,0.20326298072840296
75.8,0.20505581505599188
75.85000000000001,0.20706915935336892
75.9,0.20827868460021107
75.95,0.2083292437947174
76.0,0.20789625872398884
76.05,0.20818942847615157
76.10000000000001,0.20967074914629946
76.15,0.21162838715697432
76.2,0.21301787097438607
76.25,0.2132961850403265
76.3,0.21286381321392833
76.35000000000001,0.21285789178518705
76.4,0.21399830161337718
76.45,0.2158275688853266
76.5,0.21732850754532554
76.55,0.21782000366010462
76.60000000000001,0.21745056630208864
76.65,0.2172112029679666
76.7,0.21800304565331632
76.75,0.2196441957328438
76.80000000000001,0.22119050692341166
76.85000000000001,0.22186341202066023
76.9,0.22159674761506812
76.95,0.22119209127079448
77.0,0.2216471309176933
77.05000000000001,0.22305412915345285
77.10000000000001,0.22458625286288064
77.15,0.22539985671401408
77.2,0.22525397096120425
77.25,0.22474644306477898
77.30000000000001,0.2248916724361108
77.35000000000001,0.22603215436134613
77.4,0.22749871555819007
77.45,0.2284106200904355
77.5,0.22838594129660583
77.55000000000001,0.22782645553000522
77.60000000000001,0.22769856366823907
77.65,0.22855304378023178
77.7,0.22991071473095206
77.75,0.23088185094303593
77.80000000000001,0.23096756767607737
77.85000000000001,0.23039311644513488
77.9,0.23003261467546215
77.95,0.23059289391525312
78.0,0.23180524602862154
78.05000000000001,0.23280218026590616
78.10000000000001,0.23298288102236941
78.15,0.23241754036388595
78.2,0.2318637663679043
78.25,0.2321305957553745
78.30000000000001,0.233166592540292
78.35000000000001,0.2341613430301411
78.4,0.2344223955496541
78.45,0.23388094487540784
78.5,0.23316899918290196
78.55000000000001,0.233149352864413
78.60000000000001,0.23398187099156662
78.65,0.2349499429206044
78.7,0.23528060128248132
78.75,0.23477338578557472
78.80000000000001,0.23393352504221673
78.85000000000001,0.23363813169288164
78.9,0.2342426970919508
78.95,0.23516024077135803
79.0,0.2355541455723522
79.05000000000001,0.2350916750126237
79.10000000000001,0.23415096686698184
79.15,0.23359284179239023
79.2,0.2339467389706944
79.25,0.23478767188310043
79.30000000000001,0.23524102400057534
79.35000000000001,0.23483707699977718
79.4,0.23382246906435752
79.45,0.23301697382612535
79.5,0.2330989934600077
79.55000000000001,0.23383272340775885
79.60000000000001,0.23434084092491653
79.65,0.2340133717862402
79.7,0.2329549681604435
79.75,0.2319214442829283
79.80000000000001,0.23171263108638893
79.85000000000001,0.232302816453204
79.9,0.2328559833129153
79.95,0.23262571218870814
80.0,0.23155908251964263
80.05000000000001,0.23032353688026175
80.10000000000001,0.22980923087239108
80.15,0.23021389690156388
80.2,0.23079341180646779
80.25,0.2306804660607665
80.30000000000001,0.22964717004795593
80.35000000000001,0.22824505979092477
80.4,0.2274182243549741
80.45,0.22759149752489033
80.5,0.22816671300281618
80.55000000000001,0.22818600581637788
80.60000000000001,0.22723202743913073
80.65,0.22571007492487566
80.7,0.22457544634252816
80.75,0.22447106896962668
80.80000000000001,0.22499805747035706
80.85000000000001,0.22515424046143123
80.9,0.22432650672189897
80.95,0.2227427069945025
81.0,0.221320862166936
81.05000000000001,0.22089740480066022
81.10000000000001,0.22131973960951395
81.15,0.22160259454966422
81.2,0.2209440886437938
81.25,0.2193655418414684
81.30000000000001,0.21769576532479373
81.35000000000001,0.2169230490591692
81.4,0.21717501403360914
81.45,0.21755610791643443
81.5,0.2171002573028814
81.55000000000001,0.21559897307811576
81.60000000000001,0.2137399332498064
81.65,0.21260570998066614
81.7,0.21261798471705987
81.75,0.21304933176723873
81.80000000000001,0.21281440727762446
81.85000000000001,0.21146161475380498
81.9,0.2094893075388243
81.95,0.2080049078651149
82.0,0.20771236752968128
82.05000000000001,0.20812770782264894
82.10000000000001,0.20811197933124534
82.15,0.20697165743577597
82.2,0.20497468192493618
82.25,0.2031783070479362
82.30000000000001,0.20252906395020945
82.35000000000001,0.20284813249832104
82.4,0.20302653079841057
82.45,0.20214888101466696
82.5,0.20022165577915796
82.55000000000001,0.1981783393436195
82.60000000000001,0.19714266872400815
82.65,0.19727844352164658
82.7,0.19760146454468758
82.75,0.19701697671357593
82.80000000000001,0.19525182241421238
82.85000000000001,0.19304974302844485
82.9,0.1916272658581724
82.95,0.19149565034406407
83.0,0.1918911448574664
83.05000000000001,0.1916058519081412
83.10000000000001,0.19008491105813885
83.15,0.18782848601706514
83.2,0.1860520858349044
83.25,0.18558288422349994
83.30000000000001,0.1859611268961499
83.35000000000001,0.18595364729594446
83.4,0.18474146151377804
83.45,0.18254225048060627
83.5,0.18047772292854647
83.55000000000001,0.17962526493704592
83.60000000000001,0.1798872506918034
83.65,0.18010824142971918
83.7,0.17924559561363318
83.75,0.17721232299422837
83.80000000000001,0.17495357916388282
83.85000000000001,0.17370512961887785
83.9,0.17375343989243125
83.95,0.17412803106416758
84.0,0.17362752238455642
84.05000000000001,0.1718564691581312
84.10000000000001,0.1695169920085512
84.15,0.16789727822682535
84.2,0.16764821875739355
84.25,0.16808176998083957
84.30000000000001,0.16792551523897778
84.35000000000001,0.166492246659112
84.4,0.16419416338048592
84.45,0.1622649859541564
84.5,0.16166020026663444
84.55000000000001,0.16204726565345506
84.60000000000001,0.16218717914129516
84.65,0.16114023115337683
84.7,0.15900264033246808
84.75,0.15685746253545835
84.80000000000001,0.1558730491048385
84.85000000000001,0.1561088189755063
84.9,0.15646986148888725
84.95,0.1558267448073363
85.0,0.15395481777940492
85.05000000000001,0.15170919491365992
85.10000000000001,0.1503606130504506
85.15,0.15035346731201155
85.2,0.1508400661307845
85.25,0.15058581909655291
85.30000000000001,0.14906181426965517
85.35000000000001,0.14684124553269434
85.4,0.14518297915994977
85.45,0.14486632940917255
85.5,0.14537174864370975
85.55000000000001,0.14546023853530826
85.60000000000001,0.14433711404632046
85.65,0.14226419556047454
85.7,0.14038410985114488
85.75,0.13972558720427247
85.80000000000001,0.1401434515175293
85.85000000000001,0.14050157919652098
85.9,0.13979951404747354
85.95,0.13798213412096036
86.0,0.13599145416933836
86.05000000000001,0.13499779835063608
86.10000000000001,0.13523440150397179
86.15,0.13576918739286198
86.2,0.13547508778350126
86.25,0.13399697473096983
86.30000000000001,0.13201756521489028
86.35000000000001,0.1307342578954082
86.4,0.1307199100466234
86.45,0.13132807738532382
86.5,0.1313980255679458
86.55000000000001,0.13031243007265506
86.60000000000001,0.12846337944561687
86.65,0.1269689984141098
86.7,0.1266666226097086
86.75,0.12724580592509183
86.80000000000001,0.12761031347901258
86.85000000000001,0.1269371360920945
86.9,0.1253225306851486
86.95,0.12371875482785204
87.0,0.1231282784454992
87.05000000000001,0.1235885254731672
87.10000000000001,0.12416028171526944
87.15,0.12388660927220126
87.2,0.12258595072373824
87.25,0.12098487740157511
87.30000000000001,0.12014262281278705
87.35000000000001,0.12041660104030495
87.4,0.12110011428426361
87.45,0.12118389451251319
87.5,0.12024605396852839
87.55000000000001,0.11875683331850037
87.60000000000001,0.11772995735587444
87.65,0.11778033238040171
87.7,0.11848249694977048
87.75,0.11885889968100644
87.80000000000001,0.11829996142311713
87.85000000000001,0.11701667821190334
87.9,0.11589355630887187
87.95,0.1157163844108299
88.0,0.11635670204699225
88.05000000000001,0.11694652461989391
88.10000000000001,0.11675141721486594
88.15,0.11574376294583165
88.2,0.1146218713289287
88.25,0.11424545992165674
88.30000000000001,0.11476454418521369
88.35000000000001,0.11548379241670528
88.4,0.11561124101469841
88.45,0.11491897482707095
88.5,0.11389215826602789
88.55000000000001,0.11337156537222028
88.60000000000001,0.11373673467658149
88.65,0.11450629144255653
88.7,0.11489633019752472
88.75,0.1145279531739588
88.80000000000001,0.11367494411608617
88.85000000000001,0.11308297256638256
88.9,0.11329015819242523
88.95,0.11404433820396082
89.0,0.1146273828158539
89.05000000000001,0.11456290641290906
89.10000000000001,0.11393865244819118
89.15,0.1133547224849038
89.2,0.11342647276975495
89.25,0.11411935180384256
89.30000000000001,0.11482565874795933
89.35000000000001,0.11502285236626628
89.4,0.11465372672585823
89.45,0.11415229752332928
89.5,0.11413222489100178
89.55000000000001,0.11474094966206122
89.60000000000001,0.11550922253090719
89.65,0.11591229822054785
89.7,0.11579570357205762
89.75,0.11543593525275958
89.80000000000001,0.11538043695184236
89.85000000000001,0.11590519417064118
89.9,0.11668919927697417
89.95,0.11723857673835665
90.0,0.11734684965066795
90.05000000000001,0.1171649870631885
90.10000000000001,0.11713342217472103
90.15,0.11759423984135045
90.2,0.11836660038706373
90.25,0.11900825071704046
90.30000000000001,0.11929616088163184
90.35000000000001,0.11930173833094396
90.4,0.11934644099635004
90.45,0.11977739605657975
90.5,0.12053021253610616
90.55000000000001,0.12122315708890535
90.60000000000001,0.12163773102614236
90.65,0.12181418611134852
90.7,0.1219717349775691
90.75,0.1224134027453572
90.80000000000001,0.1231558794493985
90.85000000000001,0.12387674550940586
90.9,0.12436773222604289
90.95,0.12467739470023514
91.0,0.12496244847907817
91.05000000000001,0.12545357127960774
91.10000000000001,0.1262072635337556
91.15,0.12695134187609325
91.2,0.12748049209060963
91.25,0.12787321139345392
91.30000000000001,0.12827596295522423
91.35000000000001,0.1288453848746811
91.4,0.1296379150790586
91.45,0.13041682172505
91.5,0.13096434834568454
91.55000000000001,0.13138833359732902
91.60000000000001,0.13187621597968255
91.65,0.13253615730946938
91.7,0.1333942776263417
91.75,0.13423092632198672
91.80000000000001,0.13479805044263032
91.85000000000001,0.1352109780003549
91.9,0.13573465773106635
91.95,0.13647637772748022
92.0,0.13741917124612507
92.05000000000001,0.13834114532341169
92.10000000000001,0.13894841437932676
92.15,0.13932668289654793
92.2,0.13982962542285637
92.25,0.14062239612815391
92.30000000000001,0.14165532031553973
92.35000000000001,0.14268780400419678
92.4,0.14336971710762397
92.45,0.1437140063901042
92.5,0.1441441121508067
92.55000000000001,0.14493812583928845
92.60000000000001,0.1460485811582649
92.65,0.14720781248809903
92.7,0.1480049792598816
92.75,0.14834098309466756
92.80000000000001,0.14866217611945687
92.85000000000001,0.1493954757347786
92.9,0.1505506148921507
92.95,0.1518385044509037
93.0,0.15278890824488187
93.05000000000001,0.15316311332663302
93.10000000000001,0.1533645421100096
93.15,0.1539733115860571
93.2,0.1551208000502971
93.25,0.15652109708723824
93.30000000000001,0.1576519586961962
93.35000000000001,0.15812337938554677
93.4,0.15822420612862825
93.45,0.1586549174693674
93.5,0.15972718553174534
93.55000000000001,0.16120347414857455
93.60000000000001,0.16252480222715954
93.65,0.16315437144402017
93.7,0.1632029670070806
93.75,0.16342419291998225
93.80000000000001,0.16434628194266973
93.85000000000001,0.16584214622620436
93.9,0.16734252105138803
93.95,0.1681821657764058
94.0,0.16824970645500292
94.05000000000001,0.16826113740527496
94.10000000000001,0.1689615331634641
94.15,0.17040332143720938
94.2,0.17204801747524767
94.25,0.17313125248581424
94.30000000000001,0.17330091872714648
94.35000000000001,0.17313744767527778
94.4,0.17356044881116547
94.45,0.17486302088048253
94.5,0.1765943757311731
94.55000000000001,0.17792965517041143
94.60000000000001,0.17828352316884147
94.65,0.17801317500053238
94.7,0.17813062508364935
94.75,0.17920614108589833
94.80000000000001,0.18094612410320104
94.85000000000001,0.18251345243735528
94.9,0.183119502299992
94.95,0.1828352807368709
95.0,0.18265519141899933
95.05000000000001,0.18342437000330383
95.10000000000001,0.1850794575331225
95.15,0.18683015226586627
95.2,0.18773153506851922
95.25,0.18753858543559962
95.30000000000001,0.187108494450738
95.35000000000001,0.18751296516158658
95.4,0.1889814870759522
95.45,0.19084067923173673
95.5,0.19204864532308258
95.55000000000001,0.1920491057552187
95.60000000000001,0.19145295199708678
95.65,0.1914666210592992
95.7,0.19264853224957187
95.75,0.19451999802688033
95.80000000000001,0.19601098758656513
95.85000000000001,0.1962892512658128
95.9,0.19563789690256733
95.95,0.1952749425423561
96.0,0.19608344476285208
96.05000000000001,0.1978565414497047
96.10000000000001,0.19957318444998517
96.15,0.20018396211590975
96.2,0.19960087841749455
96.25,0.19891830038267536
96.30000000000001,0.19929201769775978
96.35000000000001,0.2008506290414327
96.4,0.20270599098272196
96.45,0.20366672175113806
96.5,0.20327137718342292
96.55000000000001,0.2023649556949397
96.60000000000001,0.202278717277755
96.65,0.2035120054949437
96.7,0.20539636678676032
96.75,0.20668450461773097
96.80000000000001,0.20657635923422918
96.85000000000001,0.20557022029137575
96.9,0.20504223216612294
96.95,0.20585657874597613
97.0,0.20764620888997942
97.05000000000001,0.20920104753925084
97.10000000000001,0.2094467004499611
97.15,0.2084780676291484
97.2,0.20757156742401284
97.25,0.20790247091430952
97.30000000000001,0.2094700314271394
97.35000000000001,0.211198232115006
97.4,0.21182337151295388
97.45,0.21102510506801603
97.5,0.20984349995724313
97.55000000000001,0.2096656395785485
97.60000000000001,0.2108918236386065
97.65,0.2126757004858495
97.7,0.21366241383917547
97.75,0.21314630152721387
97.80000000000001,0.2118220821966951
97.85000000000001,0.21115554419613436
97.9,0.21194125791816015
97.95,0.2136490195687334
98.0,0.21493808718843582
98.05000000000001,0.2147814862713201
98.10000000000001,0.21346053230032153
98.15,0.2123715273949219
98.2,0.21264942773149093
98.25,0.21414675515567788
98.30000000000001,0.2156439903555613
98.35000000000001,0.21588150607605974
98.4,0.21470536558460096
98.45,0.21330064215356115
98.5,0.21304440117333584
98.55000000000001,0.21420677114866044
98.60000000000001,0.21579230818355294
98.65,0.21641307796500925
98.7,0.21550213759761105
98.75,0.213917512080898
98.80000000000001,0.21314704732209616
98.85000000000001,0.21387200868899586
98.9,0.2154115417417976
98.95,0.21636173285583213
99.0,0.21580182441671986
99.05000000000001,0.21418646982964096
99.10000000000001,0.2129677428759761
99.15,0.21318599179969533
99.2,0.21454313372313263
99.25,0.21573267283128028
99.30000000000001,0.21556676075472272
99.35000000000001,0.21406576326422994
99.4,0.21250459414787093
99.45,0.21218837762271153
99.5,0.21323736450842126
99.55000000000001,0.2145497205421483
99.60000000000001,0.21477521508996764
99.65,0.21351317947486848
99.7,0.21174365065938325
99.75,0.2109109929674907
99.80000000000001,0.21154883975550887
99.85000000000001,0.2128527440878238
99.9,0.21342403672189802
99.95,0.21249213950869322
100.0,0.21066125301628744
100.05000000000001,0.20937490007071863
100.10000000000001,0.2095318748788781
100.15,0.21069399812937906
100.2,0.21152922988768047
100.25,0.21097724577059707
100.30000000000001,0.20922823548600425
100.35000000000001,0.20758902503877202
100.4,0.2072361256377545
100.45,0.20813379191596354
100.5,0.20912465786441295
100.55000000000001,0.20895843388837126
100.60000000000001,0.2074153159318497
100.65,0.2055507088469478
100.7,0.20470289230146585
100.75,0.20523584825592622
100.80000000000001,0.2062592771785453
100.85000000000001,0.20644322773715212
100.9,0.20519876470372253
100.95,0.2032482189872838
101.0,0.2019625757983211
101.05000000000001,0.20206270132354368
101.10000000000001,0.20299335447753608
101.15,0.20345699836181716
101.2,0.2025654151924992
101.25,0.20066487458514862
101.30000000000001,0.19903371645161352
101.35000000000001,0.1986715057678246
101.4,0.1993940890492129
101.45,0.20004145702137505
101.5,0.19951626364205877
101.55000000000001,0.19778410505763186
101.60000000000001,0.19592385858482367
101.65,0.1951106691978876
101.7,0.1955310223757143
101.75,0.19625179472546983
101.80000000000001,0.19606824137939413
101.85000000000001,0.19459458060400772
101.9,0.19263217769271027
101.95,0.1914177242360568
102.0,0.19147160175897004
102.05000000000001,0.19215292171493156
102.10000000000001,0.1922541191588348
102.15,0.19109456962943205
102.2,0.1891534618386615
102.25,0.18761877173761293
102.30000000000001,0.18727727794440163
102.35000000000001,0.18781522408054702
102.4,0.18812080657502894
102.45,0.18729488119830223
102.5,0.1854827620850074
102.55000000000001,0.18372962750718297
102.60000000000001,0.18300052750710186
102.65,0.1833102111602557
102.7,0.18372647096987144
102.75,0.1832200750034588
102.80000000000001,0.1816199030785742
102.85000000000001,0.17975851615098226
102.9,0.17868315695158601
102.95,0.17870641188380362
103.0,0.17913692531475803
103.05000000000001,0.17890796899396263
103.10000000000001,0.17757310653456612
103.15,0.17570985294598948
103.2,0.17435613007481018
103.25,0.17406588363224856
103.30000000000001,0.17442168493693672
103.35000000000001,0.17440774705488113
103.4,0.17336120222002258
103.45,0.17158843258005632
103.5,0.17004095260819335
103.55000000000001,0.16944168988636402
103.60000000000001,0.16965003822555047
103.65,0.1697771063782202
103.7,0.1690142155960738
103.75,0.16740327370885075
103.80000000000001,0.16575237941492688
103.85000000000001,0.16487664458953216
103.9,0.16488745193943283
103.95,0.16507889054964436
104.0,0.16457244027472542
104.05000000000001,0.1631704697255026
104.10000000000001,0.16150194904209944
104.15,0.1604034867693187
104.2,0.1601926284481633
104.25,0.16037758646167716
104.30000000000001,0.16008434360256346
104.35000000000001,0.15891463446622653
104.4,0.15730167986235433
104.45,0.15604644065785292
104.5,0.15561551492167247
104.55000000000001,0.15573598816567982
104.60000000000001,0.15560376557200967
104.65,0.15466883746724433
104.7,0.15316723883001876
104.75,0.15182387053862742
104.80000000000001,0.15119649698182164
104.85000000000001,0.15121228610264115
104.9,0.1511868583345559
104.95,0.1504732165460652
105.0,0.14912002672044308
105.05000000000001,0.1477515196579809
105.10000000000001,0.1469668730176488
105.15,0.14685782118194168
105.2,0.14688912488071726
105.25,0.14637266616123906
105.30000000000001,0.14518787280629006
105.35000000000001,0.1438456973914517
105.4,0.14295050935638512
105.45,0.1427157185799537
105.5,0.14276281303921998
105.55000000000001,0.14241408838814004
105.60000000000001,0.14140432879288078
105.65,0.14012579243192977
105.7,0.13916635900049404
105.75,0.1388205528881325
105.80000000000001,0.13885484461996328
105.85000000000001,0.1386436624671862
105.9,0.13780682330617666
105.95,0.13661564253342712
106.0,0.13563134559034337
106.05000000000001,0.13519907765456068
106.10000000000001,0.135205413736598
106.15,0.13510447929936836
106.2,0.13443412521653647
106.25,0.13334354220977723
106.30000000000001,0.13236302647686338
106.35000000000001,0.13187188703514474
106.4,0.13184735262454914
106.45,0.13183475332426559
106.5,0.13132363405921874
106.55000000000001,0.13034095471323887
106.60000000000001,0.12938148663864316
106.65,0.12885569916896727
106.7,0.12880631206179846
106.75,0.12886670703531644
106.80000000000001,0.12850897063368524
106.85000000000001,0.12764024832281537
106.9,0.12671007365742315
106.95,0.12616580942491087
107.0,0.1261017205179733
107.05000000000001,0.1262261385509806
107.10000000000001,0.12601821233068813
107.15,0.12527194803681077
107.2,0.12437482449452957
107.25,0.12381820307555325
107.30000000000001,0.12374837271935857
107.35000000000001,0.12393262673154881
107.4,0.1238729514663579
107.45,0.1232620535466968
107.5,0.12240270185533966
107.55000000000001,0.1218308651682744
107.60000000000001,0.12175837557130584
107.65,0.12200028928362891
107.7,0.12208819142088988
107.75,0.12162992105992321
107.80000000000001,0.12081899571395965
107.85000000000001,0.1202239732819711
107.9,0.1201430828867871
107.95,0.1204389737513335
108.0,0.12067296168628278
108.05000000000001,0.12038706302059471
108.10000000000001,0.1196444088991919
108.15,0.119018874438687
108.2,0.11891461532332007
108.25,0.11925571923430402
108.30000000000001,0.11963144551052737
108.35000000000001,0.11953702289142751
108.4,0.11889240550746244
108.45,0.11823598738000551
108.5,0.11808660708705172
108.55000000000001,0.11845627822648477
108.60000000000001,0.11896438041356226
108.65,0.11907627112833882
108.7,0.11856734841347055
108.75,0.11789199200004466
108.80000000000001,0.11767394161420885
108.85000000000001,0.11804644693097319
108.9,0.11867050685214216
108.95,0.1189958804729295
109.0,0.11866379970593918
109.05000000000001,0.11799682970815878
109.10000000000001,0.11769141308402786
109.15,0.11803293990518758
109.2,0.11874788287852617
109.25,0.1192836103275816
109.30000000000001,0.11916713411779642
109.35000000000001,0.11855110929135786
109.4,0.11815145161271848
109.45,0.11842357648705124
109.5,0.11919492621696343
109.55000000000001,0.11992599203739172
109.60000000000001,0.12005535895404948
109.65,0.11954447228290355
109.7,0.11906124848608346
109.75,0.11922662467131281
109.80000000000001,0.12001107350132267
109.85000000000001,0.12091006731783269
109.9,0.12130179098437147
109.95,0.1209553189778099
110.0,0.1204197812873265
110.05000000000001,0.12044926619598512
110.10000000000001,0.12119696066081356
110.15,0.1222245632414776
110.2,0.12287806640604754
110.25,0.12275205132658357
110.30000000000001,0.12221532973138366
110.35000000000001,0.12209529573071182
110.4,0.12275404080935419
110.45,0.12386043494107885
110.5,0.12475690781197442
110.55000000000001,0.12489569099432718
110.60000000000001,0.12442405632537074
110.65,0.12416233551914063
110.7,0.12468357999107274
110.75,0.12581081866768098
110.80000000000001,0.12691416743708162
110.85000000000001,0.1273434357844973
110.9,0.12701008359253269
110.95,0.12663901053951052
111.0,0.12698501934262946
111.05000000000001,0.12807048718970185
111.10000000000001,0.12932988043047783
111.15,0.13005249695518242
111.2,0.12992724165338584
111.25,0.12950264586661592
111.30000000000001,0.12965377735847222
111.35000000000001,0.13063489234836118
111.4,0.13198831720857274
111.45,0.13298348734152715
111.5,0.1331223265653476
111.55000000000001,0.13271806581940732
111.60000000000001,0.1326786949291605
111.65,0.13349884231161965
111.7,0.13487722861580376
111.75,0.1361027486142397
111.80000000000001,0.13653936774657957
111.85000000000001,0.13623795494134974
111.9,0.13603948474591623
111.95,0.13665482957447567
112.0,0.13798657202702452
112.05000000000001,0.13938329166187602
112.10000000000001,0.1401241390185149
112.15,0.14000498073340195
112.2,0.13970468979535144
112.25,0.14009103711067145
112.30000000000001,0.14130698425691124
112.35000000000001,0.1428043811122396
112.4,0.1438280526956119
112.45,0.14395551745825158
112.5,0.1436307153577165
112.55000000000001,0.14378913081726497
112.60000000000001,0.14482816664077325
112.65,0.14635009620945974
112.7,0.1476107076035885
112.75,0.148024427710502
112.80000000000001,0.14776241424946293
112.85000000000001,0.14772209334383604
112.9,0.14853723071837863
112.95,0.15000734849234731
113.0,0.15144070338387144
113.05000000000001,0.15215005639688917
113.10000000000001,0.15203545585084471
113.15,0.15185252065756777
113.2,0.15241698386927272
113.25,0.15376380713655954
113.30000000000001,0.15529477900888988
113.35000000000001,0.1562784749150978
113.4,0.15638033301017829
113.45,0.1561319065859971
113.5,0.1564441599271397
113.55000000000001,0.15760602193375262
113.60000000000001,0.15915572669849887
113.65,0.16036615073898053
113.7,0.16072744598975308
113.75,0.16050140002026964
113.80000000000001,0.1605877276762363
113.85000000000001,0.16151782982914042
113.9,0.16300973980932623
113.95,0.16438059937147503
114.0,0.1650123679478208
114.05000000000001,0.16489429515779333
114.10000000000001,0.1648075933162484
114.15,0.1654789776909512
114.2,0.1668438257553786
114.25,0.1682990919547006
114.30000000000001,0.1691802596034541
114.35000000000001,0.16924013715167105
114.4,0.16905415892305745
114.45,0.16946386000174468
114.5,0.17064370088953668
114.55000000000001,0.1721059658984323
114.60000000000001,0.17318853900798403
114.65,0.17346988963915827
114.7,0.17326920737664542
114.75,0.17344037324014383
114.80000000000001,0.17439229557239333
114.85000000000001,0.17578935272782215
114.9,0.1770073202251831
114.95,0.17752125012120135
115.0,0.17738839704037054
115.05000000000001,0.1773690819271673
115.10000000000001,0.17806875893057048
115.15,0.17933812130538337
115.2,0.18061770200160757
115.25,0.1813430443414799
115.30000000000001,0.1813452860191257
115.35000000000001,0.18120307405266017
115.4,0.1816477561384607
115.45,0.18273957833003912
115.5,0.1840085259598025
115.55000000000001,0.18489776534569474
115.60000000000001,0.18507636366795238
115.65,0.18488894120396876
115.7,0.18509892483865323
115.75,0.18597810148553456
115.80000000000001,0.18717254513613035
115.85000000000001,0.1881617439379436
115.9,0.18852619013876137
115.95,0.18836917712143042
116.0,0.18838655457424763
116.05000000000001,0.18903455778888106
116.10000000000001,0.19010294687961748
116.15,0.1911230352944846
116.2,0.19165157470976604
116.25,0.19158595489483018
116.30000000000001,0.19146976610578056
116.35000000000001,0.19188619796699513
116.4,0.1927908899289434
116.45,0.19377768945184384
116.5,0.19442384999074702
116.55000000000001,0.19448581171915136
116.60000000000001,0.19430357095350548
116.65,0.1945067581404743
116.7,0.19522428305786094
116.75,0.19612543901378493
116.80000000000001,0.19682872071375665
116.85000000000001,0.19702438974986208
116.9,0.19684109931021104
116.95,0.19686669608673873
117.0,0.19738763079369717
117.05000000000001,0.19816586443415024
117.10000000000001,0.19886377489208526
117.15,0.19917020139093092
117.2,0.19903699305384842
117.25,0.19893372649607177
117.30000000000001,0.19926254359632561
117.35000000000001,0.19989580059460754
117.4,0.20053435065743425
117.45,0.20090650198676802
117.5,0.20085155721548195
117.55000000000001,0.20067396399076612
117.60000000000001,0.2008285123073941
117.65,0.20130826717556152
117.7,0.2018488473946379
117.75,0.20223076328689266
117.80000000000001,0.20225489493104187
117.85000000000001,0.20205393972814775
117.9,0.20206373582282192
117.95,0.20239273470596275
118.0,0.2028146205216219
118.05000000000001,0.20315184210062737
118.10000000000001,0.20323006896173554
118.15,0.2030435154978736
118.2,0.20294604667055588
118.25,0.2031362448483517
118.30000000000001,0.20343530451904324
118.35000000000001,0.20368554418868
118.4,0.20377443486647728
118.45,0.20361935785558566
118.5,0.20345415946409687
118.55000000000001,0.20352486277893664
118.60000000000001,0.20370989953269694
118.65,0.20384969014528515
118.7,0.2038986801835308
118.75,0.20376829441978578
118.80000000000001,0.2035694709857668
118.85000000000001,0.20354511495289518
118.9,0.2036334340341059
118.95,0.2036598588047845
119.0,0.20362367974225623
119.05000000000001,0.20348970210989464
119.10000000000001,0.20327845098378
119.15,0.20318533398874164
119.2,0.20319866353175164
119.25,0.2031267011352318
119.30000000000001,0.20297586144886842
119.35000000000001,0.20279616916475815
119.4,0.20257535251372627
119.45,0.20243704419813663
119.5,0.20239817784568537
119.55000000000001,0.20225520134563724
119.60000000000001,0.20198217490904452
119.65,0.20171203456285242
119.7,0.2014646712843203
119.75,0.20129656871239937
119.80000000000001,0.2012264431939797
119.85000000000001,0.20104570845644235
119.9,0.2006658311852127
119.95,0.2002699451148362
120.0,0.19996263274171405
120.05000000000001,0.19976690106728429
120.10000000000001,0.1996815792872057
120.15,0.1994961624143683
120.2,0.19904371538181126
120.25,0.19850611471378987
120.30000000000001,0.19809707374831603
120.35000000000001,0.19785962863581755
120.4,0.19776691054194195
120.45,0.19760480508601844
120.5,0.19712586815034588
120.55000000000001,0.1964553401497968
120.60000000000001,0.19590541805561545
120.65,0.19559644499295362
120.7,0.19549241884317908
120.75,0.19537279107847094
120.80000000000001,0.1949168713032023
120.85000000000001,0.19414689672593757
120.9,0.19343093348611134
120.95,0.1930096689363032
121.0,0.1928761366073329
121.05000000000001,0.19280638438545625
121.10000000000001,0.1924185452378513
121.15,0.19160218313388516
121.2,0.19071794920975324
121.25,0.1901412794139525
121.30000000000001,0.18994531720624075
121.35000000000001,0.18991868761223668
121.4,0.18963319260578365
121.45,0.18883450063998256
121.5,0.18780703742993196
121.55000000000001,0.1870402806054514
121.60000000000001,0.18673702064114545
121.65,0.18673097736320904
121.7,0.1865667141730135
121.75,0.18585080356074277
121.80000000000001,0.18473121092562506
121.85000000000001,0.18375864884752371
121.9,0.18329766929928581
121.95,0.1832736777259794
122.0,0.1832311826394056
122.05000000000001,0.18265482320068663
122.10000000000001,0.18151393874660865
122.15,0.18034654240357062
122.2,0.1796812295407575
122.25,0.1795868521787164
122.30000000000001,0.17964673650030946
122.35000000000001,0.17925076768727957
122.4,0.17816932133548893
122.45,0.17684772689303052
122.5,0.17594595686412762
122.55000000000001,0.17571994262752316
122.60000000000001,0.17584281883368058
122.65,0.17564686020427844
122.7,0.1747042442136379
122.75,0.17329618329416147
122.80000000000001,0.17215002997392975
122.85000000000001,0.17173043655987977
122.9,0.1718587893058503
122.95,0.1718582209977034
123.0,0.17112190613265016
123.05000000000001,0.1697146110169102
123.10000000000001,0.16834676628318507
123.15,0.1676812557423495
123.2,0.16774383144525343
123.25,0.16790888404656149
123.30000000000001,0.16742590797958393
123.35000000000001,0.1661150962753808
123.4,0.16458032595390706
123.45,0.16363692310792152
123.5,0.16355596557787327
123.55000000000001,0.16383293501964502
123.60000000000001,0.16362412526863207
123.65,0.16250172369573967
123.7,0.16088278717657398
123.75,0.15965890676750932
123.80000000000001,0.1593599585493358
123.85000000000001,0.15967480409518803
123.9,0.15973181208142195
123.95,0.15887450973694936
124.0,0.15727320802520467
124.05000000000001,0.15580084951833204
124.10000000000001,0.1552240423694495
124.15,0.15548868181126152
124.2,0.155773674332163
124.25,0.1552338326204236
124.30000000000001,0.1537588588795387
124.35000000000001,0.15210455313168683
124.4,0.1512156000666653
124.45,0.15133694489276567
124.5,0.1517848758306041
124.55000000000001,0.1515845587323803
124.60000000000001,0.15033834279895145
124.65,0.14859752534120932
124.7,0.1473962798723517
124.75,0.14728747646553397
124.80000000000001,0.14781103001241042
124.85000000000001,0.1479392772473193
124.9,0.14700594887630802
124.95,0.1452926146169028
125.0,0.14381725834908038
125.05000000000001,0.14340988605700516
125.10000000000001,0.14390720195011392
125.15,0.14432034828608495
125.2,0.14375639550066624
125.25,0.14218983050662853
125.30000000000001,0.140515489333006
125.35000000000001,0.13977086196612104
125.4,0.14013588478505068
125.45,0.14076072330178815
125.5,0.1405891470102262
125.55000000000001,0.1392799977595477
125.60000000000001,0.13751168504896638
125.65,0.13642915668433703
125.7,0.13656391428616127
125.75,0.13730362756682732
125.80000000000001,0.13751169468128896
125.85000000000001,0.13654954145666903
125.9,0.13481048135829055
125.95,0.13343092558307826
126.0,0.13325839249433785
126.05000000000001,0.1340012013721054
126.10000000000001,0.13454149369535656
126.15,0.13398552975753036
126.2,0.1324028130969215
126.25,0.1308062231311895
126.30000000000001,0.13028189296069265
126.35000000000001,0.13091214831899634
126.4,0.1317065292727341
126.45,0.13158013694728696
126.5,0.1302700840218412
126.55000000000001,0.1285673539875427
126.60000000000001,0.1276874558624056
126.65,0.12809842531001206
126.7,0.1290446584200984
126.75,0.1293339027855997
126.80000000000001,0.12838937529828856
126.85000000000001,0.12670947979800756
126.9,0.12551407104933932
126.95,0.1256210850808066
127.0,0.12660191494996176
127.05000000000001,0.12725747936355974
127.10000000000001,0.12673877625210767
127.15,0.12521346080552542
127.2,0.12378341366727383
127.25,0.12353554601266425
127.30000000000001,0.1244299234798805
127.35000000000001,0.12537187000500916
127.4,0.12530196740655897
127.45,0.12405047232831812
127.5,0.12249848954866316
127.55000000000001,0.12188676606167878
127.60000000000001,0.1225825271403255
127.65,0.12370738204565276
127.7,0.12407141258175865
127.75,0.12318759374895996
127.80000000000001,0.12164456259956927
127.85000000000001,0.12070496657108556
127.9,0.12111175978188786
127.95,0.12230159230188177
128.0,0.12304985496226438
128.05,0.12259340481946332
128.1,0.12119232682480444
128.15,0.12000261654514718
128.20000000000002,0.12006340328769499
128.25,0.12119658602352443
128.3,0.12225016363322003
128.35,0.12224267322344495
128.4,0.12110284840646615
128.45000000000002,0.11977329794527714
128.5,0.11947253235057893
128.55,0.12043565146669352
128.6,0.12169384263617881
128.65,0.12211945825941119
128.70000000000002,0.12133344922930851
128.75,0.11999281561480304
128.8,0.11935960269605927
128.85,0.12005957025050606
128.9,0.12140863075561606
128.95000000000002,0.12221832308439992
129.0,0.12184352275146021
129.05,0.12062252961708039
129.1,0.11972771680553813
129.15,0.12010268002047281
129.20000000000002,0.12142558727917903
129.25,0.12254374517243569
129.3,0.12259931121010592
129.35,0.12161445649727518
129.4,0.12056164789711557
129.45000000000002,0.12058899483977249
129.5,0.1217759377244739
129.55,0.12310813459389322
129.6,0.12357692112500662
129.65,0.12291731534687035
129.70000000000002,0.12182899242534981
129.75,0.12152880689079919
129.8,0.12248782987185489
129.85,0.12392903024415908
129.9,0.12476325193326486
129.95000000000002,0.12448248317059858
130.0,0.12348347360936582
130.05,0.12291629634373077
130.1,0.12358309413741081
130.15,0.12502602100830068
130.20000000000002,0.12615496081071048
130.25,0.12626883443684894
130.3,0.1254700010159571
130.35,0.12472867861040127
130.4,0.12507414110005893
130.45000000000002,0.1264177760825893
130.5,0.12775596750234702
130.55,0.12824568074134843
130.6,0.1277307039754716
130.65,0.1269272742137953
130.70000000000002,0.12696124424423644
130.75,0.1281193567963237
130.8,0.12957421447447942
130.85,0.13039344797732508
130.9,0.13021090559900195
130.95000000000002,0.1294605932991966
131.0,0.12923058993296524
131.05,0.1301398182156147
131.1,0.13161839177748252
131.15,0.13270222780510338
131.20000000000002,0.13286397121950377
131.25,0.13226913397004433
131.3,0.1318535505545002
131.35,0.13248005867689847
131.4,0.13389513852335133
131.45000000000002,0.13516878603932914
131.5,0.1356541816293083
131.55,0.13529119398466188
131.6,0.1347875794872059
131.65,0.13513095317441962
131.70000000000002,0.13640693472349028
131.75,0.13779287966834858
131.8,0.13855721247384314
131.85,0.13846870125864263
131.9,0.13797890642913938
131.95000000000002,0.138071967550662
132.0,0.1391506182747222
132.05,0.14057375421356205
132.1,0.14155834468014455
132.15,0.14175198083141397
132.20000000000002,0.14136685706267366
132.25,0.14127060495189267
132.3,0.14211630712347184
132.35,0.1435074720893811
132.4,0.14464904120352
132.45000000000002,0.14510255052555737
132.5,0.14488921668905488
132.55,0.14468308286005485
132.6,0.145286528341281
132.65,0.1465853479190167
132.70000000000002,0.14782285633886036
132.75,0.14849345938869424
132.8,0.14848772176709407
132.85,0.14825651153369443
132.9,0.14863553092578485
132.95000000000002,0.14979337606137208
133.0,0.15107169845522775
133.05,0.1519072562659148
133.1,0.1521126146960337
133.15,0.15193254455111546
133.20000000000002,0.15212899282143336
133.25,0.15311226840286069
133.3,0.15438323524529401
133.35,0.1553322435194932
133.4,0.1557253157404248
133.45000000000002,0.15565207424578864
133.5,0.15572449429878607
133.55,0.15651766871755823
133.6,0.15773979520787038
133.65,0.15875806366040038
133.70000000000002,0.15929865915125435
133.75,0.15936017330944924
133.8,0.1593731124664486
133.85,0.15998027932987033
133.9,0.1611186294226043
133.95000000000002,0.16217176232822977
134.0,0.16281472387096035
134.05,0.16301027384635872
134.1,0.16302226400264908
134.15,0.16346593586715918
134.20000000000002,0.16449302109920177
134.25,0.16555524140519978
134.3,0.16626089983236883
134.35,0.16656662915962014
134.4,0.16661954593515269
134.45000000000002,0.16693594217091767
134.5,0.16783359478161852
134.55,0.16888453825488317
134.6,0.1696252793455074
134.65,0.1700044510802968
134.70000000000002,0.1701169265292793
134.75,0.17034808167365134
134.8,0.1711093201701968
134.85,0.17213079836269665
134.9,0.17289260244228455
134.95000000000002,0.17330768747164949
135.0,0.17347437127753543
135.05,0.17365858343648855
135.1,0.17428805017665858
135.15,0.1752623365849641
135.20000000000002,0.17604176810076985
135.25,0.17646503858924464
135.3,0.1766619755905357
135.35,0.17682498093285387
135.4,0.17733681125885994
135.45000000000002,0.17824696315810631
135.5,0.17904542090529324
135.55,0.179465302894032
135.6,0.17965996600032277
135.65,0.17980939043986593
135.70000000000002,0.1802222913928295
135.75,0.1810538519294383
135.8,0.181871497690198
135.85,0.1822933237500292
135.9,0.18245647218307906
135.95000000000002,0.18258142003375807
136.0,0.1829119349796293
136.05,0.18365459259845068
136.1,0.1844860726875731
136.15,0.18492761139580927
136.20000000000002,0.18504360760436586
136.25,0.1851198418922492
136.3,0.18537576757023816
136.35,0.1860235265845767
136.4,0.18685654863923684
136.45000000000002,0.18734020287858782
136.5,0.1874129150488002
136.55,0.18741238766321924
136.6,0.1875886635083562
136.65,0.18813780609897138
136.70000000000002,0.18895429547057999
136.75,0.1894986631253211
136.8,0.18955144818594255
136.85,0.18945352091407772
136.9,0.1895324161734164
136.95000000000002,0.18997768610669863
137.0,0.19075620073241437
137.05,0.1913695346244233
137.1,0.19143958650715875
137.15,0.1912406566110688
137.20000000000002,0.19119683391305375
137.25,0.19152733941966
137.3,0.1922451056472545
137.35,0.192922199444107
137.4,0.19305117178720185
137.45000000000002,0.19276982338392093
137.5,0.19257924840049218
137.55,0.19277609193706885
137.6,0.19340953249757126
137.65,0.19413212967092067
137.70000000000002,0.19435587861173204
137.75,0.19403200195838066
137.8,0.19368226128868163
137.85,0.19371959693511917
137.9,0.19424327906113267
137.95000000000002,0.19498285066402438
138.0,0.19532310863064278
138.05,0.19501122201160395
138.1,0.19451013473175435
138.15,0.19436028134427988
138.20000000000002,0.19474531031452655
138.25,0.19546647730536026
138.3,0.19592632349887246
138.35,0.19568500180027562
138.4,0.1950647457008836
138.45000000000002,0.19470650137235973
138.5,0.19492001382770738
138.55,0.19558318076722364
138.6,0.19614671544298995
138.65,0.19602703754565765
138.70000000000002,0.19534227115710256
138.75,0.1947702258228823
138.8,0.1947774949034574
138.85,0.1953401976901267
138.9,0.19597544623166374
138.95000000000002,0.19601141745209164
139.0,0.1953316391711996
139.05,0.1945635983963339
139.1,0.19433336186190278
139.15,0.1947509209126
139.20000000000002,0.19541422887080148
139.25,0.19561724898252084
139.3,0.19501530024802044
139.35,0.1940952179308802
139.4,0.19360750338529786
139.45000000000002,0.1938342848971079
139.5,0.1944745631065118
139.55,0.19483255969854496
139.6,0.19437220517319367
139.65,0.19336721907749516
139.70000000000002,0.19262168449677655
139.75,0.19261426674714185
139.8,0.19317625343860606
139.85,0.19365665311791097
139.9,0.19338224760870168
139.95000000000002,0.1923741177166433
140.0,0.19139626971801352
140.05,0.19111906687895452
140.1,0.1915458296426144
140.15,0.19210064348678457
140.20000000000002,0.19203104592389322
140.25,0.1911039250481479
140.3,0.18994683350560676
140.35,0.1893795382357239
140.4,0.1896152042884124
140.45000000000002,0.19018644919107064
140.5,0.1903139117752914
140.55,0.1895413847355326
140.6,0.18828164742552844
140.65,0.18742670560395047
140.70000000000002,0.18742051463262455
140.75,0.18794488344115018
140.8,0.18823817245394636
140.85,0.18767257317902047
140.9,0.18640092328753727
140.95000000000002,0.18528864872177317
141.0,0.18500081439027574
141.05,0.18541352271949968
141.1,0.18582355455931876
141.15,0.18548973032302973
141.20000000000002,0.1842982532430844
141.25,0.18298743533436293
141.3,0.18239624318116066
141.35,0.1826347858113888
141.4,0.1831008992056325
141.45000000000002,0.18299517091133427
141.5,0.1819640637002861
141.55,0.18053699995906447
141.6,0.17964552616400814
141.65,0.17965427770312925
141.70000000000002,0.18010986108575172
141.75,0.18020345148438133
141.8,0.17939030691768873
141.85,0.1779427573939311
141.9,0.17678304303442116
141.95000000000002,0.17651914875811223
142.0,0.1768963212859235
142.05,0.17714151042354342
142.1,0.17657525735254942
142.15,0.17520332428494093
142.20000000000002,0.17383608181206323
142.25,0.1732761409081909
142.3,0.17351002737532614
142.35,0.17384706332282449
142.4,0.17352727428755527
142.45000000000002,0.17231412838155818
142.5,0.17082308325694037
142.55,0.16996917087692742
142.6,0.17000260452590196
142.65,0.1703659295403902
142.70000000000002,0.1702667264943238
142.75,0.16927211936516307
142.8,0.16775357764337448
142.85,0.16663664601211714
142.9,0.16642575669662435
142.95000000000002,0.1667490658651644
143.0,0.16682582154720318
143.05,0.16608045680143227
143.1,0.16463012252187498
143.15,0.16330905517088756
143.20000000000002,0.16282935604737125
143.25,0.1630498900104112
143.3,0.16324665007311875
143.35,0.16275205618102329
143.4,0.16145198970697636
143.45000000000002,0.16000755480227385
143.5,0.15925924901391253
143.55,0.1593221136068702
143.6,0.1595781550568539
143.65,0.15931121479651553
143.70000000000002,0.15821981531108498
143.75,0.15674417320245468
143.8,0.15575491357867105
143.85,0.1556179588706221
143.9,0.15587284983859337
143.95000000000002,0.15579309126901356
144.0,0.1549401082010786
144.05,0.153523887177648
144.1,0.15234742736897133
144.15,0.15198646747306166
144.20000000000002,0.15218393048479895
144.25,0.15224138491249842
144.3,0.15162852537099264
144.35,0.15034829959783566
144.4,0.14905838202161903
144.45000000000002,0.14847168814923134
144.5,0.14856306833481864
144.55,0.14870496722424334
144.6,0.14831116469334255
144.65,0.14722014443060272
144.70000000000002,0.14590029873422689
144.75,0.1451107945426029
144.8,0.14505880156878703
144.85,0.14523434064367102
144.9,0.14502367907620095
144.95000000000002,0.14414754712726421
145.0,0.14287876138603692
145.05,0.14193249305954814
145.1,0.14171523219705412
145.15,0.14187863091759506
145.20000000000002,0.14180859422626577
145.25,0.14114698491688948
145.3,0.13999599355062373
145.35,0.13895626657549237
145.4,0.1385707555332729
145.45000000000002,0.13868345830911127
145.5,0.13871162753149616
145.55,0.13824422760329869
145.6,0.1372551348615536
145.65,0.13619295016432578
145.70000000000002,0.13565676848221603
145.75,0.13568964287134125
145.8,0.1357779383471006
145.85,0.13547308836191807
145.9,0.13466419019905368
145.95000000000002,0.13364683727747367
146.0,0.13299659548009773
146.05,0.13293243880943198
146.1,0.13304907728362442
146.15,0.13287239651280103
146.20000000000002,0.13223864037794972
146.25,0.13131906375210506
146.3,0.13060507709476488
146.35,0.13044095251072382
146.4,0.13056103527986188
146.45000000000002,0.130482032439113
146.5,0.13000202541136338
146.55,0.12921157429263602
146.6,0.12848926332812782
146.65,0.12823756705948824
146.70000000000002,0.1283433774832567
146.75,0.12833901208034845
146.8,0.12798434805113987
146.85,0.1273307047001527
146.9,0.12665041156627838
146.95000000000002,0.1263374702759761
147.0,0.12641913793419732
147.05,0.12647445251542488
147.1,0.12621872857322475
147.15,0.12568941952945228
147.20000000000002,0.12508708458223744
147.25,0.12474861503373888
147.3,0.1248050482644032
147.35,0.1249118745345591
147.4,0.12473718576169174
147.45000000000002,0.12430754553577464
147.5,0.12379872738024114
147.55,0.1234724981959987
147.6,0.1235117869176972
147.65,0.1236668523909147
147.70000000000002,0.1235665874153771
147.75,0.12320985749340617
147.8,0.12278883262301657
147.85,0.12250597493976126
147.9,0.12254418752504756
147.95000000000002,0.12274766123163805
148.0,0.12272566960730572
148.05,0.12242245212175472
148.1,0.12206679200234219
148.15,0.12184397894609564
148.20000000000002,0.12190160296334826
148.25,0.12215640722834684
148.3,0.12222363907850434
148.35,0.12196830703381797
148.4,0.12164780032866153
148.45000000000002,0.1214826298389714
148.5,0.12157874905862395
148.55,0.12189018288786872
148.6,0.12206039330942461
148.65,0.12186311841747695
148.70000000000002,0.12155066650494004
148.75,0.12142193447347673
148.8,0.12156727013696655
148.85,0.1219420172363696
148.9,0.12222797852488299
148.95000000000002,0.12211238730815059
149.0,0.12179395496947604
149.05,0.12166724528067711
149.1,0.12185799506365806
149.15,0.12230167274015293
149.20000000000002,0.12271267678964022
149.25,0.12271033413906776
149.3,0.1223913592854557
149.35,0.12222886529379945
149.4,0.12244349667885451
149.45000000000002,0.12295654154026409
149.5,0.12349711590730467
149.55,0.12364070507935138
149.6,0.12334744130208031
149.65,0.1231196389153747
149.70000000000002,0.12332028187874707
149.75,0.12389291055670285
149.8,0.1245619979012851
149.85,0.12487905955194592
149.9,0.12465477625250596
149.95000000000002,0.12435092076177029
150.0,0.12448985246767506
150.05,0.12509767839899003
150.1,0.1258873462657429
150.15,0.12639583221774997
150.20000000000002,0.12629315727032345
150.25,0.1259278083619363
150.3,0.12595804683522882
150.35,0.12656029412770037
150.4,0.12745344570713646
150.45000000000002,0.1281594108424566
150.5,0.1282309620426389
150.55,0.12784479602967208
150.6,0.12773247337656377
150.65,0.1282743903787694
150.70000000000002,0.12924176880976565
150.75,0.13013865037553096
150.8,0.13042824598198108
150.85,0.1300829557346611
150.9,0.12981837669642274
150.95000000000002,0.13023844241685123
151.0,0.13123609490376492
151.05,0.13230457002587717
151.1,0.13284075759098382
151.15,0.13260937928788288
151.20000000000002,0.13221378326318337
151.25,0.13245488414771123
151.3,0.1334237672538397
151.35,0.1346313242988061
151.4,0.13542396321691044
151.45000000000002,0.13537903811547375
151.5,0.13490508740037946
151.55,0.134927451968945
151.6,0.13579672906919424
151.65,0.1370967633970635
151.70000000000002,0.1381363255350564
151.75,0.13833861369423586
151.8,0.13786423802935754
151.85,0.1376570260090239
151.9,0.13835177801632262
151.95000000000002,0.13968291219085693
152.0,0.14094143018696254
152.05,0.14143140431529833
152.1,0.1410483443188209
152.15,0.14063675194762562
152.20000000000002,0.14108949528057405
152.25,0.14237650089432896
152.3,0.14380896835636267
152.35,0.14460224288261558
152.4,0.144401925471099
152.45000000000002,0.14384758426950872
152.5,0.14401157085570454
152.55,0.14516937387001508
152.6,0.14671490866207682
152.65,0.14780149414873664
152.70000000000002,0.14786136684032566
152.75,0.14725544967098156
152.8,0.14711670406638933
152.85,0.1480583411844533
152.9,0.14964130902730613
152.95000000000002,0.15098757454454956
153.0,0.15136061505865703
153.05,0.1508109298297301
153.1,0.15039577438067828
153.15,0.15104396147853935
153.20000000000002,0.15257609223877155
153.25,0.15412791998640743
153.3,0.15483690346382795
153.35,0.15445177072226093
153.4,0.15382737769301263
153.45000000000002,0.15412792326866703
153.5,0.15551280923733038
153.55,0.1571987506867304
153.60000000000002,0.15823540278869674
153.65,0.15810781424538475
153.70000000000002,0.15737494435604127
153.75,0.15730909634925527
153.8,0.1584500948148871
153.85000000000002,0.16018420049494478
153.9,0.16151208883661058
153.95000000000002,0.16170733815731708
154.0,0.1609864104255025
154.05,0.16057883594403893
154.10000000000002,0.1613903472924893
154.15,0.16307532296352276
154.20000000000002,0.16463466904423865
154.25,0.16518347162394098
154.3,0.1645968393787523
154.35000000000002,0.16391656214886904
154.4,0.1643372439360159
154.45000000000002,0.16586920111052642
154.5,0.16758192891147586
154.55,0.1684794165033643
154.60000000000002,0.1681336481830101
154.65,0.16728682439298295
154.70000000000002,0.16729204311836413
154.75,0.16856801787516687
154.8,0.17034217598800305
154.85000000000002,0.1715516147810342
154.9,0.1715234104466059
154.95000000000002,0.17063888035069452
155.0,0.1702491204738858
155.05,0.17117767444200194
155.10000000000002,0.172911475522305
155.15,0.17437061590373315
155.20000000000002,0.17469881043783356
155.25,0.1739092786650105
155.3,0.17319166102455236
155.35000000000002,0.173705517608761
155.4,0.17529210706970652
155.45000000000002,0.17692000931020724
155.5,0.17760433204084883
155.55,0.17702717869751697
155.60000000000002,0.176088683558478
155.65,0.17615699855231945
155.70000000000002,0.17749125995993767
155.75,0.1791941992668336
155.8,0.18019967594535943
155.85000000000002,0.179921403065136
155.9,0.17889446539592296
155.95000000000002,0.1785315544851806
156.0,0.17951962434624355
156.05,0.18119588668974645
156.10000000000002,0.1824605637998387
156.15,0.1825277432763973
156.20000000000002,0.18155094473389116
156.25,0.18081850644411188
156.3,0.1813893993474922
156.35000000000002,0.1829338832479706
156.4,0.1843772857165396
156.45000000000002,0.18479498721226267
156.5,0.1839929286270836
156.55,0.1829940864309983
156.60000000000002,0.18311141151680754
156.65,0.1844214403506145
156.70000000000002,0.1859518507879153
156.75,0.18668852770733368
156.8,0.1861551601147869
156.85000000000002,0.1850206769937125
156.9,0.18469146451872578
156.95000000000002,0.18567483320368483
157.0,0.18719475843441333
157.05,0.18819111094442192
157.10000000000002,0.18797975677735063
157.15,0.18684891768503353
157.20000000000002,0.1861265577400361
157.25,0.18671169834754275
157.3,0.18812219888848555
157.35000000000002,0.18930105464331756
157.4,0.18942241587428243
157.45000000000002,0.1884226097179889
157.5,0.18740199253603737
157.55,0.18754869777409983
157.60000000000002,0.1887540277746085
157.65,0.19002885461034585
157.70000000000002,0.1904561362807649
157.75,0.18968555943197352
157.8,0.18849043592477965
157.85000000000002,0.18819845407991637
157.9,0.18911234951609085
157.95000000000002,0.19039332576540086
158.0,0.19107191812613525
158.05,0.1905889103540032
158.10000000000002,0.18935365657657338
158.15,0.18866621719087712
158.20000000000002,0.18922020509458742
158.25,0.19041824811768554
158.3,0.19127672628420322
158.35000000000002,0.19109733418432473
158.4,0.1899469685437186
158.45000000000002,0.18894715542057025
158.5,0.18909983572741995
158.55,0.19013001482261027
158.60000000000002,0.1910896666177782
158.65,0.1911927585188138
158.70000000000002,0.19022563191497432
158.75,0.18902529580151392
158.8,0.18877029645848428
158.85000000000002,0.1895562166983934
158.9,0.19053761735108782
158.95000000000002,0.1908750077317895
159.0,0.19015183797375956
159.05,0.18887486616992688
159.10000000000002,0.18824469119389992
159.15,0.18872467533207632
159.20000000000002,0.18965141966833068
159.25,0.1901595876851399
159.3,0.18970067432591015
159.35000000000002,0.1884641716860272
159.4,0.1875277689209029
159.45000000000002,0.1876623201986987
159.5,0.18846325763805286
159.55,0.18907356446708876
159.60000000000002,0.18886371985056244
159.65,0.1877613759901056
159.70000000000002,0.18661482881574562
159.75,0.18639353161108727
159.8,0.1870052577742627
159.85000000000002,0.18765083959106765
159.9,0.187649586375768
159.95000000000002,0.1867409235471805
160.0,0.1854926968670237
160.05,0.18493803388972468
160.10000000000002,0.18530885053973128
160.15,0.18592802448049633
160.20000000000002,0.1860815809500987
160.25,0.18538906861976534
160.3,0.18414298983885063
160.35000000000002,0.18330890858158178
160.4,0.18340423942035136
160.45000000000002,0.18394165025317827
160.5,0.18419341634594444
160.55,0.1837071789103648
160.60000000000002,0.1825471608666767
160.65,0.1815115692567443
160.70000000000002,0.18131947490344996
160.75,0.1817268252746416
160.8,0.1820242965325779
160.85000000000002,0.18171210451681302
160.9,0.18069219279266402
160.95000000000002,0.17954444168456427
161.0,0.17907904691818827
161.05,0.17931691673462502
161.10000000000002,0.17961464120094764
161.15,0.17943373938586007
161.20000000000002,0.17857550913598996
161.25,0.1774016285411669
161.3,0.17670239317059158
161.35000000000002,0.17674357249085162
161.4,0.17700325937488975
161.45000000000002,0.17691066604218933
161.5,0.1762078301876934
161.55,0.17507717189320393
161.60000000000002,0.17420303952231972
161.65,0.17403648642650155
161.70000000000002,0.17422614501491301
161.75,0.17418520453380984
161.8,0.17361327400232265
161.85000000000002,0.17256991859767992
161.9,0.17158907133028817
161.95000000000002,0.17122267703957203
162.0,0.17131649734139076
162.05,0.17129915580213928
162.10000000000002,0.17082680143616416
162.15,0.1698876851955115
162.20000000000002,0.16886525623120832
162.25,0.16832551752428765
162.3,0.16830526248320316
162.35000000000002,0.16829109137759515
162.4,0.16788985605309248
162.45000000000002,0.16704953971906614
162.5,0.16603653882340266
162.55,0.1653641036156235
162.60000000000002,0.1652215300046247
162.65,0.165195397220772
162.70000000000002,0.16484549325648784
162.75,0.16408554029782085
162.8,0.16311205164478487
162.85000000000002,0.16235359573375632
162.9,0.16209244105848253
162.95000000000002,0.16204268546149123
163.0,0.16173428653905386
163.05,0.16103402311598028
163.10000000000002,0.16010847561494168
163.15,0.15930687725725418
163.20000000000002,0.15894271245111116
163.25,0.15886084837208728
163.3,0.15859187685756523
163.35000000000002,0.15793725615241502
163.4,0.15705167431588343
163.45000000000002,0.15623734212838677
163.5,0.15579424412654824
163.55,0.15567603096845586
163.60000000000002,0.15544838451019452
163.65,0.15483671644448183
163.70000000000002,0.15397600278877888
163.75,0.15316208874025153
163.8,0.15266638018089046
163.85000000000002,0.15251309165199406
163.9,0.15232928972713827
163.95000000000002,0.15176925736070773
164.0,0.1509213947848163
164.05,0.1501044895206711
164.10000000000002,0.14957717410469148
164.15,0.14939555090307208
164.20000000000002,0.14925702267811694
164.25,0.14876502617666354
164.3,0.14792901980403517
164.35000000000002,0.1470951713892488
164.4,0.14654555103105488
164.45000000000002,0.14634540008075553
164.5,0.14625248149572495
164.55,0.14584734593822685
164.60000000000002,0.1450367296190505
164.65,0.14417087572776183
164.70000000000002,0.1435937663343336
164.75,0.14338328508171697
164.8,0.14333597371869566
164.85000000000002,0.14303414519198146
164.9,0.14227553062955053
164.95000000000002,0.14137132254493218
165.0,0.14074925875566704
165.05,0.14052942317381165
165.10000000000002,0.14052750223910013
165.15,0.14034012863173734
165.20000000000002,0.13966792571999675
165.25,0.13873485250887865
165.3,0.1380450373502311
165.35000000000002,0.1378052179198002
165.4,0.1378467005262793
165.45000000000002,0.13777883929601215
165.5,0.13722832625194292
165.55,0.13629403144430755
165.60000000000002,0.1355181330446504
165.65,0.13523508460937733
165.70000000000002,0.13531289932721685
165.75,0.13536403321859697
165.8,0.13496508795851858
165.85000000000002,0.13407242261496183
165.9,0.13320625738390438
165.95000000000002,0.13284770206199115
166.0,0.13294570254252205
166.05,0.1331102218234846
166.10000000000002,0.13288330625816996
166.15,0.13208335256469503
166.20000000000002,0.13114342520744146
166.25,0.13067592056776267
166.3,0.13076611088580323
166.35000000000002,0.13103264451149524
166.4,0.13098744073892493
166.45000000000002,0.13033085850196513
166.5,0.12935569339179048
166.55,0.1287549031463754
166.60000000000002,0.12879781369236148
166.65,0.12914714872594435
166.70000000000002,0.12928310396569304
166.75,0.1288123436186716
166.8,0.12785819363957118
166.85000000000002,0.12711864554433966
166.9,0.12706797211482798
166.95000000000002,0.12747039668274696
167.0,0.12777780337135944
167.05,0.12752201708214628
167.10000000000002,0.12665427318315503
167.15,0.12579560524166056
167.20000000000002,0.1256067973596119
167.25,0.12602052306194775
167.3,0.12648087025483656
167.35000000000002,0.1264540986308217
167.4,0.12573692766783318
167.45000000000002,0.12480455725024285
167.5,0.12444552527910568
167.55,0.12481797389883433
167.60000000000002,0.12540307291010702
167.65,0.1256050223381487
167.70000000000002,0.12509203629862808
167.75,0.12415183212466302
167.8,0.12361291109162159
167.85000000000002,0.12388595057173953
167.9,0.12455640158083334
167.95000000000002,0.12497434969496524
168.0,0.12470242559414754
168.05,0.1238307483519456
168.10000000000002,0.12313092837315792
168.15,0.12324982080397381
168.20000000000002,0.12395425568635587
168.25,0.12456459743321335
168.3,0.12455165134802382
168.35000000000002,0.12382343485281322
168.4,0.12301074555000999
168.45000000000002,0.12293509770126715
168.5,0.12361188342390354
168.55,0.12438051178335313
168.60000000000002,0.12462662169987182
168.65,0.12410455534792314
168.70000000000002,0.12325011447210626
168.75,0.12296405934818794
168.8,0.12354659727543735
168.85000000000002,0.12442837016285442
168.9,0.1249186753307309
168.95000000000002,0.12464592748871287
169.0,0.12383299354095285
169.05,0.12335161861278318
169.10000000000002,0.12377717381233401
169.15,0.12471567161657264
169.20000000000002,0.12542327923322266
169.25,0.1254208453730411
169.3,0.1247316314668444
169.35000000000002,0.12410145271802347
169.4,0.12432201637362351
169.45000000000002,0.1252512027402167
169.5,0.12613891399303984
169.55,0.12640711323356754
169.60000000000002,0.12591064830081816
169.65,0.12520350146478218
169.70000000000002,0.12519607122788085
169.75,0.1260451077976526
169.8,0.12706583689343415
169.85000000000002,0.1275882924604142
169.9,0.1273320968208537
169.95000000000002,0.1266336766813341
170.0,0.1264069991291381
170.05,0.12710841214751106
170.10000000000002,0.12820523856159002
170.15,0.12895326571808266
170.20000000000002,0.1289602496452514
170.25,0.12835606032717903
170.3,0.12795152091309941
170.35000000000002,0.12845153761838002
170.4,0.12955893724358392
170.45000000000002,0.13049471095861945
170.5,0.13076501037482424
170.55,0.13032717969138208
170.60000000000002,0.1298130070762091
170.65,0.1300816912277324
170.70000000000002,0.13112935618570698
170.75,0.13220728852834915
170.8,0.13272332996052819
170.85000000000002,0.1325013606363209
170.9,0.13196117859651582
170.95000000000002,0.13199948765266578
171.0,0.13291927417259713
171.05,0.13408622803625006
171.10000000000002,0.13481865072956717
171.15,0.1348358659021211
171.20000000000002,0.13435426695412372
171.25,0.1341956012484375
171.3,0.13493083726381958
171.35000000000002,0.13612663706090794
171.4,0.13703897447303948
171.45000000000002,0.1372946212835286
171.5,0.1369433025848256
171.55,0.13664845700335296
171.60000000000002,0.13716358309029536
171.65,0.1383234092519463
171.70000000000002,0.13937446132640752
171.75,0.1398497888380782
171.8,0.139677582342627
171.85000000000002,0.13932384809281942
171.9,0.1396116670196274
171.95000000000002,0.1406712690749695
172.0,0.14181542233193245
172.05,0.14248111167082794
172.10000000000002,0.14251001323004428
172.15,0.14217691311965974
172.20000000000002,0.14226093050798722
172.25,0.14316438709244833
172.3,0.14435122151521412
172.35000000000002,0.14517360522154002
172.4,0.14540106146075568
172.45000000000002,0.14515625077290933
172.5,0.14508673290334265
172.55,0.14579517439359063
172.60000000000002,0.14697011391166104
172.65,0.1479145837347853
172.70000000000002,0.14832045127195453
172.75,0.14820930644945882
172.8,0.14805344053939345
172.85000000000002,0.14855225276197415
172.9,0.14965961498321245
172.95000000000002,0.15069105357458623
173.0,0.15124642995907286
173.05,0.15128775091657787
173.10000000000002,0.15111609745140736
173.15,0.1514180563789384
173.20000000000002,0.15240678436425353
173.25,0.1534881902486376
173.3,0.15416312819088493
173.35000000000002,0.15435153311985017
173.4,0.15422418737108667
173.45000000000002,0.15436686853989123
173.5,0.1551978847459953
173.55,0.15628908937802538
173.60000000000002,0.15705705715318513
173.65,0.1573706516276444
173.70000000000002,0.15732673900625493
173.75,0.15736417178149822
173.8,0.15801720787677323
173.85000000000002,0.15907545883867708
173.9,0.15991392309325358
173.95000000000002,0.16032435074611195
174.0,0.16037755378803326
174.05,0.1603679218014032
174.10000000000002,0.16084531823718964
174.15,0.1618285927310157
174.20000000000002,0.1627166729384633
174.25,0.16319820399397822
174.3,0.16333922159558142
174.35000000000002,0.1633318014327732
174.4,0.16365737291809432
174.45000000000002,0.16452994309007993
174.5,0.16544513437275146
174.55,0.16598014787355497
174.60000000000002,0.16618488996825398
174.65,0.1662098540602498
174.70000000000002,0.16642235513617631
174.75,0.16716087318856537
174.8,0.16807700434989936
174.85000000000002,0.1686567653690209
174.9,0.1688973877684423
174.95000000000002,0.16896137142822934
175.0,0.16910390228111793
175.05,0.16970162738523725
175.10000000000002,0.17058949711572907
175.15,0.17121091321571918
175.20000000000002,0.17146608568052304
175.25,0.17155471855944895
175.3,0.17166293488349005
175.35000000000002,0.1721300117993774
175.4,0.17296083157979364
175.45000000000002,0.1736212307326315
175.5,0.1738825475757145
175.55,0.17396900757856698
175.60000000000002,0.17406165471374133
175.65,0.17442055704764475
175.70000000000002,0.1751709379636007
175.75,0.17586338387153333
175.8,0.17613635521078141
175.85000000000002,0.17619312856985916
175.9,0.1762679160411704
175.95000000000002,0.17654489286557992
176.0,0.17720120222987473
176.05,0.17791234217716087
176.10000000000002,0.17821235335759814
176.15,0.1782224327915767
176.20000000000002,0.17825870569121496
176.25,0.1784736822546514
176.3,0.17903356850992827
176.35000000000002,0.17974474561624065
176.4,0.18009001872134814
176.45000000000002,0.1800540881016286
176.5,0.1800216185261347
176.55,0.18017986315113166
176.60000000000002,0.18064968597686337
176.65,0.18134054782865994
176.70000000000002,0.18174491442887447
176.75,0.18168253449175628
176.8,0.18155376029682366
176.85000000000002,0.18164235644021479
176.9,0.18203085520438536
176.95000000000002,0.18268354358104144
177.0,0.18315153184302194
177.05,0.18309640534863514
177.10000000000002,0.18285828704313575
177.15,0.18284906226355083
177.20000000000002,0.1831592458649764
177.25,0.18376092672238303
177.3,0.18428647202519505
177.35000000000002,0.18427776380998923
177.4,0.1839395472193105
177.45000000000002,0.18379803669099753
177.5,0.18402031173858246
177.55,0.18456246949076538
177.60000000000002,0.18513097435842144
177.65,0.18520372612859787
177.70000000000002,0.18479826578876193
177.75,0.1844962244834365
177.8,0.18460573287877458
177.85000000000002,0.18508008426627315
177.9,0.18567220015550723
177.95000000000002,0.18584979482126224
178.0,0.185428215860642
178.05,0.1849558762700976
178.10000000000002,0.18491582050039845
178.15,0.1853083429147235
178.20000000000002,0.18590324940197683
178.25,0.18619377112965427
178.3,0.18581534602658295
178.35000000000002,0.18518955106757
178.4,0.18496031107094602
178.45000000000002,0.18524604611518308
178.5,0.1858224040052699
178.55,0.18621909396898634
178.60000000000002,0.18593953895509932
178.65,0.1852051256489209
178.70000000000002,0.18475689100287887
178.75,0.18489834805119998
178.8,0.18543235247636747
178.85000000000002,0.1859168269206471
178.9,0.18577835933886172
178.95000000000002,0.18500229876128954
179.0,0.1843275082974023
179.05,0.1842785045795354
179.10000000000002,0.1847400549435761
179.15,0.1852861119617391
179.20000000000002,0.18531160235418181
179.25,0.18457164508764803
179.3,0.1836932999598877
179.35000000000002,0.18340823093000636
179.4,0.1837574904098273
179.45000000000002,0.1843334891253779
179.5,0.1845253527662073
179.55,0.18389648445107742
179.60000000000002,0.1828695165749482
179.65,0.18231599666911324
179.70000000000002,0.1825029620279179
179.75,0.18307182542168238
179.8,0.18341460652375313
179.85000000000002,0.18295696869671196
179.9,0.18186194134567207
179.95000000000002,0.1810332526386348
180.0,0.18100217024617943
180.05,0.18151958178289918
180.10000000000002,0.18198412389380955
180.15,0.18173516395086278
180.20000000000002,0.18066591301433044
180.25,0.179589342968285
180.3,0.17928811770051672
180.35000000000002,0.1797007920284757
180.4,0.18024782349124502
180.45000000000002,0.1802197293338802
180.5,0.17926828877790207
180.55,0.17800642691731625
180.60000000000002,0.17739917812985573
180.65,0.1776455884094028
180.70000000000002,0.17822744815329572
180.75,0.17840909444733427
180.8,0.17765179722148883
180.85000000000002,0.1762958903902082
180.9,0.17537527163553673
180.95000000000002,0.17539062541043865
181.0,0.1759512933004634
181.05,0.17631266593243014
181.10000000000002,0.17580054766139186
181.15,0.17445738138638298
181.20000000000002,0.17325282279148757
181.25,0.1729785537361057
181.3,0.17345348957295958
181.35000000000002,0.1739502865456498
181.4,0.17370521855968316
181.45000000000002,0.17248085586035516
181.5,0.17105975648576432
181.55,0.1704558949979269
181.60000000000002,0.17077381911535933
181.65,0.17135066526900275
181.70000000000002,0.17136670324817235
181.75,0.17035112837036703
181.8,0.16881197311972115
181.85000000000002,0.167869215594741
181.9,0.1679575518624361
181.95000000000002,0.1685496265205599
182.0,0.16879761831793086
182.05,0.16805370042882517
182.10000000000002,0.16651243819383288
182.15,0.16526019854045784
182.20000000000002,0.1650545444996288
182.25,0.16558877840656405
182.3,0.16602181535890928
182.35000000000002,0.16558034064510474
182.4,0.16415330415642554
182.45000000000002,0.16266078767752137
182.5,0.1621169790287814
182.55,0.16251471083639665
182.60000000000002,0.16307260073105825
182.65,0.16293310095866928
182.70000000000002,0.16172059705215416
182.75,0.16008979141486396
182.8,0.15919560219895776
182.85000000000002,0.15937833379340682
182.9,0.15999056490823102
182.95000000000002,0.16012606714255667
183.0,0.15920025928673062
183.05,0.15755206367727903
183.10000000000002,0.156334985009209
183.15,0.15623368511271737
183.20000000000002,0.15682172329848248
183.25,0.15718490664454937
183.3,0.1565840005127388
183.35000000000002,0.15504069643368346
183.4,0.15356888810863584
183.45000000000002,0.15313561277108959
183.5,0.1536162007776418
183.55,0.1541449007550208
183.60000000000002,0.15387357704273283
183.65,0.15254178898622256
183.70000000000002,0.15091705183597026
183.75,0.15013615903882405
183.8,0.150427182239254
183.85000000000002,0.15104841212089662
183.9,0.15108271325603317
183.95000000000002,0.15004061026616095
184.0,0.14838449896001168
184.05,0.14728008489270808
184.10000000000002,0.1473095353028871
184.15,0.147942586392387
184.20000000000002,0.1482366590947204
184.25,0.14752760413236127
184.3,0.14596379146391367
184.35000000000002,0.14460052476978671
184.4,0.14431753391355295
184.45000000000002,0.1448776348732331
184.5,0.1453700501926705
184.55,0.1450028210966009
184.60000000000002,0.14363983636137345
184.65,0.1421160112873681
184.70000000000002,0.14150147509883956
184.75,0.1419055217787164
184.8,0.1425240648668486
184.85000000000002,0.1424779291041801
184.9,0.14139608680898805
184.95000000000002,0.13982991919634635
185.0,0.13890354458717133
185.05,0.13907852639621526
185.10000000000002,0.13974376954884762
185.15,0.13997574035495292
185.20000000000002,0.13922059957185595
185.25,0.1377327741085101
185.3,0.13655381979908007
185.35000000000002,0.13644712176499052
185.4,0.1370761101269569
185.45000000000002,0.13752790069263515
185.5,0.13711051561201112
185.55,0.13580705200886511
185.60000000000002,0.13446756352382813
185.65,0.13405691980226547
185.70000000000002,0.13456846643394835
185.75,0.13517177273519287
185.8,0.13507407611582334
185.85000000000002,0.13403335211944425
185.9,0.13264481321777474
185.95000000000002,0.13194495192552375
186.0,0.1322672915605727
186.05,0.13294749291564792
186.10000000000002,0.13313006708497876
186.15,0.13239642474550187
186.20000000000002,0.13107271631310644
186.25,0.13013606750468049
186.3,0.13021627439884081
186.35000000000002,0.1308957692044871
186.4,0.13130532197709283
186.45000000000002,0.13088961652093184
186.5,0.12973027629752837
186.55,0.12864051299843157
186.60000000000002,0.12845371938131156
186.65,0.12905642720919008
186.70000000000002,0.12963134622596242
186.75,0.12951681809746035
186.8,0.12859443831093828
186.85000000000002,0.12745365049842033
186.9,0.12700931654009026
186.95000000000002,0.12746726749008608
187.0,0.128141128752849
187.05,0.1282917741625943
187.10000000000002,0.1276460257290883
187.15,0.12655827522848828
187.20000000000002,0.12590097342445675
187.25,0.12616265172581645
187.3,0.12686681748333092
187.35000000000002,0.12723537113981653
187.4,0.12687409189533816
187.45000000000002,0.12592924785375137
187.5,0.12513267899718195
187.55,0.125171435761748
187.60000000000002,0.1258383590331706
187.65,0.12637199701254298
187.70000000000002,0.12627774961449129
187.75,0.12553943184442057
187.8,0.12469431375661275
187.85000000000002,0.1245143108196311
187.9,0.12508270196172094
187.95000000000002,0.12572612037173472
188.0,0.1258653082295682
188.05,0.12536548914940274
188.10000000000002,0.12456388265788944
188.15,0.124201105203267
188.20000000000002,0.12462294599224066
188.25,0.12531987822053428
188.3,0.12565131970053453
188.35000000000002,0.12539210480774815
188.4,0.12471195312301721
188.45000000000002,0.12422892181042094
188.5,0.12447695652885994
188.55,0.12517187231502927
188.60000000000002,0.12565265519198893
188.65,0.1256136789689817
188.70000000000002,0.12510737030158048
188.75,0.12458198516746624
188.8,0.12465537127365066
188.85000000000002,0.12529681411107155
188.9,0.12588483847006143
188.95000000000002,0.12603328017849763
189.0,0.12572286195323099
189.05,0.12523370223026437
189.10000000000002,0.1251594161538822
189.15,0.12570535796978435
189.20000000000002,0.126359541573702
189.25,0.12665944049067746
189.3,0.12653911737554435
189.35000000000002,0.12615080385390653
189.4,0.12597930611303765
189.45000000000002,0.12640352302998803
189.5,0.1270835526792376
189.55,0.12750193364208412
189.60000000000002,0.1275463501062971
189.65,0.1272987447051775
189.70000000000002,0.1270940681797682
189.75,0.12739146944158064
189.8,0.128058908861017
189.85000000000002,0.12856783705380243
189.9,0.1287430893523183
189.95000000000002,0.12864705546180386
190.0,0.12847333075095901
190.05,0.12866188809405882
190.10000000000002,0.12928349406168377
190.15,0.1298589007342622
190.20000000000002,0.13013274458700327
190.25,0.13017325821599604
190.3,0.1300810500820074
190.35000000000002,0.1301986676758658
190.4,0.1307513723229951
190.45000000000002,0.13137065454403002
190.5,0.13171909053628134
190.55,0.13186432359725275
190.60000000000002,0.13188048230549118
190.65,0.13197664103872736
190.70000000000002,0.13245243594904532
190.75,0.13309301694535608
190.8,0.13350203768476007
190.85000000000002,0.1337153504648655
190.9,0.13383920246394082
190.95000000000002,0.13396300579470735
191.0,0.13437144237752524
191.05,0.13501168110841738
191.10000000000002,0.13547482681838963
191.15,0.13572595415604588
191.20000000000002,0.1359328267009329
191.25,0.1361205127898791
191.3,0.13648697184508737
191.35000000000002,0.13710941949158273
191.4,0.13762320951495272
191.45000000000002,0.13789549470892698
191.5,0.13814638847951707
191.55,0.13841188631287163
191.60000000000002,0.13877106590145516
191.65,0.1393666852933822
191.70000000000002,0.1399264678178393
191.75,0.14021855807337807
191.8,0.14047297202627074
191.85000000000002,0.1408044127268147
191.9,0.14119019961828877
191.95000000000002,0.14176137230901226
192.0,0.1423595480347217
192.05,0.14268193546814498
192.10000000000002,0.14291000585440117
192.15,0.14327342205838772
192.20000000000002,0.14370781994571355
192.25,0.14426810776070964
192.3,0.14489533663915116
192.35000000000002,0.14526379704157627
192.4,0.14545430384403613
192.45000000000002,0.14580359619631467
192.5,0.14628809247340627
192.55,0.14685778090463017
192.60000000000002,0.14750625431439007
192.65,0.1479350204671876
192.70000000000002,0.1480972904046181
192.75,0.148387622311159
192.8,0.14889995481231433
192.85000000000002,0.14949801719414602
192.9,0.15016479902464708
192.95000000000002,0.15066197565589345
193.0,0.15082174617816768
193.05,0.1510224879394701
193.10000000000002,0.1515202948376298
193.15,0.1521549803341193
193.20000000000002,0.15284322827252808
193.25,0.15340970744559704
193.3,0.15360090118185724
193.35000000000002,0.1537044304919784
193.4,0.15413518668834741
193.45000000000002,0.1547963414214343
193.5,0.15551300357322764
193.55,0.15614450474060793
193.60000000000002,0.1563999553443703
193.65,0.15642397050974224
193.70000000000002,0.15673861912306988
193.75,0.15739469830328218
193.8,0.15814475319210353
193.85000000000002,0.15883525206951546
193.9,0.1591793790431501
193.95000000000002,0.15916243469408234
194.0,0.1593288894345393
194.05,0.15993038138841306
194.10000000000002,0.1607092881904159
194.15,0.16145354929262845
194.20000000000002,0.16189888207509362
194.25,0.16189091549692303
194.3,0.16190357079807605
194.35000000000002,0.16239259832168937
194.4,0.16317972013168597
194.45000000000002,0.16397311632133535
194.5,0.1645208805110943
194.55,0.1645718711133758
194.60000000000002,0.16445444177609547
194.65,0.16477827600649922
194.70000000000002,0.16553416717677336
194.75,0.16636926534985796
194.8,0.16701263466044738
194.85000000000002,0.16716279045655463
194.9,0.16696382524052833
194.95000000000002,0.16708864093399742
195.0,0.1677581244007025
195.05,0.16861912126018327
195.10000000000002,0.1693468308862868
195.15,0.1696207904181707
195.20000000000002,0.1694033874815765
195.25,0.16932431534067593
195.3,0.1698454906292915
195.35000000000002,0.17070285241577554
195.4,0.1715009950127031
195.45000000000002,0.17190685180237547
195.5,0.17173572281242433
195.55,0.17148024466580591
195.60000000000002,0.17179754750342396
195.65,0.1726056143512314
195.70000000000002,0.17345652086041996
195.75,0.17398867107490223
195.8,0.17391823392699274
195.85000000000002,0.17354191276445288
195.9,0.17361979842008277
195.95000000000002,0.17431943857744533
196.0,0.17519812330856482
196.05,0.1758416938346066
196.10000000000002,0.17590818243573442
196.15,0.1754839782896593
196.20000000000002,0.1753172975740841
196.25,0.17584411696981028
196.3,0.17671418698635827
196.35000000000002,0.17744857535474753
196.4,0.17766753034460564
196.45000000000002,0.1772717711167051
196.5,0.17688968133600386
196.55,0.17718633064406497
196.60000000000002,0.17799793353051535
196.65,0.1787978264342111
196.70000000000002,0.1791663892423461
196.75,0.17886525248907129
196.8,0.17832733452164654
196.85000000000002,0.17835680431106737
196.9,0.17904880724240665
196.95000000000002,0.1798825576930799
197.0,0.18038445726966035
197.05,0.18022434396895176
197.10000000000002,0.17960988111109102
197.15,0.17936596010699088
197.20000000000002,0.17987320298049908
197.25,0.18069998763898265
197.3,0.18131054437373723
197.35000000000002,0.18131419470854118
197.4,0.18070754071431178
197.45000000000002,0.18021915531910587
197.5,0.18048375399114763
197.55,0.18125185497291485
197.60000000000002,0.18194089782707884
197.65,0.18210908185026609
197.70000000000002,0.18158505186414897
197.75,0.1809128814387882
197.8,0.180896844712221
197.85000000000002,0.18154530790650591
197.9,0.1822773161299074
197.95000000000002,0.18259416850904409
198.0,0.1822071158434875
198.05,0.18143314168947305
198.10000000000002,0.18112866573364145
198.15,0.1815934779993942
198.20000000000002,0.18232588869488733
198.25,0.18276508548854667
198.3,0.18254390900220374
198.35000000000002,0.1817566349885682
198.4,0.18119075144378682
198.45000000000002,0.1814149382057511
198.5,0.18209670713243287
198.55,0.18262599013857048
198.60000000000002,0.18257527317719768
198.65,0.18185454543784568
198.70000000000002,0.18108629483442573
198.75,0.18103160700820048
198.8,0.18160429317363602
198.85000000000002,0.18218713778345477
198.9,0.18229268732895848
198.95000000000002,0.1816979543413502
199.0,0.1808084557100234
199.05,0.1804652638752024
199.10000000000002,0.18086804055254987
199.15,0.18146294669672108
199.20000000000002,0.18169887249944924
199.25,0.18126342659076367
199.3,0.18034135767486112
199.35000000000002,0.17973346643360585
199.4,0.17991186195294898
199.45000000000002,0.1804710891721223
199.5,0.18080562221278756
199.55,0.18053732879058215
199.60000000000002,0.17966366660784167
199.65,0.17884605970628306
199.70000000000002,0.17876251103861085
199.75,0.17923251863932413
199.8,0.17963091877917364
199.85000000000002,0.17951789445590113
199.9,0.1787538439714314
199.95000000000002,0.17780346576651285
200.0,0.1774466023569428
